Handle,Title,Body (HTML),Vendor,Type,Tags,SEO Title,SEO Description
mens-wedding-band-1,Carved Checkerboard Wedding Band in 14K Gold,"<p>The Carved Checkerboard Wedding Band is a 5mm men's wedding band in 14K or 18K yellow, white, or rose gold, from $1,500. A crisp checkerboard motif is carved across the center of this band, each tiny square catching light at a slightly different angle so the surface shifts as the hand moves. Bright polished rails frame the pattern and keep the look tailored rather than busy.</p><h3>Specifications</h3><table><tr><td style=""padding:6px 16px 6px 0""><strong>Band Width</strong></td><td style=""padding:6px 0"">5mm (custom widths by request)</td></tr><tr><td style=""padding:6px 16px 6px 0""><strong>Pattern</strong></td><td style=""padding:6px 0"">Carved Checkerboard</td></tr><tr><td style=""padding:6px 16px 6px 0""><strong>Finish</strong></td><td style=""padding:6px 0"">Carved center, polished edges</td></tr><tr><td style=""padding:6px 16px 6px 0""><strong>Metal Type</strong></td><td style=""padding:6px 0"">14K or 18K yellow, white, or rose gold</td></tr><tr><td style=""padding:6px 16px 6px 0""><strong>Ring Sizes</strong></td><td style=""padding:6px 0"">8.5 to 13</td></tr></table><h3>Choose your metal color</h3><p>Made to order in <strong>14K or 18K yellow, white, or rose gold</strong>. The photograph shows one metal color; every style is cut in all of them. Choose your color at checkout, or message us and we will send a rendering in your color before we cut.</p><h3>14K or 18K: which should you choose?</h3><p>14K gold is 58.3% pure and alloyed with harder metals, which makes it more scratch resistant and the better choice for anyone who works with their hands. 18K is 75% pure, noticeably warmer and deeper in color, and heavier on the finger. It is softer, so it marks more readily over time. On a carved band the extra depth of color in 18K makes the pattern read with more contrast. Both are made to the same tolerances here; the difference is character and durability, not quality.</p>",Laura Milman New York,Rings,"mens wedding band,carved wedding band,checkerboard ring,patterned wedding band,14k gold band,Yellow Gold,Rose Gold,Mens Wedding Bands",Carved Checkerboard Wedding Band | 14K & 18K Gold,"Hand-finished checkerboard wedding band in 14K or 18K gold. 5mm, made to order in yellow, white, or rose gold. Custom widths available."
mens-wedding-band-1-copy,Carved Block Panel Wedding Band in 14K Gold,"<p>The Carved Block Panel Wedding Band is a 5mm men's wedding band in 14K or 18K yellow, white, or rose gold, from $1,500. Deep-cut rectangular panels run the full circumference of this band, each block set slightly proud of the surface for a strong architectural rhythm. It reads modern and substantial without any stone or shine.</p><h3>Specifications</h3><table><tr><td style=""padding:6px 16px 6px 0""><strong>Band Width</strong></td><td style=""padding:6px 0"">5mm (custom widths by request)</td></tr><tr><td style=""padding:6px 16px 6px 0""><strong>Pattern</strong></td><td style=""padding:6px 0"">Carved Block Panel</td></tr><tr><td style=""padding:6px 16px 6px 0""><strong>Finish</strong></td><td style=""padding:6px 0"">Carved relief panels</td></tr><tr><td style=""padding:6px 16px 6px 0""><strong>Metal Type</strong></td><td style=""padding:6px 0"">14K or 18K yellow, white, or rose gold</td></tr><tr><td style=""padding:6px 16px 6px 0""><strong>Ring Sizes</strong></td><td style=""padding:6px 0"">8.5 to 13</td></tr></table><h3>Choose your metal color</h3><p>Made to order in <strong>14K or 18K yellow, white, or rose gold</strong>. The photograph shows one metal color; every style is cut in all of them. Choose your color at checkout, or message us and we will send a rendering in your color before we cut.</p><h3>14K or 18K: which should you choose?</h3><p>14K gold is 58.3% pure and alloyed with harder metals, which makes it more scratch resistant and the better choice for anyone who works with their hands. 18K is 75% pure, noticeably warmer and deeper in color, and heavier on the finger. It is softer, so it marks more readily over time. On a carved band the extra depth of color in 18K makes the pattern read with more contrast. Both are made to the same tolerances here; the difference is character and durability, not quality.</p>",Laura Milman New York,Rings,"mens wedding band,carved wedding band,geometric wedding band,modern mens ring,14k gold band,Yellow Gold,Rose Gold,Mens Wedding Bands",Carved Block Panel Wedding Band | 14K & 18K Gold,"Architectural block-panel wedding band in 14K or 18K gold. 5mm, made to order in yellow, white, or rose gold. Custom widths available."
mens-wedding-band-3,Carved Emblem Wedding Band in 14K Gold,"<p>The Carved Emblem Wedding Band is a 5mm men's wedding band in 14K or 18K yellow, white, or rose gold, from $1,500. A single raised emblem sits inside a carved rectangular frame at the center of this band, with the remaining surface left high polished so the motif is the only thing that draws the eye. A quiet way to carry a symbol that matters.</p><h3>Specifications</h3><table><tr><td style=""padding:6px 16px 6px 0""><strong>Band Width</strong></td><td style=""padding:6px 0"">5mm (custom widths by request)</td></tr><tr><td style=""padding:6px 16px 6px 0""><strong>Pattern</strong></td><td style=""padding:6px 0"">Carved Emblem</td></tr><tr><td style=""padding:6px 16px 6px 0""><strong>Finish</strong></td><td style=""padding:6px 0"">Carved emblem, polished body</td></tr><tr><td style=""padding:6px 16px 6px 0""><strong>Metal Type</strong></td><td style=""padding:6px 0"">14K or 18K yellow, white, or rose gold</td></tr><tr><td style=""padding:6px 16px 6px 0""><strong>Ring Sizes</strong></td><td style=""padding:6px 0"">8.5 to 13</td></tr></table><h3>Choose your metal color</h3><p>Made to order in <strong>14K or 18K yellow, white, or rose gold</strong>. The photograph shows one metal color; every style is cut in all of them. Choose your color at checkout, or message us and we will send a rendering in your color before we cut.</p><h3>14K or 18K: which should you choose?</h3><p>14K gold is 58.3% pure and alloyed with harder metals, which makes it more scratch resistant and the better choice for anyone who works with their hands. 18K is 75% pure, noticeably warmer and deeper in color, and heavier on the finger. It is softer, so it marks more readily over time. On a carved band the extra depth of color in 18K makes the pattern read with more contrast. Both are made to the same tolerances here; the difference is character and durability, not quality.</p>",Laura Milman New York,Rings,"mens wedding band,carved wedding band,symbol ring,emblem wedding band,14k gold band,Yellow Gold,Rose Gold,Mens Wedding Bands",Carved Emblem Wedding Band | 14K & 18K Gold,"Symbol wedding band with a carved center emblem in 14K or 18K gold. Made to order in yellow, white, or rose gold. Custom motifs available."
mens-wedding-band-4,Greek Key Wedding Band in 14K Gold,"<p>The Greek Key Wedding Band is a 5mm men's wedding band in 14K or 18K yellow, white, or rose gold, from $1,500. The Greek key, or meander, has been a symbol of unity and the unbroken line for close to three thousand years. Here it is carved cleanly along the center of the band and bordered by polished edges, so the geometry stays sharp and legible.</p><h3>Specifications</h3><table><tr><td style=""padding:6px 16px 6px 0""><strong>Band Width</strong></td><td style=""padding:6px 0"">5mm (custom widths by request)</td></tr><tr><td style=""padding:6px 16px 6px 0""><strong>Pattern</strong></td><td style=""padding:6px 0"">Greek Key</td></tr><tr><td style=""padding:6px 16px 6px 0""><strong>Finish</strong></td><td style=""padding:6px 0"">Carved meander, polished edges</td></tr><tr><td style=""padding:6px 16px 6px 0""><strong>Metal Type</strong></td><td style=""padding:6px 0"">14K or 18K yellow, white, or rose gold</td></tr><tr><td style=""padding:6px 16px 6px 0""><strong>Ring Sizes</strong></td><td style=""padding:6px 0"">8.5 to 13</td></tr></table><h3>Choose your metal color</h3><p>Made to order in <strong>14K or 18K yellow, white, or rose gold</strong>. The photograph shows one metal color; every style is cut in all of them. Choose your color at checkout, or message us and we will send a rendering in your color before we cut.</p><h3>14K or 18K: which should you choose?</h3><p>14K gold is 58.3% pure and alloyed with harder metals, which makes it more scratch resistant and the better choice for anyone who works with their hands. 18K is 75% pure, noticeably warmer and deeper in color, and heavier on the finger. It is softer, so it marks more readily over time. On a carved band the extra depth of color in 18K makes the pattern read with more contrast. Both are made to the same tolerances here; the difference is character and durability, not quality.</p>",Laura Milman New York,Rings,"greek key wedding band,mens wedding band,meander ring,carved wedding band,14k gold band,Yellow Gold,Rose Gold,Mens Wedding Bands",Greek Key Wedding Band for Men | 14K & 18K Gold,"Carved Greek key meander wedding band in 14K or 18K gold. 5mm, made to order in yellow, white, or rose gold. Custom widths available."
mens-wedding-band-5,Hebrew Lettering Wedding Band in 14K Gold,"<p>The Hebrew Lettering Wedding Band is a 5mm men's wedding band in 14K or 18K yellow, white, or rose gold, from $1,500. Hebrew script is carved in relief around this band, raised from a satin ground and framed by polished edges. We cut the lettering to your chosen verse or phrase, so no two rings come out identical.</p><h3>Specifications</h3><table><tr><td style=""padding:6px 16px 6px 0""><strong>Band Width</strong></td><td style=""padding:6px 0"">5mm (custom widths by request)</td></tr><tr><td style=""padding:6px 16px 6px 0""><strong>Pattern</strong></td><td style=""padding:6px 0"">Hebrew</td></tr><tr><td style=""padding:6px 16px 6px 0""><strong>Finish</strong></td><td style=""padding:6px 0"">Carved relief lettering</td></tr><tr><td style=""padding:6px 16px 6px 0""><strong>Metal Type</strong></td><td style=""padding:6px 0"">14K or 18K yellow, white, or rose gold</td></tr><tr><td style=""padding:6px 16px 6px 0""><strong>Ring Sizes</strong></td><td style=""padding:6px 0"">8.5 to 13</td></tr></table><h3>Choose your metal color</h3><p>Made to order in <strong>14K or 18K yellow, white, or rose gold</strong>. The photograph shows one metal color; every style is cut in all of them. Choose your color at checkout, or message us and we will send a rendering in your color before we cut.</p><h3>14K or 18K: which should you choose?</h3><p>14K gold is 58.3% pure and alloyed with harder metals, which makes it more scratch resistant and the better choice for anyone who works with their hands. 18K is 75% pure, noticeably warmer and deeper in color, and heavier on the finger. It is softer, so it marks more readily over time. On a carved band the extra depth of color in 18K makes the pattern read with more contrast. Both are made to the same tolerances here; the difference is character and durability, not quality.</p>",Laura Milman New York,Rings,"hebrew wedding band,jewish wedding band,mens wedding band,custom wedding band,14k gold band,Yellow Gold,Rose Gold,Mens Wedding Bands",Hebrew Wedding Band for Men | 14K & 18K Gold,"Custom Hebrew lettering wedding band in 14K or 18K gold. Your verse carved to order in yellow, white, or rose gold."
mens-wedding-band-6,Celtic Trinity Knot Wedding Band in 14K Gold,"<p>The Celtic Trinity Knot Wedding Band is a 5mm men's wedding band in 14K or 18K yellow, white, or rose gold, from $1,500. Interlaced triquetra knots run continuously around this band, the strands passing over and under one another so the pattern never begins or ends. Carved in relief and framed by polished rails.</p><h3>Specifications</h3><table><tr><td style=""padding:6px 16px 6px 0""><strong>Band Width</strong></td><td style=""padding:6px 0"">5mm (custom widths by request)</td></tr><tr><td style=""padding:6px 16px 6px 0""><strong>Pattern</strong></td><td style=""padding:6px 0"">Celtic Trinity Knot</td></tr><tr><td style=""padding:6px 16px 6px 0""><strong>Finish</strong></td><td style=""padding:6px 0"">Carved knotwork, polished edges</td></tr><tr><td style=""padding:6px 16px 6px 0""><strong>Metal Type</strong></td><td style=""padding:6px 0"">14K or 18K yellow, white, or rose gold</td></tr><tr><td style=""padding:6px 16px 6px 0""><strong>Ring Sizes</strong></td><td style=""padding:6px 0"">8.5 to 13</td></tr></table><h3>Choose your metal color</h3><p>Made to order in <strong>14K or 18K yellow, white, or rose gold</strong>. The photograph shows one metal color; every style is cut in all of them. Choose your color at checkout, or message us and we will send a rendering in your color before we cut.</p><h3>14K or 18K: which should you choose?</h3><p>14K gold is 58.3% pure and alloyed with harder metals, which makes it more scratch resistant and the better choice for anyone who works with their hands. 18K is 75% pure, noticeably warmer and deeper in color, and heavier on the finger. It is softer, so it marks more readily over time. On a carved band the extra depth of color in 18K makes the pattern read with more contrast. Both are made to the same tolerances here; the difference is character and durability, not quality.</p>",Laura Milman New York,Rings,"celtic wedding band,trinity knot ring,mens wedding band,irish wedding band,14k gold band,Yellow Gold,Rose Gold,Mens Wedding Bands",Celtic Trinity Knot Wedding Band | 14K & 18K Gold,"Carved Celtic trinity knot wedding band in 14K or 18K gold. 5mm, made to order in yellow, white, or rose gold."
custom-name-mens-wedding-band,Custom Name Wedding Band in 14K Gold,"<p>The Custom Name Wedding Band is a 5mm men's wedding band in 14K or 18K yellow, white, or rose gold, from $1,500. Your name, or the name of someone you carry with you, cut in raised serif capitals around the band. The letters are carved into the metal rather than engraved on the surface, so the depth holds up to daily wear for decades.</p><h3>Specifications</h3><table><tr><td style=""padding:6px 16px 6px 0""><strong>Band Width</strong></td><td style=""padding:6px 0"">5mm (custom widths by request)</td></tr><tr><td style=""padding:6px 16px 6px 0""><strong>Pattern</strong></td><td style=""padding:6px 0"">Custom Name</td></tr><tr><td style=""padding:6px 16px 6px 0""><strong>Finish</strong></td><td style=""padding:6px 0"">Carved relief lettering</td></tr><tr><td style=""padding:6px 16px 6px 0""><strong>Metal Type</strong></td><td style=""padding:6px 0"">14K or 18K yellow, white, or rose gold</td></tr><tr><td style=""padding:6px 16px 6px 0""><strong>Ring Sizes</strong></td><td style=""padding:6px 0"">8.5 to 13</td></tr></table><h3>Choose your metal color</h3><p>Made to order in <strong>14K or 18K yellow, white, or rose gold</strong>. The photograph shows one metal color; every style is cut in all of them. Choose your color at checkout, or message us and we will send a rendering in your color before we cut.</p><h3>14K or 18K: which should you choose?</h3><p>14K gold is 58.3% pure and alloyed with harder metals, which makes it more scratch resistant and the better choice for anyone who works with their hands. 18K is 75% pure, noticeably warmer and deeper in color, and heavier on the finger. It is softer, so it marks more readily over time. On a carved band the extra depth of color in 18K makes the pattern read with more contrast. Both are made to the same tolerances here; the difference is character and durability, not quality.</p>",Laura Milman New York,Rings,"custom name wedding band,personalized wedding band,mens wedding band,name ring,14k gold band,Yellow Gold,Rose Gold,Mens Wedding Bands",Custom Name Wedding Band for Men | 14K & 18K Gold,"Personalized name wedding band in 14K or 18K gold. Carved to order in yellow, white, or rose gold. Any name or word."
mens-wedding-band-8,Paw Print Wedding Band in 14K Gold,"<p>The Paw Print Wedding Band is a 5mm men's wedding band in 14K or 18K yellow, white, or rose gold, from $1,500. Paw prints are carved in a scattered, walking line across a satin center panel, framed by polished edges. Understated enough for everyday wear, and unmistakable to anyone who knows why it's there.</p><h3>Specifications</h3><table><tr><td style=""padding:6px 16px 6px 0""><strong>Band Width</strong></td><td style=""padding:6px 0"">5mm (custom widths by request)</td></tr><tr><td style=""padding:6px 16px 6px 0""><strong>Pattern</strong></td><td style=""padding:6px 0"">Paw Print</td></tr><tr><td style=""padding:6px 16px 6px 0""><strong>Finish</strong></td><td style=""padding:6px 0"">Carved motif on satin center</td></tr><tr><td style=""padding:6px 16px 6px 0""><strong>Metal Type</strong></td><td style=""padding:6px 0"">14K or 18K yellow, white, or rose gold</td></tr><tr><td style=""padding:6px 16px 6px 0""><strong>Ring Sizes</strong></td><td style=""padding:6px 0"">8.5 to 13</td></tr></table><h3>Choose your metal color</h3><p>Made to order in <strong>14K or 18K yellow, white, or rose gold</strong>. The photograph shows one metal color; every style is cut in all of them. Choose your color at checkout, or message us and we will send a rendering in your color before we cut.</p><h3>14K or 18K: which should you choose?</h3><p>14K gold is 58.3% pure and alloyed with harder metals, which makes it more scratch resistant and the better choice for anyone who works with their hands. 18K is 75% pure, noticeably warmer and deeper in color, and heavier on the finger. It is softer, so it marks more readily over time. On a carved band the extra depth of color in 18K makes the pattern read with more contrast. Both are made to the same tolerances here; the difference is character and durability, not quality.</p>",Laura Milman New York,Rings,"paw print ring,dog lover ring,mens wedding band,carved wedding band,14k gold band,Yellow Gold,Rose Gold,Mens Wedding Bands",Paw Print Wedding Band for Men | 14K & 18K Gold,"Carved paw print wedding band in 14K or 18K gold. 5mm, made to order in yellow, white, or rose gold."
mens-wedding-band-9,Carved Lattice Wedding Band in 14K Gold,"<p>The Carved Lattice Wedding Band is a 5mm men's wedding band in 14K or 18K yellow, white, or rose gold, from $1,500. An interlocking lattice of arcs and diamonds is carved across the full width of this band, deep enough to throw real shadow. The wide profile and continuous pattern make it one of the more substantial pieces in the collection.</p><h3>Specifications</h3><table><tr><td style=""padding:6px 16px 6px 0""><strong>Band Width</strong></td><td style=""padding:6px 0"">5mm (custom widths by request)</td></tr><tr><td style=""padding:6px 16px 6px 0""><strong>Pattern</strong></td><td style=""padding:6px 0"">Carved Lattice</td></tr><tr><td style=""padding:6px 16px 6px 0""><strong>Finish</strong></td><td style=""padding:6px 0"">Deep carved lattice</td></tr><tr><td style=""padding:6px 16px 6px 0""><strong>Metal Type</strong></td><td style=""padding:6px 0"">14K or 18K yellow, white, or rose gold</td></tr><tr><td style=""padding:6px 16px 6px 0""><strong>Ring Sizes</strong></td><td style=""padding:6px 0"">8.5 to 13</td></tr></table><h3>Choose your metal color</h3><p>Made to order in <strong>14K or 18K yellow, white, or rose gold</strong>. The photograph shows one metal color; every style is cut in all of them. Choose your color at checkout, or message us and we will send a rendering in your color before we cut.</p><h3>14K or 18K: which should you choose?</h3><p>14K gold is 58.3% pure and alloyed with harder metals, which makes it more scratch resistant and the better choice for anyone who works with their hands. 18K is 75% pure, noticeably warmer and deeper in color, and heavier on the finger. It is softer, so it marks more readily over time. On a carved band the extra depth of color in 18K makes the pattern read with more contrast. Both are made to the same tolerances here; the difference is character and durability, not quality.</p>",Laura Milman New York,Rings,"mens wedding band,carved wedding band,wide wedding band,geometric ring,14k gold band,Yellow Gold,Rose Gold,Mens Wedding Bands",Carved Lattice Wedding Band for Men | 14K & 18K Gold,"Wide carved lattice wedding band in 14K or 18K gold. Made to order in yellow, white, or rose gold. Custom widths available."
mens-wedding-band-10,Celtic Braid Wedding Band in 14K Gold,"<p>The Celtic Braid Wedding Band is a 5mm men's wedding band in 14K or 18K yellow, white, or rose gold, from $1,500. A tight three-strand Celtic braid runs the circumference of this band, carved in relief and set into a recessed channel so the polished edges sit slightly proud and protect the pattern from wear.</p><h3>Specifications</h3><table><tr><td style=""padding:6px 16px 6px 0""><strong>Band Width</strong></td><td style=""padding:6px 0"">5mm (custom widths by request)</td></tr><tr><td style=""padding:6px 16px 6px 0""><strong>Pattern</strong></td><td style=""padding:6px 0"">Celtic Braid</td></tr><tr><td style=""padding:6px 16px 6px 0""><strong>Finish</strong></td><td style=""padding:6px 0"">Carved braid in recessed channel</td></tr><tr><td style=""padding:6px 16px 6px 0""><strong>Metal Type</strong></td><td style=""padding:6px 0"">14K or 18K yellow, white, or rose gold</td></tr><tr><td style=""padding:6px 16px 6px 0""><strong>Ring Sizes</strong></td><td style=""padding:6px 0"">8.5 to 13</td></tr></table><h3>Choose your metal color</h3><p>Made to order in <strong>14K or 18K yellow, white, or rose gold</strong>. The photograph shows one metal color; every style is cut in all of them. Choose your color at checkout, or message us and we will send a rendering in your color before we cut.</p><h3>14K or 18K: which should you choose?</h3><p>14K gold is 58.3% pure and alloyed with harder metals, which makes it more scratch resistant and the better choice for anyone who works with their hands. 18K is 75% pure, noticeably warmer and deeper in color, and heavier on the finger. It is softer, so it marks more readily over time. On a carved band the extra depth of color in 18K makes the pattern read with more contrast. Both are made to the same tolerances here; the difference is character and durability, not quality.</p>",Laura Milman New York,Rings,"celtic wedding band,celtic braid ring,mens wedding band,irish wedding band,14k gold band,Yellow Gold,Rose Gold,Mens Wedding Bands",Celtic Braid Wedding Band for Men | 14K & 18K Gold,"Carved Celtic braid wedding band in 14K or 18K gold. 5mm, made to order in yellow, white, or rose gold."
mens-wedding-band-11,"Custom Name Wedding Band in 14K Gold, Serif Capitals","<p>The Custom Name Wedding Band is a 5mm men's wedding band in 14K or 18K yellow, white, or rose gold, from $1,500. Raised serif capitals carry a single name around the full circumference of the band. Cut deep into the metal, with a polished ground behind the letters so the name reads clearly from across a room.</p><h3>Specifications</h3><table><tr><td style=""padding:6px 16px 6px 0""><strong>Band Width</strong></td><td style=""padding:6px 0"">5mm (custom widths by request)</td></tr><tr><td style=""padding:6px 16px 6px 0""><strong>Pattern</strong></td><td style=""padding:6px 0"">Custom Name</td></tr><tr><td style=""padding:6px 16px 6px 0""><strong>Finish</strong></td><td style=""padding:6px 0"">Carved relief lettering</td></tr><tr><td style=""padding:6px 16px 6px 0""><strong>Metal Type</strong></td><td style=""padding:6px 0"">14K or 18K yellow, white, or rose gold</td></tr><tr><td style=""padding:6px 16px 6px 0""><strong>Ring Sizes</strong></td><td style=""padding:6px 0"">8.5 to 13</td></tr></table><h3>Choose your metal color</h3><p>Made to order in <strong>14K or 18K yellow, white, or rose gold</strong>. The photograph shows one metal color; every style is cut in all of them. Choose your color at checkout, or message us and we will send a rendering in your color before we cut.</p><h3>14K or 18K: which should you choose?</h3><p>14K gold is 58.3% pure and alloyed with harder metals, which makes it more scratch resistant and the better choice for anyone who works with their hands. 18K is 75% pure, noticeably warmer and deeper in color, and heavier on the finger. It is softer, so it marks more readily over time. On a carved band the extra depth of color in 18K makes the pattern read with more contrast. Both are made to the same tolerances here; the difference is character and durability, not quality.</p>",Laura Milman New York,Rings,"custom name wedding band,personalized wedding band,mens wedding band,name ring,14k gold band,Yellow Gold,Rose Gold,Mens Wedding Bands",Custom Name Wedding Band | Serif Capitals in 14K Gold,"Personalized name wedding band in 14K or 18K gold, carved in serif capitals. Made to order in yellow, white, or rose gold."
mens-wedding-band-13,Celtic Heart Knot Wedding Band in 14K Gold,"<p>The Celtic Heart Knot Wedding Band is a 5mm men's wedding band in 14K or 18K yellow, white, or rose gold, from $1,500. Looping heart knots are carved end to end around this band, each one flowing into the next without a break. A traditional Celtic motif for a bond that has no start and no finish.</p><h3>Specifications</h3><table><tr><td style=""padding:6px 16px 6px 0""><strong>Band Width</strong></td><td style=""padding:6px 0"">5mm (custom widths by request)</td></tr><tr><td style=""padding:6px 16px 6px 0""><strong>Pattern</strong></td><td style=""padding:6px 0"">Celtic Heart Knot</td></tr><tr><td style=""padding:6px 16px 6px 0""><strong>Finish</strong></td><td style=""padding:6px 0"">Carved knotwork, polished edges</td></tr><tr><td style=""padding:6px 16px 6px 0""><strong>Metal Type</strong></td><td style=""padding:6px 0"">14K or 18K yellow, white, or rose gold</td></tr><tr><td style=""padding:6px 16px 6px 0""><strong>Ring Sizes</strong></td><td style=""padding:6px 0"">8.5 to 13</td></tr></table><h3>Choose your metal color</h3><p>Made to order in <strong>14K or 18K yellow, white, or rose gold</strong>. The photograph shows one metal color; every style is cut in all of them. Choose your color at checkout, or message us and we will send a rendering in your color before we cut.</p><h3>14K or 18K: which should you choose?</h3><p>14K gold is 58.3% pure and alloyed with harder metals, which makes it more scratch resistant and the better choice for anyone who works with their hands. 18K is 75% pure, noticeably warmer and deeper in color, and heavier on the finger. It is softer, so it marks more readily over time. On a carved band the extra depth of color in 18K makes the pattern read with more contrast. Both are made to the same tolerances here; the difference is character and durability, not quality.</p>",Laura Milman New York,Rings,"celtic wedding band,celtic heart knot,mens wedding band,irish wedding band,14k gold band,Yellow Gold,Rose Gold,Mens Wedding Bands",Celtic Heart Knot Wedding Band | 14K & 18K Gold,"Carved Celtic heart knot wedding band in 14K or 18K gold. 5mm, made to order in yellow, white, or rose gold."
mens-wedding-band-14,Celtic Infinity Knot Wedding Band in 14K Gold,"<p>The Celtic Infinity Knot Wedding Band is a 5mm men's wedding band in 14K or 18K yellow, white, or rose gold, from $1,500. A continuous infinity knot is carved into a recessed center channel, the strands weaving under and over each other around the whole band. Polished rails on either side keep the edge crisp.</p><h3>Specifications</h3><table><tr><td style=""padding:6px 16px 6px 0""><strong>Band Width</strong></td><td style=""padding:6px 0"">5mm (custom widths by request)</td></tr><tr><td style=""padding:6px 16px 6px 0""><strong>Pattern</strong></td><td style=""padding:6px 0"">Celtic Infinity Knot</td></tr><tr><td style=""padding:6px 16px 6px 0""><strong>Finish</strong></td><td style=""padding:6px 0"">Carved knotwork in recessed channel</td></tr><tr><td style=""padding:6px 16px 6px 0""><strong>Metal Type</strong></td><td style=""padding:6px 0"">14K or 18K yellow, white, or rose gold</td></tr><tr><td style=""padding:6px 16px 6px 0""><strong>Ring Sizes</strong></td><td style=""padding:6px 0"">8.5 to 13</td></tr></table><h3>Choose your metal color</h3><p>Made to order in <strong>14K or 18K yellow, white, or rose gold</strong>. The photograph shows one metal color; every style is cut in all of them. Choose your color at checkout, or message us and we will send a rendering in your color before we cut.</p><h3>14K or 18K: which should you choose?</h3><p>14K gold is 58.3% pure and alloyed with harder metals, which makes it more scratch resistant and the better choice for anyone who works with their hands. 18K is 75% pure, noticeably warmer and deeper in color, and heavier on the finger. It is softer, so it marks more readily over time. On a carved band the extra depth of color in 18K makes the pattern read with more contrast. Both are made to the same tolerances here; the difference is character and durability, not quality.</p>",Laura Milman New York,Rings,"celtic wedding band,infinity knot ring,mens wedding band,irish wedding band,14k gold band,Yellow Gold,Rose Gold,Mens Wedding Bands",Celtic Infinity Knot Wedding Band | 14K & 18K Gold,"Carved Celtic infinity knot wedding band in 14K or 18K gold. Made to order in yellow, white, or rose gold."
custom-name-mens-wedding-band-3,"Custom Name Wedding Band in 14K Gold, Wide Profile","<p>The Custom Name Wedding Band is a 5mm men's wedding band in 14K or 18K yellow, white, or rose gold, from $1,500. A wider band built to carry a longer name. The letters are carved in raised serif capitals with generous spacing, so even a full name stays legible rather than crowded.</p><h3>Specifications</h3><table><tr><td style=""padding:6px 16px 6px 0""><strong>Band Width</strong></td><td style=""padding:6px 0"">5mm (custom widths by request)</td></tr><tr><td style=""padding:6px 16px 6px 0""><strong>Pattern</strong></td><td style=""padding:6px 0"">Custom Name</td></tr><tr><td style=""padding:6px 16px 6px 0""><strong>Finish</strong></td><td style=""padding:6px 0"">Carved relief lettering, wide profile</td></tr><tr><td style=""padding:6px 16px 6px 0""><strong>Metal Type</strong></td><td style=""padding:6px 0"">14K or 18K yellow, white, or rose gold</td></tr><tr><td style=""padding:6px 16px 6px 0""><strong>Ring Sizes</strong></td><td style=""padding:6px 0"">8.5 to 13</td></tr></table><h3>Choose your metal color</h3><p>Made to order in <strong>14K or 18K yellow, white, or rose gold</strong>. The photograph shows one metal color; every style is cut in all of them. Choose your color at checkout, or message us and we will send a rendering in your color before we cut.</p><h3>14K or 18K: which should you choose?</h3><p>14K gold is 58.3% pure and alloyed with harder metals, which makes it more scratch resistant and the better choice for anyone who works with their hands. 18K is 75% pure, noticeably warmer and deeper in color, and heavier on the finger. It is softer, so it marks more readily over time. On a carved band the extra depth of color in 18K makes the pattern read with more contrast. Both are made to the same tolerances here; the difference is character and durability, not quality.</p>",Laura Milman New York,Rings,"custom name wedding band,personalized wedding band,wide wedding band,mens wedding band,14k gold band,Yellow Gold,Rose Gold,Mens Wedding Bands",Custom Name Wedding Band | Wide 14K & 18K Gold,"Wide personalized name wedding band in 14K or 18K gold. Carved to order in yellow, white, or rose gold."
mens-wedding-band-15,Carved Chain Link Wedding Band in 14K Gold,"<p>The Carved Chain Link Wedding Band is a 5mm men's wedding band in 14K or 18K yellow, white, or rose gold, from $1,500. Interlocking oval links are carved around the center of this band, forming a continuous chain that reads clearly at arm's length. Polished edges frame the pattern on both sides.</p><h3>Specifications</h3><table><tr><td style=""padding:6px 16px 6px 0""><strong>Band Width</strong></td><td style=""padding:6px 0"">5mm (custom widths by request)</td></tr><tr><td style=""padding:6px 16px 6px 0""><strong>Pattern</strong></td><td style=""padding:6px 0"">Carved Chain Link</td></tr><tr><td style=""padding:6px 16px 6px 0""><strong>Finish</strong></td><td style=""padding:6px 0"">Carved links, polished edges</td></tr><tr><td style=""padding:6px 16px 6px 0""><strong>Metal Type</strong></td><td style=""padding:6px 0"">14K or 18K yellow, white, or rose gold</td></tr><tr><td style=""padding:6px 16px 6px 0""><strong>Ring Sizes</strong></td><td style=""padding:6px 0"">8.5 to 13</td></tr></table><h3>Choose your metal color</h3><p>Made to order in <strong>14K or 18K yellow, white, or rose gold</strong>. The photograph shows one metal color; every style is cut in all of them. Choose your color at checkout, or message us and we will send a rendering in your color before we cut.</p><h3>14K or 18K: which should you choose?</h3><p>14K gold is 58.3% pure and alloyed with harder metals, which makes it more scratch resistant and the better choice for anyone who works with their hands. 18K is 75% pure, noticeably warmer and deeper in color, and heavier on the finger. It is softer, so it marks more readily over time. On a carved band the extra depth of color in 18K makes the pattern read with more contrast. Both are made to the same tolerances here; the difference is character and durability, not quality.</p>",Laura Milman New York,Rings,"mens wedding band,chain link ring,carved wedding band,link wedding band,14k gold band,Yellow Gold,Rose Gold,Mens Wedding Bands",Carved Chain Link Wedding Band | 14K & 18K Gold,"Chain link wedding band carved in 14K or 18K gold. 5mm, made to order in yellow, white, or rose gold."
mens-wedding-band-16,Carved Cross Wedding Band in 14K Gold,"<p>The Carved Cross Wedding Band is a 5mm men's wedding band in 14K or 18K yellow, white, or rose gold, from $1,500. A repeating cross motif is carved in relief around this band, spaced evenly so the pattern reads as a rhythm rather than a single statement. Polished rails on either edge.</p><h3>Specifications</h3><table><tr><td style=""padding:6px 16px 6px 0""><strong>Band Width</strong></td><td style=""padding:6px 0"">5mm (custom widths by request)</td></tr><tr><td style=""padding:6px 16px 6px 0""><strong>Pattern</strong></td><td style=""padding:6px 0"">Carved Cross</td></tr><tr><td style=""padding:6px 16px 6px 0""><strong>Finish</strong></td><td style=""padding:6px 0"">Carved relief motif</td></tr><tr><td style=""padding:6px 16px 6px 0""><strong>Metal Type</strong></td><td style=""padding:6px 0"">14K or 18K yellow, white, or rose gold</td></tr><tr><td style=""padding:6px 16px 6px 0""><strong>Ring Sizes</strong></td><td style=""padding:6px 0"">8.5 to 13</td></tr></table><h3>Choose your metal color</h3><p>Made to order in <strong>14K or 18K yellow, white, or rose gold</strong>. The photograph shows one metal color; every style is cut in all of them. Choose your color at checkout, or message us and we will send a rendering in your color before we cut.</p><h3>14K or 18K: which should you choose?</h3><p>14K gold is 58.3% pure and alloyed with harder metals, which makes it more scratch resistant and the better choice for anyone who works with their hands. 18K is 75% pure, noticeably warmer and deeper in color, and heavier on the finger. It is softer, so it marks more readily over time. On a carved band the extra depth of color in 18K makes the pattern read with more contrast. Both are made to the same tolerances here; the difference is character and durability, not quality.</p>",Laura Milman New York,Rings,"cross wedding band,christian wedding band,mens wedding band,carved wedding band,14k gold band,Yellow Gold,Rose Gold,Mens Wedding Bands",Carved Cross Wedding Band for Men | 14K & 18K Gold,"Christian cross wedding band carved in 14K or 18K gold. 5mm, made to order in yellow, white, or rose gold."
mens-wedding-band-17,Celtic Spiral Wedding Band in 14K Gold,"<p>The Celtic Spiral Wedding Band is a 5mm men's wedding band in 14K or 18K yellow, white, or rose gold, from $1,500. The triple spiral is one of the oldest motifs in Celtic art. Here it repeats around the band in deep relief, each coil turning into the next so the eye keeps traveling.</p><h3>Specifications</h3><table><tr><td style=""padding:6px 16px 6px 0""><strong>Band Width</strong></td><td style=""padding:6px 0"">5mm (custom widths by request)</td></tr><tr><td style=""padding:6px 16px 6px 0""><strong>Pattern</strong></td><td style=""padding:6px 0"">Celtic Spiral</td></tr><tr><td style=""padding:6px 16px 6px 0""><strong>Finish</strong></td><td style=""padding:6px 0"">Carved spiral relief</td></tr><tr><td style=""padding:6px 16px 6px 0""><strong>Metal Type</strong></td><td style=""padding:6px 0"">14K or 18K yellow, white, or rose gold</td></tr><tr><td style=""padding:6px 16px 6px 0""><strong>Ring Sizes</strong></td><td style=""padding:6px 0"">8.5 to 13</td></tr></table><h3>Choose your metal color</h3><p>Made to order in <strong>14K or 18K yellow, white, or rose gold</strong>. The photograph shows one metal color; every style is cut in all of them. Choose your color at checkout, or message us and we will send a rendering in your color before we cut.</p><h3>14K or 18K: which should you choose?</h3><p>14K gold is 58.3% pure and alloyed with harder metals, which makes it more scratch resistant and the better choice for anyone who works with their hands. 18K is 75% pure, noticeably warmer and deeper in color, and heavier on the finger. It is softer, so it marks more readily over time. On a carved band the extra depth of color in 18K makes the pattern read with more contrast. Both are made to the same tolerances here; the difference is character and durability, not quality.</p>",Laura Milman New York,Rings,"celtic wedding band,celtic spiral ring,mens wedding band,irish wedding band,14k gold band,Yellow Gold,Rose Gold,Mens Wedding Bands",Celtic Spiral Wedding Band for Men | 14K & 18K Gold,"Carved Celtic spiral wedding band in 14K or 18K gold. 5mm, made to order in yellow, white, or rose gold."
mens-wedding-band-18,Carved Crossed Arrow Wedding Band in 14K Gold,"<p>The Carved Crossed Arrow Wedding Band is a 5mm men's wedding band in 14K or 18K yellow, white, or rose gold, from $1,500. Crossed arrow forms are carved in a repeating sequence around the band, a motif long associated with alliance and friendship. Cut deep and framed by polished edges.</p><h3>Specifications</h3><table><tr><td style=""padding:6px 16px 6px 0""><strong>Band Width</strong></td><td style=""padding:6px 0"">5mm (custom widths by request)</td></tr><tr><td style=""padding:6px 16px 6px 0""><strong>Pattern</strong></td><td style=""padding:6px 0"">Carved Arrow</td></tr><tr><td style=""padding:6px 16px 6px 0""><strong>Finish</strong></td><td style=""padding:6px 0"">Carved relief motif</td></tr><tr><td style=""padding:6px 16px 6px 0""><strong>Metal Type</strong></td><td style=""padding:6px 0"">14K or 18K yellow, white, or rose gold</td></tr><tr><td style=""padding:6px 16px 6px 0""><strong>Ring Sizes</strong></td><td style=""padding:6px 0"">8.5 to 13</td></tr></table><h3>Choose your metal color</h3><p>Made to order in <strong>14K or 18K yellow, white, or rose gold</strong>. The photograph shows one metal color; every style is cut in all of them. Choose your color at checkout, or message us and we will send a rendering in your color before we cut.</p><h3>14K or 18K: which should you choose?</h3><p>14K gold is 58.3% pure and alloyed with harder metals, which makes it more scratch resistant and the better choice for anyone who works with their hands. 18K is 75% pure, noticeably warmer and deeper in color, and heavier on the finger. It is softer, so it marks more readily over time. On a carved band the extra depth of color in 18K makes the pattern read with more contrast. Both are made to the same tolerances here; the difference is character and durability, not quality.</p>",Laura Milman New York,Rings,"mens wedding band,arrow ring,carved wedding band,tribal wedding band,14k gold band,Yellow Gold,Rose Gold,Mens Wedding Bands",Carved Arrow Wedding Band for Men | 14K & 18K Gold,"Crossed arrow wedding band carved in 14K or 18K gold. Made to order in yellow, white, or rose gold."
mens-wedding-band-19,Carved Wave Wedding Band in 14K Gold,"<p>The Carved Wave Wedding Band is a 5mm men's wedding band in 14K or 18K yellow, white, or rose gold, from $1,500. Three carved bands of undulating line run parallel around the ring, giving the surface a soft rolling movement. Quieter than the knotwork styles but still clearly hand-worked.</p><h3>Specifications</h3><table><tr><td style=""padding:6px 16px 6px 0""><strong>Band Width</strong></td><td style=""padding:6px 0"">5mm (custom widths by request)</td></tr><tr><td style=""padding:6px 16px 6px 0""><strong>Pattern</strong></td><td style=""padding:6px 0"">Carved Wave</td></tr><tr><td style=""padding:6px 16px 6px 0""><strong>Finish</strong></td><td style=""padding:6px 0"">Carved relief lines</td></tr><tr><td style=""padding:6px 16px 6px 0""><strong>Metal Type</strong></td><td style=""padding:6px 0"">14K or 18K yellow, white, or rose gold</td></tr><tr><td style=""padding:6px 16px 6px 0""><strong>Ring Sizes</strong></td><td style=""padding:6px 0"">8.5 to 13</td></tr></table><h3>Choose your metal color</h3><p>Made to order in <strong>14K or 18K yellow, white, or rose gold</strong>. The photograph shows one metal color; every style is cut in all of them. Choose your color at checkout, or message us and we will send a rendering in your color before we cut.</p><h3>14K or 18K: which should you choose?</h3><p>14K gold is 58.3% pure and alloyed with harder metals, which makes it more scratch resistant and the better choice for anyone who works with their hands. 18K is 75% pure, noticeably warmer and deeper in color, and heavier on the finger. It is softer, so it marks more readily over time. On a carved band the extra depth of color in 18K makes the pattern read with more contrast. Both are made to the same tolerances here; the difference is character and durability, not quality.</p>",Laura Milman New York,Rings,"mens wedding band,wave wedding band,carved wedding band,ocean ring,14k gold band,Yellow Gold,Rose Gold,Mens Wedding Bands",Carved Wave Wedding Band for Men | 14K & 18K Gold,"Carved wave wedding band in 14K or 18K gold. 5mm, made to order in yellow, white, or rose gold."
mens-wedding-band-20,Carved Infinity Ribbon Wedding Band in 14K Gold,"<p>The Carved Infinity Ribbon Wedding Band is a 5mm men's wedding band in 14K or 18K yellow, white, or rose gold, from $1,500. Two carved ribbons cross and recross around the circumference, forming an unbroken series of infinity loops. The recessed channel protects the carving while polished rails hold the shape.</p><h3>Specifications</h3><table><tr><td style=""padding:6px 16px 6px 0""><strong>Band Width</strong></td><td style=""padding:6px 0"">5mm (custom widths by request)</td></tr><tr><td style=""padding:6px 16px 6px 0""><strong>Pattern</strong></td><td style=""padding:6px 0"">Infinity Ribbon</td></tr><tr><td style=""padding:6px 16px 6px 0""><strong>Finish</strong></td><td style=""padding:6px 0"">Carved ribbon in recessed channel</td></tr><tr><td style=""padding:6px 16px 6px 0""><strong>Metal Type</strong></td><td style=""padding:6px 0"">14K or 18K yellow, white, or rose gold</td></tr><tr><td style=""padding:6px 16px 6px 0""><strong>Ring Sizes</strong></td><td style=""padding:6px 0"">8.5 to 13</td></tr></table><h3>Choose your metal color</h3><p>Made to order in <strong>14K or 18K yellow, white, or rose gold</strong>. The photograph shows one metal color; every style is cut in all of them. Choose your color at checkout, or message us and we will send a rendering in your color before we cut.</p><h3>14K or 18K: which should you choose?</h3><p>14K gold is 58.3% pure and alloyed with harder metals, which makes it more scratch resistant and the better choice for anyone who works with their hands. 18K is 75% pure, noticeably warmer and deeper in color, and heavier on the finger. It is softer, so it marks more readily over time. On a carved band the extra depth of color in 18K makes the pattern read with more contrast. Both are made to the same tolerances here; the difference is character and durability, not quality.</p>",Laura Milman New York,Rings,"infinity wedding band,mens wedding band,carved wedding band,ribbon ring,14k gold band,Yellow Gold,Rose Gold,Mens Wedding Bands",Infinity Ribbon Wedding Band for Men | 14K & 18K Gold,"Carved infinity ribbon wedding band in 14K or 18K gold. Made to order in yellow, white, or rose gold."
mens-wedding-band-21,Carved Serpentine Wedding Band in 14K Gold,"<p>The Carved Serpentine Wedding Band is a 5mm men's wedding band in 14K or 18K yellow, white, or rose gold, from $1,500. A serpentine scroll winds continuously around the band in bold relief, deep enough to cast shadow across the satin ground behind it. One of the higher-contrast patterns in the collection.</p><h3>Specifications</h3><table><tr><td style=""padding:6px 16px 6px 0""><strong>Band Width</strong></td><td style=""padding:6px 0"">5mm (custom widths by request)</td></tr><tr><td style=""padding:6px 16px 6px 0""><strong>Pattern</strong></td><td style=""padding:6px 0"">Carved Serpentine</td></tr><tr><td style=""padding:6px 16px 6px 0""><strong>Finish</strong></td><td style=""padding:6px 0"">Deep carved relief</td></tr><tr><td style=""padding:6px 16px 6px 0""><strong>Metal Type</strong></td><td style=""padding:6px 0"">14K or 18K yellow, white, or rose gold</td></tr><tr><td style=""padding:6px 16px 6px 0""><strong>Ring Sizes</strong></td><td style=""padding:6px 0"">8.5 to 13</td></tr></table><h3>Choose your metal color</h3><p>Made to order in <strong>14K or 18K yellow, white, or rose gold</strong>. The photograph shows one metal color; every style is cut in all of them. Choose your color at checkout, or message us and we will send a rendering in your color before we cut.</p><h3>14K or 18K: which should you choose?</h3><p>14K gold is 58.3% pure and alloyed with harder metals, which makes it more scratch resistant and the better choice for anyone who works with their hands. 18K is 75% pure, noticeably warmer and deeper in color, and heavier on the finger. It is softer, so it marks more readily over time. On a carved band the extra depth of color in 18K makes the pattern read with more contrast. Both are made to the same tolerances here; the difference is character and durability, not quality.</p>",Laura Milman New York,Rings,"mens wedding band,carved wedding band,scroll ring,serpentine band,14k gold band,Yellow Gold,Rose Gold,Mens Wedding Bands",Carved Serpentine Wedding Band | 14K & 18K Gold,"Serpentine scroll wedding band carved in 14K or 18K gold. 5mm, made to order in yellow, white, or rose gold."
mens-wedding-band-22,Carved Rope Twist Wedding Band in 14K Gold,"<p>The Carved Rope Twist Wedding Band is a 5mm men's wedding band in 14K or 18K yellow, white, or rose gold, from $1,500. A tight rope twist is carved around the full center of the band, each coil defined enough to catch light individually. The result reads warm and traditional rather than sharp.</p><h3>Specifications</h3><table><tr><td style=""padding:6px 16px 6px 0""><strong>Band Width</strong></td><td style=""padding:6px 0"">5mm (custom widths by request)</td></tr><tr><td style=""padding:6px 16px 6px 0""><strong>Pattern</strong></td><td style=""padding:6px 0"">Rope Twist</td></tr><tr><td style=""padding:6px 16px 6px 0""><strong>Finish</strong></td><td style=""padding:6px 0"">Carved rope relief</td></tr><tr><td style=""padding:6px 16px 6px 0""><strong>Metal Type</strong></td><td style=""padding:6px 0"">14K or 18K yellow, white, or rose gold</td></tr><tr><td style=""padding:6px 16px 6px 0""><strong>Ring Sizes</strong></td><td style=""padding:6px 0"">8.5 to 13</td></tr></table><h3>Choose your metal color</h3><p>Made to order in <strong>14K or 18K yellow, white, or rose gold</strong>. The photograph shows one metal color; every style is cut in all of them. Choose your color at checkout, or message us and we will send a rendering in your color before we cut.</p><h3>14K or 18K: which should you choose?</h3><p>14K gold is 58.3% pure and alloyed with harder metals, which makes it more scratch resistant and the better choice for anyone who works with their hands. 18K is 75% pure, noticeably warmer and deeper in color, and heavier on the finger. It is softer, so it marks more readily over time. On a carved band the extra depth of color in 18K makes the pattern read with more contrast. Both are made to the same tolerances here; the difference is character and durability, not quality.</p>",Laura Milman New York,Rings,"rope wedding band,mens wedding band,carved wedding band,twisted ring,14k gold band,Yellow Gold,Rose Gold,Mens Wedding Bands",Rope Twist Wedding Band for Men | 14K & 18K Gold,"Carved rope twist wedding band in 14K or 18K gold. 5mm, made to order in yellow, white, or rose gold."
mens-wedding-band-23,Carved Chevron Wedding Band in 14K Gold,"<p>The Carved Chevron Wedding Band is a 5mm men's wedding band in 14K or 18K yellow, white, or rose gold, from $1,500. Alternating chevrons are carved in a repeating arrowhead sequence around the band, giving it a directional, almost woven look. Polished edges keep the geometry clean.</p><h3>Specifications</h3><table><tr><td style=""padding:6px 16px 6px 0""><strong>Band Width</strong></td><td style=""padding:6px 0"">5mm (custom widths by request)</td></tr><tr><td style=""padding:6px 16px 6px 0""><strong>Pattern</strong></td><td style=""padding:6px 0"">Carved Chevron</td></tr><tr><td style=""padding:6px 16px 6px 0""><strong>Finish</strong></td><td style=""padding:6px 0"">Carved chevron relief</td></tr><tr><td style=""padding:6px 16px 6px 0""><strong>Metal Type</strong></td><td style=""padding:6px 0"">14K or 18K yellow, white, or rose gold</td></tr><tr><td style=""padding:6px 16px 6px 0""><strong>Ring Sizes</strong></td><td style=""padding:6px 0"">8.5 to 13</td></tr></table><h3>Choose your metal color</h3><p>Made to order in <strong>14K or 18K yellow, white, or rose gold</strong>. The photograph shows one metal color; every style is cut in all of them. Choose your color at checkout, or message us and we will send a rendering in your color before we cut.</p><h3>14K or 18K: which should you choose?</h3><p>14K gold is 58.3% pure and alloyed with harder metals, which makes it more scratch resistant and the better choice for anyone who works with their hands. 18K is 75% pure, noticeably warmer and deeper in color, and heavier on the finger. It is softer, so it marks more readily over time. On a carved band the extra depth of color in 18K makes the pattern read with more contrast. Both are made to the same tolerances here; the difference is character and durability, not quality.</p>",Laura Milman New York,Rings,"chevron wedding band,mens wedding band,carved wedding band,geometric ring,14k gold band,Yellow Gold,Rose Gold,Mens Wedding Bands",Carved Chevron Wedding Band for Men | 14K & 18K Gold,"Chevron pattern wedding band carved in 14K or 18K gold. Made to order in yellow, white, or rose gold."
mens-wedding-band-24,Carved Quatrefoil Wedding Band in 14K Gold,"<p>The Carved Quatrefoil Wedding Band is a 5mm men's wedding band in 14K or 18K yellow, white, or rose gold, from $1,500. Open quatrefoil forms are carved at intervals around an otherwise clean band, giving it a lighter, more graphic feel than the fully patterned styles.</p><h3>Specifications</h3><table><tr><td style=""padding:6px 16px 6px 0""><strong>Band Width</strong></td><td style=""padding:6px 0"">5mm (custom widths by request)</td></tr><tr><td style=""padding:6px 16px 6px 0""><strong>Pattern</strong></td><td style=""padding:6px 0"">Quatrefoil</td></tr><tr><td style=""padding:6px 16px 6px 0""><strong>Finish</strong></td><td style=""padding:6px 0"">Carved open motif</td></tr><tr><td style=""padding:6px 16px 6px 0""><strong>Metal Type</strong></td><td style=""padding:6px 0"">14K or 18K yellow, white, or rose gold</td></tr><tr><td style=""padding:6px 16px 6px 0""><strong>Ring Sizes</strong></td><td style=""padding:6px 0"">8.5 to 13</td></tr></table><h3>Choose your metal color</h3><p>Made to order in <strong>14K or 18K yellow, white, or rose gold</strong>. The photograph shows one metal color; every style is cut in all of them. Choose your color at checkout, or message us and we will send a rendering in your color before we cut.</p><h3>14K or 18K: which should you choose?</h3><p>14K gold is 58.3% pure and alloyed with harder metals, which makes it more scratch resistant and the better choice for anyone who works with their hands. 18K is 75% pure, noticeably warmer and deeper in color, and heavier on the finger. It is softer, so it marks more readily over time. On a carved band the extra depth of color in 18K makes the pattern read with more contrast. Both are made to the same tolerances here; the difference is character and durability, not quality.</p>",Laura Milman New York,Rings,"mens wedding band,quatrefoil ring,carved wedding band,clover ring,14k gold band,Yellow Gold,Rose Gold,Mens Wedding Bands",Quatrefoil Wedding Band for Men | 14K & 18K Gold,"Carved quatrefoil wedding band in 14K or 18K gold. 5mm, made to order in yellow, white, or rose gold."
mens-wedding-band-25,Celtic Knotwork Wedding Band in 14K Gold,"<p>The Celtic Knotwork Wedding Band is a 5mm men's wedding band in 14K or 18K yellow, white, or rose gold, from $1,500. Full-width Celtic knotwork, carved so the strands genuinely pass over and under one another rather than sitting flat. The most traditional of the Celtic patterns we cut.</p><h3>Specifications</h3><table><tr><td style=""padding:6px 16px 6px 0""><strong>Band Width</strong></td><td style=""padding:6px 0"">5mm (custom widths by request)</td></tr><tr><td style=""padding:6px 16px 6px 0""><strong>Pattern</strong></td><td style=""padding:6px 0"">Celtic Knotwork</td></tr><tr><td style=""padding:6px 16px 6px 0""><strong>Finish</strong></td><td style=""padding:6px 0"">Deep carved knotwork</td></tr><tr><td style=""padding:6px 16px 6px 0""><strong>Metal Type</strong></td><td style=""padding:6px 0"">14K or 18K yellow, white, or rose gold</td></tr><tr><td style=""padding:6px 16px 6px 0""><strong>Ring Sizes</strong></td><td style=""padding:6px 0"">8.5 to 13</td></tr></table><h3>Choose your metal color</h3><p>Made to order in <strong>14K or 18K yellow, white, or rose gold</strong>. The photograph shows one metal color; every style is cut in all of them. Choose your color at checkout, or message us and we will send a rendering in your color before we cut.</p><h3>14K or 18K: which should you choose?</h3><p>14K gold is 58.3% pure and alloyed with harder metals, which makes it more scratch resistant and the better choice for anyone who works with their hands. 18K is 75% pure, noticeably warmer and deeper in color, and heavier on the finger. It is softer, so it marks more readily over time. On a carved band the extra depth of color in 18K makes the pattern read with more contrast. Both are made to the same tolerances here; the difference is character and durability, not quality.</p>",Laura Milman New York,Rings,"celtic wedding band,celtic knot ring,mens wedding band,irish wedding band,14k gold band,Yellow Gold,Rose Gold,Mens Wedding Bands",Celtic Knotwork Wedding Band for Men | 14K & 18K Gold,"Traditional carved Celtic knotwork wedding band in 14K or 18K gold. Made to order in yellow, white, or rose gold."
mens-wedding-band-26,Claddagh Wedding Band in 14K Gold,"<p>The Claddagh Wedding Band is a 5mm men's wedding band in 14K or 18K yellow, white, or rose gold, from $1,500. The Claddagh, hands holding a crowned heart, repeats around this band alongside supporting Celtic motifs. Friendship, love, and loyalty, carried the traditional Irish way.</p><h3>Specifications</h3><table><tr><td style=""padding:6px 16px 6px 0""><strong>Band Width</strong></td><td style=""padding:6px 0"">5mm (custom widths by request)</td></tr><tr><td style=""padding:6px 16px 6px 0""><strong>Pattern</strong></td><td style=""padding:6px 0"">Claddagh</td></tr><tr><td style=""padding:6px 16px 6px 0""><strong>Finish</strong></td><td style=""padding:6px 0"">Carved relief motif</td></tr><tr><td style=""padding:6px 16px 6px 0""><strong>Metal Type</strong></td><td style=""padding:6px 0"">14K or 18K yellow, white, or rose gold</td></tr><tr><td style=""padding:6px 16px 6px 0""><strong>Ring Sizes</strong></td><td style=""padding:6px 0"">8.5 to 13</td></tr></table><h3>Choose your metal color</h3><p>Made to order in <strong>14K or 18K yellow, white, or rose gold</strong>. The photograph shows one metal color; every style is cut in all of them. Choose your color at checkout, or message us and we will send a rendering in your color before we cut.</p><h3>14K or 18K: which should you choose?</h3><p>14K gold is 58.3% pure and alloyed with harder metals, which makes it more scratch resistant and the better choice for anyone who works with their hands. 18K is 75% pure, noticeably warmer and deeper in color, and heavier on the finger. It is softer, so it marks more readily over time. On a carved band the extra depth of color in 18K makes the pattern read with more contrast. Both are made to the same tolerances here; the difference is character and durability, not quality.</p>",Laura Milman New York,Rings,"claddagh ring,irish wedding band,celtic wedding band,mens wedding band,14k gold band,Yellow Gold,Rose Gold,Mens Wedding Bands",Claddagh Wedding Band for Men | 14K & 18K Gold,"Carved Claddagh wedding band in 14K or 18K gold. 5mm, made to order in yellow, white, or rose gold."
mens-wedding-band-27,Custom Couples Name Wedding Band in 14K Gold,"<p>The Custom Couples Name Wedding Band is a 5mm men's wedding band in 14K or 18K yellow, white, or rose gold, from $1,500. Both names carved around a single band, joined by an ampersand. Cut in raised serif capitals deep into the metal so it holds its edge over a lifetime of wear.</p><h3>Specifications</h3><table><tr><td style=""padding:6px 16px 6px 0""><strong>Band Width</strong></td><td style=""padding:6px 0"">5mm (custom widths by request)</td></tr><tr><td style=""padding:6px 16px 6px 0""><strong>Pattern</strong></td><td style=""padding:6px 0"">Custom Couples Name</td></tr><tr><td style=""padding:6px 16px 6px 0""><strong>Finish</strong></td><td style=""padding:6px 0"">Carved relief lettering</td></tr><tr><td style=""padding:6px 16px 6px 0""><strong>Metal Type</strong></td><td style=""padding:6px 0"">14K or 18K yellow, white, or rose gold</td></tr><tr><td style=""padding:6px 16px 6px 0""><strong>Ring Sizes</strong></td><td style=""padding:6px 0"">8.5 to 13</td></tr></table><h3>Choose your metal color</h3><p>Made to order in <strong>14K or 18K yellow, white, or rose gold</strong>. The photograph shows one metal color; every style is cut in all of them. Choose your color at checkout, or message us and we will send a rendering in your color before we cut.</p><h3>14K or 18K: which should you choose?</h3><p>14K gold is 58.3% pure and alloyed with harder metals, which makes it more scratch resistant and the better choice for anyone who works with their hands. 18K is 75% pure, noticeably warmer and deeper in color, and heavier on the finger. It is softer, so it marks more readily over time. On a carved band the extra depth of color in 18K makes the pattern read with more contrast. Both are made to the same tolerances here; the difference is character and durability, not quality.</p>",Laura Milman New York,Rings,"custom name wedding band,couples ring,personalized wedding band,mens wedding band,14k gold band,Yellow Gold,Rose Gold,Mens Wedding Bands",Custom Couples Name Wedding Band | 14K & 18K Gold,"Two names carved into one wedding band in 14K or 18K gold. Made to order in yellow, white, or rose gold."
mens-wedding-band-29,Diamond-Cut Floral Wedding Band in 14K Gold,"<p>The Diamond-Cut Floral Wedding Band is a 5mm men's wedding band in 14K or 18K yellow, white, or rose gold, from $1,500. A repeating floral rosette is diamond-cut into a wide satin field, the faceted cuts throwing light in a way carving alone cannot. Bright polished edges finish the profile.</p><h3>Specifications</h3><table><tr><td style=""padding:6px 16px 6px 0""><strong>Band Width</strong></td><td style=""padding:6px 0"">5mm (custom widths by request)</td></tr><tr><td style=""padding:6px 16px 6px 0""><strong>Pattern</strong></td><td style=""padding:6px 0"">Diamond-Cut Floral</td></tr><tr><td style=""padding:6px 16px 6px 0""><strong>Finish</strong></td><td style=""padding:6px 0"">Diamond-cut on satin ground</td></tr><tr><td style=""padding:6px 16px 6px 0""><strong>Metal Type</strong></td><td style=""padding:6px 0"">14K or 18K yellow, white, or rose gold</td></tr><tr><td style=""padding:6px 16px 6px 0""><strong>Ring Sizes</strong></td><td style=""padding:6px 0"">8.5 to 13</td></tr></table><h3>Choose your metal color</h3><p>Made to order in <strong>14K or 18K yellow, white, or rose gold</strong>. The photograph shows one metal color; every style is cut in all of them. Choose your color at checkout, or message us and we will send a rendering in your color before we cut.</p><h3>14K or 18K: which should you choose?</h3><p>14K gold is 58.3% pure and alloyed with harder metals, which makes it more scratch resistant and the better choice for anyone who works with their hands. 18K is 75% pure, noticeably warmer and deeper in color, and heavier on the finger. It is softer, so it marks more readily over time. On a carved band the extra depth of color in 18K makes the pattern read with more contrast. Both are made to the same tolerances here; the difference is character and durability, not quality.</p>",Laura Milman New York,Rings,"diamond cut wedding band,mens wedding band,floral wedding band,wide wedding band,14k gold band,Yellow Gold,Rose Gold,Mens Wedding Bands",Diamond-Cut Floral Wedding Band | 14K & 18K Gold,"Wide diamond-cut floral wedding band in 14K or 18K gold. Made to order in yellow, white, or rose gold."
mens-wedding-band-30,Diamond-Cut Lattice Wedding Band in 14K Gold,"<p>The Diamond-Cut Lattice Wedding Band is a 5mm men's wedding band in 14K or 18K yellow, white, or rose gold, from $1,500. A crosshatch lattice is diamond-cut across the full width of the band, every intersection catching light from a different angle. Bright, textural, and considerably more visible than a plain satin band.</p><h3>Specifications</h3><table><tr><td style=""padding:6px 16px 6px 0""><strong>Band Width</strong></td><td style=""padding:6px 0"">5mm (custom widths by request)</td></tr><tr><td style=""padding:6px 16px 6px 0""><strong>Pattern</strong></td><td style=""padding:6px 0"">Diamond-Cut Lattice</td></tr><tr><td style=""padding:6px 16px 6px 0""><strong>Finish</strong></td><td style=""padding:6px 0"">Diamond-cut crosshatch</td></tr><tr><td style=""padding:6px 16px 6px 0""><strong>Metal Type</strong></td><td style=""padding:6px 0"">14K or 18K yellow, white, or rose gold</td></tr><tr><td style=""padding:6px 16px 6px 0""><strong>Ring Sizes</strong></td><td style=""padding:6px 0"">8.5 to 13</td></tr></table><h3>Choose your metal color</h3><p>Made to order in <strong>14K or 18K yellow, white, or rose gold</strong>. The photograph shows one metal color; every style is cut in all of them. Choose your color at checkout, or message us and we will send a rendering in your color before we cut.</p><h3>14K or 18K: which should you choose?</h3><p>14K gold is 58.3% pure and alloyed with harder metals, which makes it more scratch resistant and the better choice for anyone who works with their hands. 18K is 75% pure, noticeably warmer and deeper in color, and heavier on the finger. It is softer, so it marks more readily over time. On a carved band the extra depth of color in 18K makes the pattern read with more contrast. Both are made to the same tolerances here; the difference is character and durability, not quality.</p>",Laura Milman New York,Rings,"diamond cut wedding band,mens wedding band,crosshatch ring,textured wedding band,14k gold band,Yellow Gold,Rose Gold,Mens Wedding Bands",Diamond-Cut Lattice Wedding Band | 14K & 18K Gold,"Diamond-cut crosshatch wedding band in 14K or 18K gold. Made to order in yellow, white, or rose gold."
mens-wedding-band-31,Fluted Edge Wedding Band in 14K Gold,"<p>The Fluted Edge Wedding Band is a 5mm men's wedding band in 14K or 18K yellow, white, or rose gold, from $1,500. Fine vertical fluting is cut along both edges of the band, leaving a broad polished dome through the center. The contrast between the ridged borders and the smooth middle does all the work here.</p><h3>Specifications</h3><table><tr><td style=""padding:6px 16px 6px 0""><strong>Band Width</strong></td><td style=""padding:6px 0"">5mm (custom widths by request)</td></tr><tr><td style=""padding:6px 16px 6px 0""><strong>Pattern</strong></td><td style=""padding:6px 0"">Fluted Edge</td></tr><tr><td style=""padding:6px 16px 6px 0""><strong>Finish</strong></td><td style=""padding:6px 0"">Fluted edges, polished center</td></tr><tr><td style=""padding:6px 16px 6px 0""><strong>Metal Type</strong></td><td style=""padding:6px 0"">14K or 18K yellow, white, or rose gold</td></tr><tr><td style=""padding:6px 16px 6px 0""><strong>Ring Sizes</strong></td><td style=""padding:6px 0"">8.5 to 13</td></tr></table><h3>Choose your metal color</h3><p>Made to order in <strong>14K or 18K yellow, white, or rose gold</strong>. The photograph shows one metal color; every style is cut in all of them. Choose your color at checkout, or message us and we will send a rendering in your color before we cut.</p><h3>14K or 18K: which should you choose?</h3><p>14K gold is 58.3% pure and alloyed with harder metals, which makes it more scratch resistant and the better choice for anyone who works with their hands. 18K is 75% pure, noticeably warmer and deeper in color, and heavier on the finger. It is softer, so it marks more readily over time. On a carved band the extra depth of color in 18K makes the pattern read with more contrast. Both are made to the same tolerances here; the difference is character and durability, not quality.</p>",Laura Milman New York,Rings,"mens wedding band,fluted wedding band,textured wedding band,ribbed ring,14k gold band,Yellow Gold,Rose Gold,Mens Wedding Bands",Fluted Edge Wedding Band for Men | 14K & 18K Gold,"Fluted edge wedding band in 14K or 18K gold. 5mm, made to order in yellow, white, or rose gold."
mens-wedding-band-32,Beaded Edge Domed Wedding Band in 14K Gold,"<p>The Beaded Edge Domed Wedding Band is a 5mm men's wedding band in 14K or 18K yellow, white, or rose gold, from $1,500. A domed profile with fine beaded milgrain running along each edge. The most classic shape in the collection, with just enough detail at the borders to keep it from reading plain.</p><h3>Specifications</h3><table><tr><td style=""padding:6px 16px 6px 0""><strong>Band Width</strong></td><td style=""padding:6px 0"">5mm (custom widths by request)</td></tr><tr><td style=""padding:6px 16px 6px 0""><strong>Pattern</strong></td><td style=""padding:6px 0"">Beaded Edge</td></tr><tr><td style=""padding:6px 16px 6px 0""><strong>Finish</strong></td><td style=""padding:6px 0"">Domed, beaded milgrain edges</td></tr><tr><td style=""padding:6px 16px 6px 0""><strong>Metal Type</strong></td><td style=""padding:6px 0"">14K or 18K yellow, white, or rose gold</td></tr><tr><td style=""padding:6px 16px 6px 0""><strong>Ring Sizes</strong></td><td style=""padding:6px 0"">8.5 to 13</td></tr></table><h3>Choose your metal color</h3><p>Made to order in <strong>14K or 18K yellow, white, or rose gold</strong>. The photograph shows one metal color; every style is cut in all of them. Choose your color at checkout, or message us and we will send a rendering in your color before we cut.</p><h3>14K or 18K: which should you choose?</h3><p>14K gold is 58.3% pure and alloyed with harder metals, which makes it more scratch resistant and the better choice for anyone who works with their hands. 18K is 75% pure, noticeably warmer and deeper in color, and heavier on the finger. It is softer, so it marks more readily over time. On a carved band the extra depth of color in 18K makes the pattern read with more contrast. Both are made to the same tolerances here; the difference is character and durability, not quality.</p>",Laura Milman New York,Rings,"milgrain wedding band,mens wedding band,domed wedding band,beaded edge ring,14k gold band,Yellow Gold,Rose Gold,Mens Wedding Bands",Beaded Edge Wedding Band for Men | 14K & 18K Gold,"Domed wedding band with beaded milgrain edges in 14K or 18K gold. Made to order in yellow, white, or rose gold."
mens-wedding-band-33,Faceted Satin Wedding Band in 14K Gold,"<p>The Faceted Satin Wedding Band is a 5mm men's wedding band in 14K or 18K yellow, white, or rose gold, from $1,500. Broad diagonal facets are cut across a satin surface, creating wide planes that shift between light and shadow as the hand turns. Modern, quiet, and heavier-looking than its width suggests.</p><h3>Specifications</h3><table><tr><td style=""padding:6px 16px 6px 0""><strong>Band Width</strong></td><td style=""padding:6px 0"">5mm (custom widths by request)</td></tr><tr><td style=""padding:6px 16px 6px 0""><strong>Pattern</strong></td><td style=""padding:6px 0"">Faceted Satin</td></tr><tr><td style=""padding:6px 16px 6px 0""><strong>Finish</strong></td><td style=""padding:6px 0"">Faceted satin finish</td></tr><tr><td style=""padding:6px 16px 6px 0""><strong>Metal Type</strong></td><td style=""padding:6px 0"">14K or 18K yellow, white, or rose gold</td></tr><tr><td style=""padding:6px 16px 6px 0""><strong>Ring Sizes</strong></td><td style=""padding:6px 0"">8.5 to 13</td></tr></table><h3>Choose your metal color</h3><p>Made to order in <strong>14K or 18K yellow, white, or rose gold</strong>. The photograph shows one metal color; every style is cut in all of them. Choose your color at checkout, or message us and we will send a rendering in your color before we cut.</p><h3>14K or 18K: which should you choose?</h3><p>14K gold is 58.3% pure and alloyed with harder metals, which makes it more scratch resistant and the better choice for anyone who works with their hands. 18K is 75% pure, noticeably warmer and deeper in color, and heavier on the finger. It is softer, so it marks more readily over time. On a carved band the extra depth of color in 18K makes the pattern read with more contrast. Both are made to the same tolerances here; the difference is character and durability, not quality.</p>",Laura Milman New York,Rings,"mens wedding band,faceted wedding band,satin wedding band,modern mens ring,14k gold band,Yellow Gold,Rose Gold,Mens Wedding Bands",Faceted Satin Wedding Band for Men | 14K & 18K Gold,"Faceted satin wedding band in 14K or 18K gold. 5mm, made to order in yellow, white, or rose gold."
mens-wedding-band-34,Diamond-Cut Diagonal Wedding Band in 14K Gold,"<p>The Diamond-Cut Diagonal Wedding Band is a 5mm men's wedding band in 14K or 18K yellow, white, or rose gold, from $1,500. Diagonal fields of fine diamond-cut texture alternate with polished panels, so the band reads bright from one angle and matte from another.</p><h3>Specifications</h3><table><tr><td style=""padding:6px 16px 6px 0""><strong>Band Width</strong></td><td style=""padding:6px 0"">5mm (custom widths by request)</td></tr><tr><td style=""padding:6px 16px 6px 0""><strong>Pattern</strong></td><td style=""padding:6px 0"">Diamond-Cut Diagonal</td></tr><tr><td style=""padding:6px 16px 6px 0""><strong>Finish</strong></td><td style=""padding:6px 0"">Diamond-cut and polished panels</td></tr><tr><td style=""padding:6px 16px 6px 0""><strong>Metal Type</strong></td><td style=""padding:6px 0"">14K or 18K yellow, white, or rose gold</td></tr><tr><td style=""padding:6px 16px 6px 0""><strong>Ring Sizes</strong></td><td style=""padding:6px 0"">8.5 to 13</td></tr></table><h3>Choose your metal color</h3><p>Made to order in <strong>14K or 18K yellow, white, or rose gold</strong>. The photograph shows one metal color; every style is cut in all of them. Choose your color at checkout, or message us and we will send a rendering in your color before we cut.</p><h3>14K or 18K: which should you choose?</h3><p>14K gold is 58.3% pure and alloyed with harder metals, which makes it more scratch resistant and the better choice for anyone who works with their hands. 18K is 75% pure, noticeably warmer and deeper in color, and heavier on the finger. It is softer, so it marks more readily over time. On a carved band the extra depth of color in 18K makes the pattern read with more contrast. Both are made to the same tolerances here; the difference is character and durability, not quality.</p>",Laura Milman New York,Rings,"diamond cut wedding band,mens wedding band,textured wedding band,diagonal ring,14k gold band,Yellow Gold,Rose Gold,Mens Wedding Bands",Diamond-Cut Diagonal Wedding Band | 14K & 18K Gold,"Diagonal diamond-cut wedding band in 14K or 18K gold. Made to order in yellow, white, or rose gold."
mens-wedding-band-35,Carved Scroll Wedding Band in 14K Gold,"<p>The Carved Scroll Wedding Band is a 5mm men's wedding band in 14K or 18K yellow, white, or rose gold, from $1,500. A flowing scroll pattern is carved across a satin center panel, framed by polished edges. Softer and more ornamental than the knotwork styles.</p><h3>Specifications</h3><table><tr><td style=""padding:6px 16px 6px 0""><strong>Band Width</strong></td><td style=""padding:6px 0"">5mm (custom widths by request)</td></tr><tr><td style=""padding:6px 16px 6px 0""><strong>Pattern</strong></td><td style=""padding:6px 0"">Carved Scroll</td></tr><tr><td style=""padding:6px 16px 6px 0""><strong>Finish</strong></td><td style=""padding:6px 0"">Carved scroll on satin ground</td></tr><tr><td style=""padding:6px 16px 6px 0""><strong>Metal Type</strong></td><td style=""padding:6px 0"">14K or 18K yellow, white, or rose gold</td></tr><tr><td style=""padding:6px 16px 6px 0""><strong>Ring Sizes</strong></td><td style=""padding:6px 0"">8.5 to 13</td></tr></table><h3>Choose your metal color</h3><p>Made to order in <strong>14K or 18K yellow, white, or rose gold</strong>. The photograph shows one metal color; every style is cut in all of them. Choose your color at checkout, or message us and we will send a rendering in your color before we cut.</p><h3>14K or 18K: which should you choose?</h3><p>14K gold is 58.3% pure and alloyed with harder metals, which makes it more scratch resistant and the better choice for anyone who works with their hands. 18K is 75% pure, noticeably warmer and deeper in color, and heavier on the finger. It is softer, so it marks more readily over time. On a carved band the extra depth of color in 18K makes the pattern read with more contrast. Both are made to the same tolerances here; the difference is character and durability, not quality.</p>",Laura Milman New York,Rings,"mens wedding band,scroll wedding band,carved wedding band,engraved ring,14k gold band,Yellow Gold,Rose Gold,Mens Wedding Bands",Carved Scroll Wedding Band for Men | 14K & 18K Gold,"Carved scroll wedding band in 14K or 18K gold. 5mm, made to order in yellow, white, or rose gold."
mens-wedding-band-39,Engraved Paisley Wedding Band in 14K Gold,"<p>The Engraved Paisley Wedding Band is a 5mm men's wedding band in 14K or 18K yellow, white, or rose gold, from $1,500. Fine paisley scrollwork is engraved across the entire surface of this band, dense enough to give it an antique, heirloom quality straight out of the box.</p><h3>Specifications</h3><table><tr><td style=""padding:6px 16px 6px 0""><strong>Band Width</strong></td><td style=""padding:6px 0"">5mm (custom widths by request)</td></tr><tr><td style=""padding:6px 16px 6px 0""><strong>Pattern</strong></td><td style=""padding:6px 0"">Engraved Paisley</td></tr><tr><td style=""padding:6px 16px 6px 0""><strong>Finish</strong></td><td style=""padding:6px 0"">All-over engraving</td></tr><tr><td style=""padding:6px 16px 6px 0""><strong>Metal Type</strong></td><td style=""padding:6px 0"">14K or 18K yellow, white, or rose gold</td></tr><tr><td style=""padding:6px 16px 6px 0""><strong>Ring Sizes</strong></td><td style=""padding:6px 0"">8.5 to 13</td></tr></table><h3>Choose your metal color</h3><p>Made to order in <strong>14K or 18K yellow, white, or rose gold</strong>. The photograph shows one metal color; every style is cut in all of them. Choose your color at checkout, or message us and we will send a rendering in your color before we cut.</p><h3>14K or 18K: which should you choose?</h3><p>14K gold is 58.3% pure and alloyed with harder metals, which makes it more scratch resistant and the better choice for anyone who works with their hands. 18K is 75% pure, noticeably warmer and deeper in color, and heavier on the finger. It is softer, so it marks more readily over time. On a carved band the extra depth of color in 18K makes the pattern read with more contrast. Both are made to the same tolerances here; the difference is character and durability, not quality.</p>",Laura Milman New York,Rings,"engraved wedding band,mens wedding band,paisley ring,vintage wedding band,14k gold band,Yellow Gold,Rose Gold,Mens Wedding Bands",Engraved Paisley Wedding Band | 14K & 18K Gold,"All-over engraved paisley wedding band in 14K or 18K gold. Made to order in yellow, white, or rose gold."
mens-wedding-band-40,Diagonal Fluted Wedding Band in 14K Gold,"<p>The Diagonal Fluted Wedding Band is a 5mm men's wedding band in 14K or 18K yellow, white, or rose gold, from $1,500. Continuous diagonal fluting is cut across the full width, creating a spun, machined look with real depth. Bright and directional under any light.</p><h3>Specifications</h3><table><tr><td style=""padding:6px 16px 6px 0""><strong>Band Width</strong></td><td style=""padding:6px 0"">5mm (custom widths by request)</td></tr><tr><td style=""padding:6px 16px 6px 0""><strong>Pattern</strong></td><td style=""padding:6px 0"">Diagonal Fluted</td></tr><tr><td style=""padding:6px 16px 6px 0""><strong>Finish</strong></td><td style=""padding:6px 0"">Diagonal fluting</td></tr><tr><td style=""padding:6px 16px 6px 0""><strong>Metal Type</strong></td><td style=""padding:6px 0"">14K or 18K yellow, white, or rose gold</td></tr><tr><td style=""padding:6px 16px 6px 0""><strong>Ring Sizes</strong></td><td style=""padding:6px 0"">8.5 to 13</td></tr></table><h3>Choose your metal color</h3><p>Made to order in <strong>14K or 18K yellow, white, or rose gold</strong>. The photograph shows one metal color; every style is cut in all of them. Choose your color at checkout, or message us and we will send a rendering in your color before we cut.</p><h3>14K or 18K: which should you choose?</h3><p>14K gold is 58.3% pure and alloyed with harder metals, which makes it more scratch resistant and the better choice for anyone who works with their hands. 18K is 75% pure, noticeably warmer and deeper in color, and heavier on the finger. It is softer, so it marks more readily over time. On a carved band the extra depth of color in 18K makes the pattern read with more contrast. Both are made to the same tolerances here; the difference is character and durability, not quality.</p>",Laura Milman New York,Rings,"mens wedding band,fluted wedding band,textured wedding band,modern mens ring,14k gold band,Yellow Gold,Rose Gold,Mens Wedding Bands",Diagonal Fluted Wedding Band for Men | 14K & 18K Gold,"Diagonal fluted wedding band in 14K or 18K gold. 5mm, made to order in yellow, white, or rose gold."
mens-wedding-band-41,Diamond-Cut Crosshatch Wedding Band in 14K Gold,"<p>The Diamond-Cut Crosshatch Wedding Band is a 5mm men's wedding band in 14K or 18K yellow, white, or rose gold, from $1,500. A tight diamond-cut crosshatch fills the recessed center of this band, bordered by brightly polished rails that lift the texture and protect it from scuffing.</p><h3>Specifications</h3><table><tr><td style=""padding:6px 16px 6px 0""><strong>Band Width</strong></td><td style=""padding:6px 0"">5mm (custom widths by request)</td></tr><tr><td style=""padding:6px 16px 6px 0""><strong>Pattern</strong></td><td style=""padding:6px 0"">Diamond-Cut Crosshatch</td></tr><tr><td style=""padding:6px 16px 6px 0""><strong>Finish</strong></td><td style=""padding:6px 0"">Diamond-cut center, polished rails</td></tr><tr><td style=""padding:6px 16px 6px 0""><strong>Metal Type</strong></td><td style=""padding:6px 0"">14K or 18K yellow, white, or rose gold</td></tr><tr><td style=""padding:6px 16px 6px 0""><strong>Ring Sizes</strong></td><td style=""padding:6px 0"">8.5 to 13</td></tr></table><h3>Choose your metal color</h3><p>Made to order in <strong>14K or 18K yellow, white, or rose gold</strong>. The photograph shows one metal color; every style is cut in all of them. Choose your color at checkout, or message us and we will send a rendering in your color before we cut.</p><h3>14K or 18K: which should you choose?</h3><p>14K gold is 58.3% pure and alloyed with harder metals, which makes it more scratch resistant and the better choice for anyone who works with their hands. 18K is 75% pure, noticeably warmer and deeper in color, and heavier on the finger. It is softer, so it marks more readily over time. On a carved band the extra depth of color in 18K makes the pattern read with more contrast. Both are made to the same tolerances here; the difference is character and durability, not quality.</p>",Laura Milman New York,Rings,"diamond cut wedding band,crosshatch ring,mens wedding band,textured wedding band,14k gold band,Yellow Gold,Rose Gold,Mens Wedding Bands",Diamond-Cut Crosshatch Wedding Band | 14K & 18K Gold,"Crosshatch diamond-cut wedding band in 14K or 18K gold. Made to order in yellow, white, or rose gold."
mens-wedding-band-42,Granulated Scroll Wedding Band in 14K Gold,"<p>The Granulated Scroll Wedding Band is a 5mm men's wedding band in 14K or 18K yellow, white, or rose gold, from $1,500. A scrolling S-curve is worked in fine granulated texture against a bright ground, so the pattern reads as a change in surface rather than a change in depth. Subtle and unusual.</p><h3>Specifications</h3><table><tr><td style=""padding:6px 16px 6px 0""><strong>Band Width</strong></td><td style=""padding:6px 0"">5mm (custom widths by request)</td></tr><tr><td style=""padding:6px 16px 6px 0""><strong>Pattern</strong></td><td style=""padding:6px 0"">Granulated Scroll</td></tr><tr><td style=""padding:6px 16px 6px 0""><strong>Finish</strong></td><td style=""padding:6px 0"">Granulated texture on polished ground</td></tr><tr><td style=""padding:6px 16px 6px 0""><strong>Metal Type</strong></td><td style=""padding:6px 0"">14K or 18K yellow, white, or rose gold</td></tr><tr><td style=""padding:6px 16px 6px 0""><strong>Ring Sizes</strong></td><td style=""padding:6px 0"">8.5 to 13</td></tr></table><h3>Choose your metal color</h3><p>Made to order in <strong>14K or 18K yellow, white, or rose gold</strong>. The photograph shows one metal color; every style is cut in all of them. Choose your color at checkout, or message us and we will send a rendering in your color before we cut.</p><h3>14K or 18K: which should you choose?</h3><p>14K gold is 58.3% pure and alloyed with harder metals, which makes it more scratch resistant and the better choice for anyone who works with their hands. 18K is 75% pure, noticeably warmer and deeper in color, and heavier on the finger. It is softer, so it marks more readily over time. On a carved band the extra depth of color in 18K makes the pattern read with more contrast. Both are made to the same tolerances here; the difference is character and durability, not quality.</p>",Laura Milman New York,Rings,"mens wedding band,textured wedding band,scroll ring,carved wedding band,14k gold band,Yellow Gold,Rose Gold,Mens Wedding Bands",Granulated Scroll Wedding Band | 14K & 18K Gold,"Granulated scroll wedding band in 14K or 18K gold. 5mm, made to order in yellow, white, or rose gold."
mens-wedding-band-43,Vertical Fluted Wedding Band in 14K Gold,"<p>The Vertical Fluted Wedding Band is a 5mm men's wedding band in 14K or 18K yellow, white, or rose gold, from $1,500. Fine vertical fluting runs the entire circumference, close-set enough to read almost as a texture. A restrained way to add movement to a simple profile.</p><h3>Specifications</h3><table><tr><td style=""padding:6px 16px 6px 0""><strong>Band Width</strong></td><td style=""padding:6px 0"">5mm (custom widths by request)</td></tr><tr><td style=""padding:6px 16px 6px 0""><strong>Pattern</strong></td><td style=""padding:6px 0"">Vertical Fluted</td></tr><tr><td style=""padding:6px 16px 6px 0""><strong>Finish</strong></td><td style=""padding:6px 0"">Fine vertical fluting</td></tr><tr><td style=""padding:6px 16px 6px 0""><strong>Metal Type</strong></td><td style=""padding:6px 0"">14K or 18K yellow, white, or rose gold</td></tr><tr><td style=""padding:6px 16px 6px 0""><strong>Ring Sizes</strong></td><td style=""padding:6px 0"">8.5 to 13</td></tr></table><h3>Choose your metal color</h3><p>Made to order in <strong>14K or 18K yellow, white, or rose gold</strong>. The photograph shows one metal color; every style is cut in all of them. Choose your color at checkout, or message us and we will send a rendering in your color before we cut.</p><h3>14K or 18K: which should you choose?</h3><p>14K gold is 58.3% pure and alloyed with harder metals, which makes it more scratch resistant and the better choice for anyone who works with their hands. 18K is 75% pure, noticeably warmer and deeper in color, and heavier on the finger. It is softer, so it marks more readily over time. On a carved band the extra depth of color in 18K makes the pattern read with more contrast. Both are made to the same tolerances here; the difference is character and durability, not quality.</p>",Laura Milman New York,Rings,"mens wedding band,fluted wedding band,ribbed wedding band,textured ring,14k gold band,Yellow Gold,Rose Gold,Mens Wedding Bands",Vertical Fluted Wedding Band | 14K & 18K Gold,"Vertically fluted wedding band in 14K or 18K gold. Made to order in yellow, white, or rose gold."
mens-wedding-band-44,Wide Celtic Knot Wedding Band in 14K Gold,"<p>The Wide Celtic Knot Wedding Band is a 5mm men's wedding band in 14K or 18K yellow, white, or rose gold, from $1,500. Bold Celtic knotwork carved across a wide profile, with strands thick enough to hold their definition for a lifetime. The most substantial Celtic piece we make.</p><h3>Specifications</h3><table><tr><td style=""padding:6px 16px 6px 0""><strong>Band Width</strong></td><td style=""padding:6px 0"">5mm (custom widths by request)</td></tr><tr><td style=""padding:6px 16px 6px 0""><strong>Pattern</strong></td><td style=""padding:6px 0"">Wide Celtic Knot</td></tr><tr><td style=""padding:6px 16px 6px 0""><strong>Finish</strong></td><td style=""padding:6px 0"">Deep carved knotwork, wide profile</td></tr><tr><td style=""padding:6px 16px 6px 0""><strong>Metal Type</strong></td><td style=""padding:6px 0"">14K or 18K yellow, white, or rose gold</td></tr><tr><td style=""padding:6px 16px 6px 0""><strong>Ring Sizes</strong></td><td style=""padding:6px 0"">8.5 to 13</td></tr></table><h3>Choose your metal color</h3><p>Made to order in <strong>14K or 18K yellow, white, or rose gold</strong>. The photograph shows one metal color; every style is cut in all of them. Choose your color at checkout, or message us and we will send a rendering in your color before we cut.</p><h3>14K or 18K: which should you choose?</h3><p>14K gold is 58.3% pure and alloyed with harder metals, which makes it more scratch resistant and the better choice for anyone who works with their hands. 18K is 75% pure, noticeably warmer and deeper in color, and heavier on the finger. It is softer, so it marks more readily over time. On a carved band the extra depth of color in 18K makes the pattern read with more contrast. Both are made to the same tolerances here; the difference is character and durability, not quality.</p>",Laura Milman New York,Rings,"celtic wedding band,wide wedding band,celtic knot ring,mens wedding band,14k gold band,Yellow Gold,Rose Gold,Mens Wedding Bands",Wide Celtic Knot Wedding Band | 14K & 18K Gold,"Wide carved Celtic knot wedding band in 14K or 18K gold. Made to order in yellow, white, or rose gold."
mens-wedding-band-45,Carved Dot Wedding Band in 14K Gold,"<p>The Carved Dot Wedding Band is a 5mm men's wedding band in 14K or 18K yellow, white, or rose gold, from $1,500. Rows of raised dots are carved across the center panel in an even grid, giving the surface a tactile, almost hammered quality while staying perfectly regular.</p><h3>Specifications</h3><table><tr><td style=""padding:6px 16px 6px 0""><strong>Band Width</strong></td><td style=""padding:6px 0"">5mm (custom widths by request)</td></tr><tr><td style=""padding:6px 16px 6px 0""><strong>Pattern</strong></td><td style=""padding:6px 0"">Carved Dot</td></tr><tr><td style=""padding:6px 16px 6px 0""><strong>Finish</strong></td><td style=""padding:6px 0"">Carved dot relief</td></tr><tr><td style=""padding:6px 16px 6px 0""><strong>Metal Type</strong></td><td style=""padding:6px 0"">14K or 18K yellow, white, or rose gold</td></tr><tr><td style=""padding:6px 16px 6px 0""><strong>Ring Sizes</strong></td><td style=""padding:6px 0"">8.5 to 13</td></tr></table><h3>Choose your metal color</h3><p>Made to order in <strong>14K or 18K yellow, white, or rose gold</strong>. The photograph shows one metal color; every style is cut in all of them. Choose your color at checkout, or message us and we will send a rendering in your color before we cut.</p><h3>14K or 18K: which should you choose?</h3><p>14K gold is 58.3% pure and alloyed with harder metals, which makes it more scratch resistant and the better choice for anyone who works with their hands. 18K is 75% pure, noticeably warmer and deeper in color, and heavier on the finger. It is softer, so it marks more readily over time. On a carved band the extra depth of color in 18K makes the pattern read with more contrast. Both are made to the same tolerances here; the difference is character and durability, not quality.</p>",Laura Milman New York,Rings,"mens wedding band,textured wedding band,carved wedding band,dotted ring,14k gold band,Yellow Gold,Rose Gold,Mens Wedding Bands",Carved Dot Wedding Band for Men | 14K & 18K Gold,"Dot-textured wedding band carved in 14K or 18K gold. 5mm, made to order in yellow, white, or rose gold."
mens-wedding-band-46,Wood Grain Texture Wedding Band in 14K Gold,"<p>The Wood Grain Texture Wedding Band is a 5mm men's wedding band in 14K or 18K yellow, white, or rose gold, from $1,500. A soft wood-grain texture is worked across the full surface, irregular by design so no two rings come out of the shop identical. Warm, organic, and completely matte.</p><h3>Specifications</h3><table><tr><td style=""padding:6px 16px 6px 0""><strong>Band Width</strong></td><td style=""padding:6px 0"">5mm (custom widths by request)</td></tr><tr><td style=""padding:6px 16px 6px 0""><strong>Pattern</strong></td><td style=""padding:6px 0"">Wood Grain</td></tr><tr><td style=""padding:6px 16px 6px 0""><strong>Finish</strong></td><td style=""padding:6px 0"">All-over wood grain texture</td></tr><tr><td style=""padding:6px 16px 6px 0""><strong>Metal Type</strong></td><td style=""padding:6px 0"">14K or 18K yellow, white, or rose gold</td></tr><tr><td style=""padding:6px 16px 6px 0""><strong>Ring Sizes</strong></td><td style=""padding:6px 0"">8.5 to 13</td></tr></table><h3>Choose your metal color</h3><p>Made to order in <strong>14K or 18K yellow, white, or rose gold</strong>. The photograph shows one metal color; every style is cut in all of them. Choose your color at checkout, or message us and we will send a rendering in your color before we cut.</p><h3>14K or 18K: which should you choose?</h3><p>14K gold is 58.3% pure and alloyed with harder metals, which makes it more scratch resistant and the better choice for anyone who works with their hands. 18K is 75% pure, noticeably warmer and deeper in color, and heavier on the finger. It is softer, so it marks more readily over time. On a carved band the extra depth of color in 18K makes the pattern read with more contrast. Both are made to the same tolerances here; the difference is character and durability, not quality.</p>",Laura Milman New York,Rings,"wood grain ring,textured wedding band,mens wedding band,organic wedding band,14k gold band,Yellow Gold,Rose Gold,Mens Wedding Bands",Wood Grain Wedding Band for Men | 14K & 18K Gold,"Wood grain textured wedding band in 14K or 18K gold. Made to order in yellow, white, or rose gold."
mens-wedding-band-47,Lined Satin Wedding Band in 14K Gold,"<p>The Lined Satin Wedding Band is a 5mm men's wedding band in 14K or 18K yellow, white, or rose gold, from $1,500. Fine parallel lines are cut into satin borders on either side of a polished center. Clean, quiet, and easy to wear next to a watch.</p><h3>Specifications</h3><table><tr><td style=""padding:6px 16px 6px 0""><strong>Band Width</strong></td><td style=""padding:6px 0"">5mm (custom widths by request)</td></tr><tr><td style=""padding:6px 16px 6px 0""><strong>Pattern</strong></td><td style=""padding:6px 0"">Lined Satin</td></tr><tr><td style=""padding:6px 16px 6px 0""><strong>Finish</strong></td><td style=""padding:6px 0"">Lined satin edges, polished center</td></tr><tr><td style=""padding:6px 16px 6px 0""><strong>Metal Type</strong></td><td style=""padding:6px 0"">14K or 18K yellow, white, or rose gold</td></tr><tr><td style=""padding:6px 16px 6px 0""><strong>Ring Sizes</strong></td><td style=""padding:6px 0"">8.5 to 13</td></tr></table><h3>Choose your metal color</h3><p>Made to order in <strong>14K or 18K yellow, white, or rose gold</strong>. The photograph shows one metal color; every style is cut in all of them. Choose your color at checkout, or message us and we will send a rendering in your color before we cut.</p><h3>14K or 18K: which should you choose?</h3><p>14K gold is 58.3% pure and alloyed with harder metals, which makes it more scratch resistant and the better choice for anyone who works with their hands. 18K is 75% pure, noticeably warmer and deeper in color, and heavier on the finger. It is softer, so it marks more readily over time. On a carved band the extra depth of color in 18K makes the pattern read with more contrast. Both are made to the same tolerances here; the difference is character and durability, not quality.</p>",Laura Milman New York,Rings,"mens wedding band,satin wedding band,brushed wedding band,simple mens ring,14k gold band,Yellow Gold,Rose Gold,Mens Wedding Bands",Lined Satin Wedding Band for Men | 14K & 18K Gold,"Lined satin wedding band in 14K or 18K gold. 5mm, made to order in yellow, white, or rose gold."
mens-wedding-band-48,Woven Crosshatch Wedding Band in 14K Gold,"<p>The Woven Crosshatch Wedding Band is a 5mm men's wedding band in 14K or 18K yellow, white, or rose gold, from $1,500. Diagonal cuts cross in both directions to give the surface a woven appearance, with the intersections left bright so the pattern flickers as the hand moves.</p><h3>Specifications</h3><table><tr><td style=""padding:6px 16px 6px 0""><strong>Band Width</strong></td><td style=""padding:6px 0"">5mm (custom widths by request)</td></tr><tr><td style=""padding:6px 16px 6px 0""><strong>Pattern</strong></td><td style=""padding:6px 0"">Woven Crosshatch</td></tr><tr><td style=""padding:6px 16px 6px 0""><strong>Finish</strong></td><td style=""padding:6px 0"">Diamond-cut woven texture</td></tr><tr><td style=""padding:6px 16px 6px 0""><strong>Metal Type</strong></td><td style=""padding:6px 0"">14K or 18K yellow, white, or rose gold</td></tr><tr><td style=""padding:6px 16px 6px 0""><strong>Ring Sizes</strong></td><td style=""padding:6px 0"">8.5 to 13</td></tr></table><h3>Choose your metal color</h3><p>Made to order in <strong>14K or 18K yellow, white, or rose gold</strong>. The photograph shows one metal color; every style is cut in all of them. Choose your color at checkout, or message us and we will send a rendering in your color before we cut.</p><h3>14K or 18K: which should you choose?</h3><p>14K gold is 58.3% pure and alloyed with harder metals, which makes it more scratch resistant and the better choice for anyone who works with their hands. 18K is 75% pure, noticeably warmer and deeper in color, and heavier on the finger. It is softer, so it marks more readily over time. On a carved band the extra depth of color in 18K makes the pattern read with more contrast. Both are made to the same tolerances here; the difference is character and durability, not quality.</p>",Laura Milman New York,Rings,"mens wedding band,crosshatch ring,textured wedding band,diamond cut wedding band,14k gold band,Yellow Gold,Rose Gold,Mens Wedding Bands",Woven Crosshatch Wedding Band | 14K & 18K Gold,"Woven crosshatch wedding band in 14K or 18K gold. Made to order in yellow, white, or rose gold."
mens-wedding-band-49,Ribbed Groove Wedding Band in 14K Gold,"<p>The Ribbed Groove Wedding Band is a 5mm men's wedding band in 14K or 18K yellow, white, or rose gold, from $1,500. Deep vertical grooves are cut around the full circumference, spaced wide enough to read individually. Strong, architectural, and unmistakably machined.</p><h3>Specifications</h3><table><tr><td style=""padding:6px 16px 6px 0""><strong>Band Width</strong></td><td style=""padding:6px 0"">5mm (custom widths by request)</td></tr><tr><td style=""padding:6px 16px 6px 0""><strong>Pattern</strong></td><td style=""padding:6px 0"">Ribbed</td></tr><tr><td style=""padding:6px 16px 6px 0""><strong>Finish</strong></td><td style=""padding:6px 0"">Deep cut vertical grooves</td></tr><tr><td style=""padding:6px 16px 6px 0""><strong>Metal Type</strong></td><td style=""padding:6px 0"">14K or 18K yellow, white, or rose gold</td></tr><tr><td style=""padding:6px 16px 6px 0""><strong>Ring Sizes</strong></td><td style=""padding:6px 0"">8.5 to 13</td></tr></table><h3>Choose your metal color</h3><p>Made to order in <strong>14K or 18K yellow, white, or rose gold</strong>. The photograph shows one metal color; every style is cut in all of them. Choose your color at checkout, or message us and we will send a rendering in your color before we cut.</p><h3>14K or 18K: which should you choose?</h3><p>14K gold is 58.3% pure and alloyed with harder metals, which makes it more scratch resistant and the better choice for anyone who works with their hands. 18K is 75% pure, noticeably warmer and deeper in color, and heavier on the finger. It is softer, so it marks more readily over time. On a carved band the extra depth of color in 18K makes the pattern read with more contrast. Both are made to the same tolerances here; the difference is character and durability, not quality.</p>",Laura Milman New York,Rings,"mens wedding band,ribbed wedding band,grooved ring,modern mens ring,14k gold band,Yellow Gold,Rose Gold,Mens Wedding Bands",Ribbed Wedding Band for Men | 14K & 18K Gold,"Deep ribbed groove wedding band in 14K or 18K gold. 5mm, made to order in yellow, white, or rose gold."
mens-wedding-band-50,Carved Celtic Floral Wedding Band in 14K Gold,"<p>The Carved Celtic Floral Wedding Band is a 5mm men's wedding band in 14K or 18K yellow, white, or rose gold, from $1,500. Celtic knotwork and floral forms are carved together across a wide band, the two motifs weaving into one another rather than alternating. Ornate without tipping into busy.</p><h3>Specifications</h3><table><tr><td style=""padding:6px 16px 6px 0""><strong>Band Width</strong></td><td style=""padding:6px 0"">5mm (custom widths by request)</td></tr><tr><td style=""padding:6px 16px 6px 0""><strong>Pattern</strong></td><td style=""padding:6px 0"">Celtic Floral</td></tr><tr><td style=""padding:6px 16px 6px 0""><strong>Finish</strong></td><td style=""padding:6px 0"">Deep carved relief, wide profile</td></tr><tr><td style=""padding:6px 16px 6px 0""><strong>Metal Type</strong></td><td style=""padding:6px 0"">14K or 18K yellow, white, or rose gold</td></tr><tr><td style=""padding:6px 16px 6px 0""><strong>Ring Sizes</strong></td><td style=""padding:6px 0"">8.5 to 13</td></tr></table><h3>Choose your metal color</h3><p>Made to order in <strong>14K or 18K yellow, white, or rose gold</strong>. The photograph shows one metal color; every style is cut in all of them. Choose your color at checkout, or message us and we will send a rendering in your color before we cut.</p><h3>14K or 18K: which should you choose?</h3><p>14K gold is 58.3% pure and alloyed with harder metals, which makes it more scratch resistant and the better choice for anyone who works with their hands. 18K is 75% pure, noticeably warmer and deeper in color, and heavier on the finger. It is softer, so it marks more readily over time. On a carved band the extra depth of color in 18K makes the pattern read with more contrast. Both are made to the same tolerances here; the difference is character and durability, not quality.</p>",Laura Milman New York,Rings,"celtic wedding band,floral wedding band,carved wedding band,mens wedding band,14k gold band,Yellow Gold,Rose Gold,Mens Wedding Bands",Celtic Floral Wedding Band | 14K & 18K Gold,"Carved Celtic floral wedding band in 14K or 18K gold. Made to order in yellow, white, or rose gold."
mens-wedding-band-51,Beaded Circle Wedding Band in 14K Gold,"<p>The Beaded Circle Wedding Band is a 5mm men's wedding band in 14K or 18K yellow, white, or rose gold, from $1,500. A single row of carved circles runs the center of the band, each one ringed by fine beading. Small-scale detail that rewards a close look.</p><h3>Specifications</h3><table><tr><td style=""padding:6px 16px 6px 0""><strong>Band Width</strong></td><td style=""padding:6px 0"">5mm (custom widths by request)</td></tr><tr><td style=""padding:6px 16px 6px 0""><strong>Pattern</strong></td><td style=""padding:6px 0"">Beaded Circle</td></tr><tr><td style=""padding:6px 16px 6px 0""><strong>Finish</strong></td><td style=""padding:6px 0"">Carved circles with beaded detail</td></tr><tr><td style=""padding:6px 16px 6px 0""><strong>Metal Type</strong></td><td style=""padding:6px 0"">14K or 18K yellow, white, or rose gold</td></tr><tr><td style=""padding:6px 16px 6px 0""><strong>Ring Sizes</strong></td><td style=""padding:6px 0"">8.5 to 13</td></tr></table><h3>Choose your metal color</h3><p>Made to order in <strong>14K or 18K yellow, white, or rose gold</strong>. The photograph shows one metal color; every style is cut in all of them. Choose your color at checkout, or message us and we will send a rendering in your color before we cut.</p><h3>14K or 18K: which should you choose?</h3><p>14K gold is 58.3% pure and alloyed with harder metals, which makes it more scratch resistant and the better choice for anyone who works with their hands. 18K is 75% pure, noticeably warmer and deeper in color, and heavier on the finger. It is softer, so it marks more readily over time. On a carved band the extra depth of color in 18K makes the pattern read with more contrast. Both are made to the same tolerances here; the difference is character and durability, not quality.</p>",Laura Milman New York,Rings,"mens wedding band,beaded wedding band,carved wedding band,milgrain ring,14k gold band,Yellow Gold,Rose Gold,Mens Wedding Bands",Beaded Circle Wedding Band | 14K & 18K Gold,"Beaded circle wedding band carved in 14K or 18K gold. 5mm, made to order in yellow, white, or rose gold."
mens-wedding-band-52,Engraved Scroll Wedding Band in 14K Gold,"<p>The Engraved Scroll Wedding Band is a 5mm men's wedding band in 14K or 18K yellow, white, or rose gold, from $1,500. Flowing scrollwork engraved across a satin center, framed by polished edges. Traditional in feel and one of the easier patterns to pair with an ornate engagement ring.</p><h3>Specifications</h3><table><tr><td style=""padding:6px 16px 6px 0""><strong>Band Width</strong></td><td style=""padding:6px 0"">5mm (custom widths by request)</td></tr><tr><td style=""padding:6px 16px 6px 0""><strong>Pattern</strong></td><td style=""padding:6px 0"">Engraved Scroll</td></tr><tr><td style=""padding:6px 16px 6px 0""><strong>Finish</strong></td><td style=""padding:6px 0"">Engraved scroll on satin ground</td></tr><tr><td style=""padding:6px 16px 6px 0""><strong>Metal Type</strong></td><td style=""padding:6px 0"">14K or 18K yellow, white, or rose gold</td></tr><tr><td style=""padding:6px 16px 6px 0""><strong>Ring Sizes</strong></td><td style=""padding:6px 0"">8.5 to 13</td></tr></table><h3>Choose your metal color</h3><p>Made to order in <strong>14K or 18K yellow, white, or rose gold</strong>. The photograph shows one metal color; every style is cut in all of them. Choose your color at checkout, or message us and we will send a rendering in your color before we cut.</p><h3>14K or 18K: which should you choose?</h3><p>14K gold is 58.3% pure and alloyed with harder metals, which makes it more scratch resistant and the better choice for anyone who works with their hands. 18K is 75% pure, noticeably warmer and deeper in color, and heavier on the finger. It is softer, so it marks more readily over time. On a carved band the extra depth of color in 18K makes the pattern read with more contrast. Both are made to the same tolerances here; the difference is character and durability, not quality.</p>",Laura Milman New York,Rings,"engraved wedding band,scroll ring,mens wedding band,vintage wedding band,14k gold band,Yellow Gold,Rose Gold,Mens Wedding Bands",Engraved Scroll Wedding Band | 14K & 18K Gold,"Engraved scroll wedding band in 14K or 18K gold. Made to order in yellow, white, or rose gold."
mens-wedding-band-53,Carved Swirl Wedding Band in 14K Gold,"<p>The Carved Swirl Wedding Band is a 5mm men's wedding band in 14K or 18K yellow, white, or rose gold, from $1,500. Broad swirls are carved into a satin surface and cross over a bright polished center, giving the band a sense of motion from every angle.</p><h3>Specifications</h3><table><tr><td style=""padding:6px 16px 6px 0""><strong>Band Width</strong></td><td style=""padding:6px 0"">5mm (custom widths by request)</td></tr><tr><td style=""padding:6px 16px 6px 0""><strong>Pattern</strong></td><td style=""padding:6px 0"">Carved Swirl</td></tr><tr><td style=""padding:6px 16px 6px 0""><strong>Finish</strong></td><td style=""padding:6px 0"">Carved swirl, polished center</td></tr><tr><td style=""padding:6px 16px 6px 0""><strong>Metal Type</strong></td><td style=""padding:6px 0"">14K or 18K yellow, white, or rose gold</td></tr><tr><td style=""padding:6px 16px 6px 0""><strong>Ring Sizes</strong></td><td style=""padding:6px 0"">8.5 to 13</td></tr></table><h3>Choose your metal color</h3><p>Made to order in <strong>14K or 18K yellow, white, or rose gold</strong>. The photograph shows one metal color; every style is cut in all of them. Choose your color at checkout, or message us and we will send a rendering in your color before we cut.</p><h3>14K or 18K: which should you choose?</h3><p>14K gold is 58.3% pure and alloyed with harder metals, which makes it more scratch resistant and the better choice for anyone who works with their hands. 18K is 75% pure, noticeably warmer and deeper in color, and heavier on the finger. It is softer, so it marks more readily over time. On a carved band the extra depth of color in 18K makes the pattern read with more contrast. Both are made to the same tolerances here; the difference is character and durability, not quality.</p>",Laura Milman New York,Rings,"mens wedding band,swirl ring,carved wedding band,modern mens ring,14k gold band,Yellow Gold,Rose Gold,Mens Wedding Bands",Carved Swirl Wedding Band for Men | 14K & 18K Gold,"Carved swirl wedding band in 14K or 18K gold. 5mm, made to order in yellow, white, or rose gold."
mens-wedding-band-54,Fine Crosshatch Wedding Band in 14K Gold,"<p>The Fine Crosshatch Wedding Band is a 5mm men's wedding band in 14K or 18K yellow, white, or rose gold, from $1,500. A close, fine crosshatch is cut over the whole surface, fine enough that it reads as a shimmer rather than a pattern until you look closely.</p><h3>Specifications</h3><table><tr><td style=""padding:6px 16px 6px 0""><strong>Band Width</strong></td><td style=""padding:6px 0"">5mm (custom widths by request)</td></tr><tr><td style=""padding:6px 16px 6px 0""><strong>Pattern</strong></td><td style=""padding:6px 0"">Fine Crosshatch</td></tr><tr><td style=""padding:6px 16px 6px 0""><strong>Finish</strong></td><td style=""padding:6px 0"">Fine all-over crosshatch</td></tr><tr><td style=""padding:6px 16px 6px 0""><strong>Metal Type</strong></td><td style=""padding:6px 0"">14K or 18K yellow, white, or rose gold</td></tr><tr><td style=""padding:6px 16px 6px 0""><strong>Ring Sizes</strong></td><td style=""padding:6px 0"">8.5 to 13</td></tr></table><h3>Choose your metal color</h3><p>Made to order in <strong>14K or 18K yellow, white, or rose gold</strong>. The photograph shows one metal color; every style is cut in all of them. Choose your color at checkout, or message us and we will send a rendering in your color before we cut.</p><h3>14K or 18K: which should you choose?</h3><p>14K gold is 58.3% pure and alloyed with harder metals, which makes it more scratch resistant and the better choice for anyone who works with their hands. 18K is 75% pure, noticeably warmer and deeper in color, and heavier on the finger. It is softer, so it marks more readily over time. On a carved band the extra depth of color in 18K makes the pattern read with more contrast. Both are made to the same tolerances here; the difference is character and durability, not quality.</p>",Laura Milman New York,Rings,"mens wedding band,crosshatch ring,textured wedding band,diamond cut wedding band,14k gold band,Yellow Gold,Rose Gold,Mens Wedding Bands",Fine Crosshatch Wedding Band | 14K & 18K Gold,"Fine crosshatch textured wedding band in 14K or 18K gold. Made to order in yellow, white, or rose gold."
mens-wedding-band-55,Fluted Milgrain Wedding Band in 14K Gold,"<p>The Fluted Milgrain Wedding Band is a 5mm men's wedding band in 14K or 18K yellow, white, or rose gold, from $1,500. Angled fluting through the center with fine milgrain beading along both edges. The combination of machined and traditional detail is what gives this one its character.</p><h3>Specifications</h3><table><tr><td style=""padding:6px 16px 6px 0""><strong>Band Width</strong></td><td style=""padding:6px 0"">5mm (custom widths by request)</td></tr><tr><td style=""padding:6px 16px 6px 0""><strong>Pattern</strong></td><td style=""padding:6px 0"">Fluted Milgrain</td></tr><tr><td style=""padding:6px 16px 6px 0""><strong>Finish</strong></td><td style=""padding:6px 0"">Angled fluting, milgrain edges</td></tr><tr><td style=""padding:6px 16px 6px 0""><strong>Metal Type</strong></td><td style=""padding:6px 0"">14K or 18K yellow, white, or rose gold</td></tr><tr><td style=""padding:6px 16px 6px 0""><strong>Ring Sizes</strong></td><td style=""padding:6px 0"">8.5 to 13</td></tr></table><h3>Choose your metal color</h3><p>Made to order in <strong>14K or 18K yellow, white, or rose gold</strong>. The photograph shows one metal color; every style is cut in all of them. Choose your color at checkout, or message us and we will send a rendering in your color before we cut.</p><h3>14K or 18K: which should you choose?</h3><p>14K gold is 58.3% pure and alloyed with harder metals, which makes it more scratch resistant and the better choice for anyone who works with their hands. 18K is 75% pure, noticeably warmer and deeper in color, and heavier on the finger. It is softer, so it marks more readily over time. On a carved band the extra depth of color in 18K makes the pattern read with more contrast. Both are made to the same tolerances here; the difference is character and durability, not quality.</p>",Laura Milman New York,Rings,"milgrain wedding band,fluted wedding band,mens wedding band,textured ring,14k gold band,Yellow Gold,Rose Gold,Mens Wedding Bands",Fluted Milgrain Wedding Band | 14K & 18K Gold,"Fluted wedding band with milgrain edges in 14K or 18K gold. 5mm, made to order in yellow, white, or rose gold."
mens-wedding-band-56,Basketweave Block Wedding Band in 14K Gold,"<p>The Basketweave Block Wedding Band is a 5mm men's wedding band in 14K or 18K yellow, white, or rose gold, from $1,500. Alternating satin blocks are set in a basketweave arrangement around the band, each one catching light on a different plane. Heavy in appearance and genuinely three-dimensional.</p><h3>Specifications</h3><table><tr><td style=""padding:6px 16px 6px 0""><strong>Band Width</strong></td><td style=""padding:6px 0"">5mm (custom widths by request)</td></tr><tr><td style=""padding:6px 16px 6px 0""><strong>Pattern</strong></td><td style=""padding:6px 0"">Basketweave</td></tr><tr><td style=""padding:6px 16px 6px 0""><strong>Finish</strong></td><td style=""padding:6px 0"">Carved satin blocks</td></tr><tr><td style=""padding:6px 16px 6px 0""><strong>Metal Type</strong></td><td style=""padding:6px 0"">14K or 18K yellow, white, or rose gold</td></tr><tr><td style=""padding:6px 16px 6px 0""><strong>Ring Sizes</strong></td><td style=""padding:6px 0"">8.5 to 13</td></tr></table><h3>Choose your metal color</h3><p>Made to order in <strong>14K or 18K yellow, white, or rose gold</strong>. The photograph shows one metal color; every style is cut in all of them. Choose your color at checkout, or message us and we will send a rendering in your color before we cut.</p><h3>14K or 18K: which should you choose?</h3><p>14K gold is 58.3% pure and alloyed with harder metals, which makes it more scratch resistant and the better choice for anyone who works with their hands. 18K is 75% pure, noticeably warmer and deeper in color, and heavier on the finger. It is softer, so it marks more readily over time. On a carved band the extra depth of color in 18K makes the pattern read with more contrast. Both are made to the same tolerances here; the difference is character and durability, not quality.</p>",Laura Milman New York,Rings,"mens wedding band,basketweave ring,carved wedding band,modern mens ring,14k gold band,Yellow Gold,Rose Gold,Mens Wedding Bands",Basketweave Wedding Band for Men | 14K & 18K Gold,"Basketweave block wedding band in 14K or 18K gold. Made to order in yellow, white, or rose gold."
mens-wedding-band-57,Roman Numeral Date Wedding Band in 14K Gold,"<p>The Roman Numeral Date Wedding Band is a 5mm men's wedding band in 14K or 18K yellow, white, or rose gold, from $1,500. Your date carved in raised Roman numerals around the band. We cut whichever date matters, the wedding, the day you met, a child's birthday, in serif capitals deep enough to last.</p><h3>Specifications</h3><table><tr><td style=""padding:6px 16px 6px 0""><strong>Band Width</strong></td><td style=""padding:6px 0"">5mm (custom widths by request)</td></tr><tr><td style=""padding:6px 16px 6px 0""><strong>Pattern</strong></td><td style=""padding:6px 0"">Roman Numeral</td></tr><tr><td style=""padding:6px 16px 6px 0""><strong>Finish</strong></td><td style=""padding:6px 0"">Carved relief numerals</td></tr><tr><td style=""padding:6px 16px 6px 0""><strong>Metal Type</strong></td><td style=""padding:6px 0"">14K or 18K yellow, white, or rose gold</td></tr><tr><td style=""padding:6px 16px 6px 0""><strong>Ring Sizes</strong></td><td style=""padding:6px 0"">8.5 to 13</td></tr></table><h3>Choose your metal color</h3><p>Made to order in <strong>14K or 18K yellow, white, or rose gold</strong>. The photograph shows one metal color; every style is cut in all of them. Choose your color at checkout, or message us and we will send a rendering in your color before we cut.</p><h3>14K or 18K: which should you choose?</h3><p>14K gold is 58.3% pure and alloyed with harder metals, which makes it more scratch resistant and the better choice for anyone who works with their hands. 18K is 75% pure, noticeably warmer and deeper in color, and heavier on the finger. It is softer, so it marks more readily over time. On a carved band the extra depth of color in 18K makes the pattern read with more contrast. Both are made to the same tolerances here; the difference is character and durability, not quality.</p>",Laura Milman New York,Rings,"roman numeral ring,custom wedding band,personalized wedding band,mens wedding band,14k gold band,Yellow Gold,Rose Gold,Mens Wedding Bands",Roman Numeral Wedding Band for Men | 14K & 18K Gold,"Custom Roman numeral date wedding band in 14K or 18K gold. Carved to order in yellow, white, or rose gold."
mens-wedding-band-59,Dense Celtic Knot Wedding Band in 14K Gold,"<p>The Dense Celtic Knot Wedding Band is a 5mm men's wedding band in 14K or 18K yellow, white, or rose gold, from $1,500. Tightly packed Celtic knotwork covering the full width, with more strands per inch than our standard knot patterns. Detailed enough that the eye keeps finding new paths through it.</p><h3>Specifications</h3><table><tr><td style=""padding:6px 16px 6px 0""><strong>Band Width</strong></td><td style=""padding:6px 0"">5mm (custom widths by request)</td></tr><tr><td style=""padding:6px 16px 6px 0""><strong>Pattern</strong></td><td style=""padding:6px 0"">Celtic Knot</td></tr><tr><td style=""padding:6px 16px 6px 0""><strong>Finish</strong></td><td style=""padding:6px 0"">Deep carved knotwork</td></tr><tr><td style=""padding:6px 16px 6px 0""><strong>Metal Type</strong></td><td style=""padding:6px 0"">14K or 18K yellow, white, or rose gold</td></tr><tr><td style=""padding:6px 16px 6px 0""><strong>Ring Sizes</strong></td><td style=""padding:6px 0"">8.5 to 13</td></tr></table><h3>Choose your metal color</h3><p>Made to order in <strong>14K or 18K yellow, white, or rose gold</strong>. The photograph shows one metal color; every style is cut in all of them. Choose your color at checkout, or message us and we will send a rendering in your color before we cut.</p><h3>14K or 18K: which should you choose?</h3><p>14K gold is 58.3% pure and alloyed with harder metals, which makes it more scratch resistant and the better choice for anyone who works with their hands. 18K is 75% pure, noticeably warmer and deeper in color, and heavier on the finger. It is softer, so it marks more readily over time. On a carved band the extra depth of color in 18K makes the pattern read with more contrast. Both are made to the same tolerances here; the difference is character and durability, not quality.</p>",Laura Milman New York,Rings,"celtic wedding band,celtic knot ring,mens wedding band,irish wedding band,14k gold band,Yellow Gold,Rose Gold,Mens Wedding Bands",Celtic Knot Wedding Band for Men | 14K & 18K Gold,"Dense carved Celtic knot wedding band in 14K or 18K gold. Made to order in yellow, white, or rose gold."
mens-wedding-band-60,Open Celtic Knot Wedding Band in 14K Gold,"<p>The Open Celtic Knot Wedding Band is a 5mm men's wedding band in 14K or 18K yellow, white, or rose gold, from $1,500. Celtic knotwork carved with open negative space between the strands, so light passes through the gaps and the pattern reads with more air than a solid carved band.</p><h3>Specifications</h3><table><tr><td style=""padding:6px 16px 6px 0""><strong>Band Width</strong></td><td style=""padding:6px 0"">5mm (custom widths by request)</td></tr><tr><td style=""padding:6px 16px 6px 0""><strong>Pattern</strong></td><td style=""padding:6px 0"">Open Celtic Knot</td></tr><tr><td style=""padding:6px 16px 6px 0""><strong>Finish</strong></td><td style=""padding:6px 0"">Open carved knotwork</td></tr><tr><td style=""padding:6px 16px 6px 0""><strong>Metal Type</strong></td><td style=""padding:6px 0"">14K or 18K yellow, white, or rose gold</td></tr><tr><td style=""padding:6px 16px 6px 0""><strong>Ring Sizes</strong></td><td style=""padding:6px 0"">8.5 to 13</td></tr></table><h3>Choose your metal color</h3><p>Made to order in <strong>14K or 18K yellow, white, or rose gold</strong>. The photograph shows one metal color; every style is cut in all of them. Choose your color at checkout, or message us and we will send a rendering in your color before we cut.</p><h3>14K or 18K: which should you choose?</h3><p>14K gold is 58.3% pure and alloyed with harder metals, which makes it more scratch resistant and the better choice for anyone who works with their hands. 18K is 75% pure, noticeably warmer and deeper in color, and heavier on the finger. It is softer, so it marks more readily over time. On a carved band the extra depth of color in 18K makes the pattern read with more contrast. Both are made to the same tolerances here; the difference is character and durability, not quality.</p>",Laura Milman New York,Rings,"celtic wedding band,celtic knot ring,mens wedding band,irish wedding band,14k gold band,Yellow Gold,Rose Gold,Mens Wedding Bands",Open Celtic Knot Wedding Band | 14K & 18K Gold,"Open carved Celtic knot wedding band in 14K or 18K gold. Made to order in yellow, white, or rose gold."
mens-wedding-band-61,Beaded Texture Wedding Band in 14K Gold,"<p>The Beaded Texture Wedding Band is a 5mm men's wedding band in 14K or 18K yellow, white, or rose gold, from $1,500. A finely beaded texture fills the recessed center of the band, framed by bright polished rails. Soft to the eye, with just enough grain to keep it from reading flat.</p><h3>Specifications</h3><table><tr><td style=""padding:6px 16px 6px 0""><strong>Band Width</strong></td><td style=""padding:6px 0"">5mm (custom widths by request)</td></tr><tr><td style=""padding:6px 16px 6px 0""><strong>Pattern</strong></td><td style=""padding:6px 0"">Beaded Texture</td></tr><tr><td style=""padding:6px 16px 6px 0""><strong>Finish</strong></td><td style=""padding:6px 0"">Beaded texture, polished rails</td></tr><tr><td style=""padding:6px 16px 6px 0""><strong>Metal Type</strong></td><td style=""padding:6px 0"">14K or 18K yellow, white, or rose gold</td></tr><tr><td style=""padding:6px 16px 6px 0""><strong>Ring Sizes</strong></td><td style=""padding:6px 0"">8.5 to 13</td></tr></table><h3>Choose your metal color</h3><p>Made to order in <strong>14K or 18K yellow, white, or rose gold</strong>. The photograph shows one metal color; every style is cut in all of them. Choose your color at checkout, or message us and we will send a rendering in your color before we cut.</p><h3>14K or 18K: which should you choose?</h3><p>14K gold is 58.3% pure and alloyed with harder metals, which makes it more scratch resistant and the better choice for anyone who works with their hands. 18K is 75% pure, noticeably warmer and deeper in color, and heavier on the finger. It is softer, so it marks more readily over time. On a carved band the extra depth of color in 18K makes the pattern read with more contrast. Both are made to the same tolerances here; the difference is character and durability, not quality.</p>",Laura Milman New York,Rings,"mens wedding band,textured wedding band,beaded ring,carved wedding band,14k gold band,Yellow Gold,Rose Gold,Mens Wedding Bands",Beaded Texture Wedding Band | 14K & 18K Gold,"Beaded texture wedding band in 14K or 18K gold. 5mm, made to order in yellow, white, or rose gold."
mens-wedding-band-62,Textured Wave Wedding Band in 14K Gold,"<p>The Textured Wave Wedding Band is a 5mm men's wedding band in 14K or 18K yellow, white, or rose gold, from $1,500. A broad S-curve wave is worked in fine sandblast texture across a bright surface, the contrast between matte and polish doing the work instead of carved depth.</p><h3>Specifications</h3><table><tr><td style=""padding:6px 16px 6px 0""><strong>Band Width</strong></td><td style=""padding:6px 0"">5mm (custom widths by request)</td></tr><tr><td style=""padding:6px 16px 6px 0""><strong>Pattern</strong></td><td style=""padding:6px 0"">Textured Wave</td></tr><tr><td style=""padding:6px 16px 6px 0""><strong>Finish</strong></td><td style=""padding:6px 0"">Sandblast texture on polished ground</td></tr><tr><td style=""padding:6px 16px 6px 0""><strong>Metal Type</strong></td><td style=""padding:6px 0"">14K or 18K yellow, white, or rose gold</td></tr><tr><td style=""padding:6px 16px 6px 0""><strong>Ring Sizes</strong></td><td style=""padding:6px 0"">8.5 to 13</td></tr></table><h3>Choose your metal color</h3><p>Made to order in <strong>14K or 18K yellow, white, or rose gold</strong>. The photograph shows one metal color; every style is cut in all of them. Choose your color at checkout, or message us and we will send a rendering in your color before we cut.</p><h3>14K or 18K: which should you choose?</h3><p>14K gold is 58.3% pure and alloyed with harder metals, which makes it more scratch resistant and the better choice for anyone who works with their hands. 18K is 75% pure, noticeably warmer and deeper in color, and heavier on the finger. It is softer, so it marks more readily over time. On a carved band the extra depth of color in 18K makes the pattern read with more contrast. Both are made to the same tolerances here; the difference is character and durability, not quality.</p>",Laura Milman New York,Rings,"mens wedding band,wave wedding band,textured wedding band,sandblast ring,14k gold band,Yellow Gold,Rose Gold,Mens Wedding Bands",Textured Wave Wedding Band | 14K & 18K Gold,"Textured wave wedding band in 14K or 18K gold. Made to order in yellow, white, or rose gold."
mens-wedding-band-63,Beaded Diagonal Wedding Band in 14K Gold,"<p>The Beaded Diagonal Wedding Band is a 5mm men's wedding band in 14K or 18K yellow, white, or rose gold, from $1,500. Diagonal stripes of fine beading run across the band at a consistent angle, giving it a subtle directional movement without any deep carving.</p><h3>Specifications</h3><table><tr><td style=""padding:6px 16px 6px 0""><strong>Band Width</strong></td><td style=""padding:6px 0"">5mm (custom widths by request)</td></tr><tr><td style=""padding:6px 16px 6px 0""><strong>Pattern</strong></td><td style=""padding:6px 0"">Beaded Diagonal</td></tr><tr><td style=""padding:6px 16px 6px 0""><strong>Finish</strong></td><td style=""padding:6px 0"">Beaded diagonal texture</td></tr><tr><td style=""padding:6px 16px 6px 0""><strong>Metal Type</strong></td><td style=""padding:6px 0"">14K or 18K yellow, white, or rose gold</td></tr><tr><td style=""padding:6px 16px 6px 0""><strong>Ring Sizes</strong></td><td style=""padding:6px 0"">8.5 to 13</td></tr></table><h3>Choose your metal color</h3><p>Made to order in <strong>14K or 18K yellow, white, or rose gold</strong>. The photograph shows one metal color; every style is cut in all of them. Choose your color at checkout, or message us and we will send a rendering in your color before we cut.</p><h3>14K or 18K: which should you choose?</h3><p>14K gold is 58.3% pure and alloyed with harder metals, which makes it more scratch resistant and the better choice for anyone who works with their hands. 18K is 75% pure, noticeably warmer and deeper in color, and heavier on the finger. It is softer, so it marks more readily over time. On a carved band the extra depth of color in 18K makes the pattern read with more contrast. Both are made to the same tolerances here; the difference is character and durability, not quality.</p>",Laura Milman New York,Rings,"mens wedding band,textured wedding band,beaded ring,diagonal wedding band,14k gold band,Yellow Gold,Rose Gold,Mens Wedding Bands",Beaded Diagonal Wedding Band | 14K & 18K Gold,"Beaded diagonal wedding band in 14K or 18K gold. 5mm, made to order in yellow, white, or rose gold."
mens-wedding-band-64,Beaded Column Wedding Band in 14K Gold,"<p>The Beaded Column Wedding Band is a 5mm men's wedding band in 14K or 18K yellow, white, or rose gold, from $1,500. Vertical columns of fine beading run the full width, close-set and evenly spaced. Structured and precise, with a lot of surface detail for a 5mm band.</p><h3>Specifications</h3><table><tr><td style=""padding:6px 16px 6px 0""><strong>Band Width</strong></td><td style=""padding:6px 0"">5mm (custom widths by request)</td></tr><tr><td style=""padding:6px 16px 6px 0""><strong>Pattern</strong></td><td style=""padding:6px 0"">Beaded Column</td></tr><tr><td style=""padding:6px 16px 6px 0""><strong>Finish</strong></td><td style=""padding:6px 0"">Beaded column texture</td></tr><tr><td style=""padding:6px 16px 6px 0""><strong>Metal Type</strong></td><td style=""padding:6px 0"">14K or 18K yellow, white, or rose gold</td></tr><tr><td style=""padding:6px 16px 6px 0""><strong>Ring Sizes</strong></td><td style=""padding:6px 0"">8.5 to 13</td></tr></table><h3>Choose your metal color</h3><p>Made to order in <strong>14K or 18K yellow, white, or rose gold</strong>. The photograph shows one metal color; every style is cut in all of them. Choose your color at checkout, or message us and we will send a rendering in your color before we cut.</p><h3>14K or 18K: which should you choose?</h3><p>14K gold is 58.3% pure and alloyed with harder metals, which makes it more scratch resistant and the better choice for anyone who works with their hands. 18K is 75% pure, noticeably warmer and deeper in color, and heavier on the finger. It is softer, so it marks more readily over time. On a carved band the extra depth of color in 18K makes the pattern read with more contrast. Both are made to the same tolerances here; the difference is character and durability, not quality.</p>",Laura Milman New York,Rings,"mens wedding band,textured wedding band,beaded ring,carved wedding band,14k gold band,Yellow Gold,Rose Gold,Mens Wedding Bands",Beaded Column Wedding Band | 14K & 18K Gold,"Beaded column wedding band in 14K or 18K gold. Made to order in yellow, white, or rose gold."
mens-wedding-band-65,Carved Filigree Wedding Band in 14K Gold,"<p>The Carved Filigree Wedding Band is a 5mm men's wedding band in 14K or 18K yellow, white, or rose gold, from $1,500. Sweeping filigree scrollwork is carved across the band in generous curves, more open and flowing than the tighter engraved styles. Reads ornate from a distance.</p><h3>Specifications</h3><table><tr><td style=""padding:6px 16px 6px 0""><strong>Band Width</strong></td><td style=""padding:6px 0"">5mm (custom widths by request)</td></tr><tr><td style=""padding:6px 16px 6px 0""><strong>Pattern</strong></td><td style=""padding:6px 0"">Carved Filigree</td></tr><tr><td style=""padding:6px 16px 6px 0""><strong>Finish</strong></td><td style=""padding:6px 0"">Deep carved filigree</td></tr><tr><td style=""padding:6px 16px 6px 0""><strong>Metal Type</strong></td><td style=""padding:6px 0"">14K or 18K yellow, white, or rose gold</td></tr><tr><td style=""padding:6px 16px 6px 0""><strong>Ring Sizes</strong></td><td style=""padding:6px 0"">8.5 to 13</td></tr></table><h3>Choose your metal color</h3><p>Made to order in <strong>14K or 18K yellow, white, or rose gold</strong>. The photograph shows one metal color; every style is cut in all of them. Choose your color at checkout, or message us and we will send a rendering in your color before we cut.</p><h3>14K or 18K: which should you choose?</h3><p>14K gold is 58.3% pure and alloyed with harder metals, which makes it more scratch resistant and the better choice for anyone who works with their hands. 18K is 75% pure, noticeably warmer and deeper in color, and heavier on the finger. It is softer, so it marks more readily over time. On a carved band the extra depth of color in 18K makes the pattern read with more contrast. Both are made to the same tolerances here; the difference is character and durability, not quality.</p>",Laura Milman New York,Rings,"filigree wedding band,carved wedding band,mens wedding band,vintage wedding band,14k gold band,Yellow Gold,Rose Gold,Mens Wedding Bands",Carved Filigree Wedding Band | 14K & 18K Gold,"Carved filigree wedding band in 14K or 18K gold. Made to order in yellow, white, or rose gold."
mens-wedding-band-66,Woven Celtic Lattice Wedding Band in 14K Gold,"<p>The Woven Celtic Lattice Wedding Band is a 5mm men's wedding band in 14K or 18K yellow, white, or rose gold, from $1,500. An open Celtic weave carved right through the band, with genuine negative space between the strands. One of the more dramatic pieces in the collection and noticeably light on the hand for its width.</p><h3>Specifications</h3><table><tr><td style=""padding:6px 16px 6px 0""><strong>Band Width</strong></td><td style=""padding:6px 0"">5mm (custom widths by request)</td></tr><tr><td style=""padding:6px 16px 6px 0""><strong>Pattern</strong></td><td style=""padding:6px 0"">Woven Celtic Lattice</td></tr><tr><td style=""padding:6px 16px 6px 0""><strong>Finish</strong></td><td style=""padding:6px 0"">Openwork carved lattice</td></tr><tr><td style=""padding:6px 16px 6px 0""><strong>Metal Type</strong></td><td style=""padding:6px 0"">14K or 18K yellow, white, or rose gold</td></tr><tr><td style=""padding:6px 16px 6px 0""><strong>Ring Sizes</strong></td><td style=""padding:6px 0"">8.5 to 13</td></tr></table><h3>Choose your metal color</h3><p>Made to order in <strong>14K or 18K yellow, white, or rose gold</strong>. The photograph shows one metal color; every style is cut in all of them. Choose your color at checkout, or message us and we will send a rendering in your color before we cut.</p><h3>14K or 18K: which should you choose?</h3><p>14K gold is 58.3% pure and alloyed with harder metals, which makes it more scratch resistant and the better choice for anyone who works with their hands. 18K is 75% pure, noticeably warmer and deeper in color, and heavier on the finger. It is softer, so it marks more readily over time. On a carved band the extra depth of color in 18K makes the pattern read with more contrast. Both are made to the same tolerances here; the difference is character and durability, not quality.</p>",Laura Milman New York,Rings,"celtic wedding band,openwork ring,mens wedding band,irish wedding band,14k gold band,Yellow Gold,Rose Gold,Mens Wedding Bands",Woven Celtic Lattice Wedding Band | 14K & 18K Gold,"Openwork Celtic lattice wedding band in 14K or 18K gold. Made to order in yellow, white, or rose gold."
mens-wedding-band-67,Argyle Diamond-Cut Wedding Band in 14K Gold,"<p>The Argyle Diamond-Cut Wedding Band is a 5mm men's wedding band in 14K or 18K yellow, white, or rose gold, from $1,500. A large-scale argyle diamond pattern is diamond-cut into the surface, the facets set at opposing angles so alternating diamonds flash bright and dark.</p><h3>Specifications</h3><table><tr><td style=""padding:6px 16px 6px 0""><strong>Band Width</strong></td><td style=""padding:6px 0"">5mm (custom widths by request)</td></tr><tr><td style=""padding:6px 16px 6px 0""><strong>Pattern</strong></td><td style=""padding:6px 0"">Argyle</td></tr><tr><td style=""padding:6px 16px 6px 0""><strong>Finish</strong></td><td style=""padding:6px 0"">Diamond-cut argyle pattern</td></tr><tr><td style=""padding:6px 16px 6px 0""><strong>Metal Type</strong></td><td style=""padding:6px 0"">14K or 18K yellow, white, or rose gold</td></tr><tr><td style=""padding:6px 16px 6px 0""><strong>Ring Sizes</strong></td><td style=""padding:6px 0"">8.5 to 13</td></tr></table><h3>Choose your metal color</h3><p>Made to order in <strong>14K or 18K yellow, white, or rose gold</strong>. The photograph shows one metal color; every style is cut in all of them. Choose your color at checkout, or message us and we will send a rendering in your color before we cut.</p><h3>14K or 18K: which should you choose?</h3><p>14K gold is 58.3% pure and alloyed with harder metals, which makes it more scratch resistant and the better choice for anyone who works with their hands. 18K is 75% pure, noticeably warmer and deeper in color, and heavier on the finger. It is softer, so it marks more readily over time. On a carved band the extra depth of color in 18K makes the pattern read with more contrast. Both are made to the same tolerances here; the difference is character and durability, not quality.</p>",Laura Milman New York,Rings,"diamond cut wedding band,argyle ring,mens wedding band,textured wedding band,14k gold band,Yellow Gold,Rose Gold,Mens Wedding Bands",Argyle Wedding Band for Men | 14K & 18K Gold,"Argyle diamond-cut wedding band in 14K or 18K gold. 5mm, made to order in yellow, white, or rose gold."
mens-wedding-band-68,Diamond-Cut Braid Wedding Band in 14K Gold,"<p>The Diamond-Cut Braid Wedding Band is a 5mm men's wedding band in 14K or 18K yellow, white, or rose gold, from $1,500. A braided pattern is diamond-cut rather than carved, so it reads bright and reflective where a carved braid would read as shadow. Considerably more eye-catching in person.</p><h3>Specifications</h3><table><tr><td style=""padding:6px 16px 6px 0""><strong>Band Width</strong></td><td style=""padding:6px 0"">5mm (custom widths by request)</td></tr><tr><td style=""padding:6px 16px 6px 0""><strong>Pattern</strong></td><td style=""padding:6px 0"">Diamond-Cut Braid</td></tr><tr><td style=""padding:6px 16px 6px 0""><strong>Finish</strong></td><td style=""padding:6px 0"">Diamond-cut braid</td></tr><tr><td style=""padding:6px 16px 6px 0""><strong>Metal Type</strong></td><td style=""padding:6px 0"">14K or 18K yellow, white, or rose gold</td></tr><tr><td style=""padding:6px 16px 6px 0""><strong>Ring Sizes</strong></td><td style=""padding:6px 0"">8.5 to 13</td></tr></table><h3>Choose your metal color</h3><p>Made to order in <strong>14K or 18K yellow, white, or rose gold</strong>. The photograph shows one metal color; every style is cut in all of them. Choose your color at checkout, or message us and we will send a rendering in your color before we cut.</p><h3>14K or 18K: which should you choose?</h3><p>14K gold is 58.3% pure and alloyed with harder metals, which makes it more scratch resistant and the better choice for anyone who works with their hands. 18K is 75% pure, noticeably warmer and deeper in color, and heavier on the finger. It is softer, so it marks more readily over time. On a carved band the extra depth of color in 18K makes the pattern read with more contrast. Both are made to the same tolerances here; the difference is character and durability, not quality.</p>",Laura Milman New York,Rings,"diamond cut wedding band,braided wedding band,mens wedding band,textured ring,14k gold band,Yellow Gold,Rose Gold,Mens Wedding Bands",Diamond-Cut Braid Wedding Band | 14K & 18K Gold,"Diamond-cut braid wedding band in 14K or 18K gold. Made to order in yellow, white, or rose gold."
mens-wedding-band-69,Engraved Fan Wedding Band in 14K Gold,"<p>The Engraved Fan Wedding Band is a 5mm men's wedding band in 14K or 18K yellow, white, or rose gold, from $1,500. Fanned engraving radiates from the edges of the band toward the center in fine parallel cuts, a technique borrowed from antique hand-engraving and executed with modern precision.</p><h3>Specifications</h3><table><tr><td style=""padding:6px 16px 6px 0""><strong>Band Width</strong></td><td style=""padding:6px 0"">5mm (custom widths by request)</td></tr><tr><td style=""padding:6px 16px 6px 0""><strong>Pattern</strong></td><td style=""padding:6px 0"">Engraved Fan</td></tr><tr><td style=""padding:6px 16px 6px 0""><strong>Finish</strong></td><td style=""padding:6px 0"">Fine engraved fan pattern</td></tr><tr><td style=""padding:6px 16px 6px 0""><strong>Metal Type</strong></td><td style=""padding:6px 0"">14K or 18K yellow, white, or rose gold</td></tr><tr><td style=""padding:6px 16px 6px 0""><strong>Ring Sizes</strong></td><td style=""padding:6px 0"">8.5 to 13</td></tr></table><h3>Choose your metal color</h3><p>Made to order in <strong>14K or 18K yellow, white, or rose gold</strong>. The photograph shows one metal color; every style is cut in all of them. Choose your color at checkout, or message us and we will send a rendering in your color before we cut.</p><h3>14K or 18K: which should you choose?</h3><p>14K gold is 58.3% pure and alloyed with harder metals, which makes it more scratch resistant and the better choice for anyone who works with their hands. 18K is 75% pure, noticeably warmer and deeper in color, and heavier on the finger. It is softer, so it marks more readily over time. On a carved band the extra depth of color in 18K makes the pattern read with more contrast. Both are made to the same tolerances here; the difference is character and durability, not quality.</p>",Laura Milman New York,Rings,"engraved wedding band,mens wedding band,vintage wedding band,diamond cut wedding band,14k gold band,Yellow Gold,Rose Gold,Mens Wedding Bands",Engraved Fan Wedding Band | 14K & 18K Gold,"Engraved fan pattern wedding band in 14K or 18K gold. 5mm, made to order in yellow, white, or rose gold."
mens-wedding-band-70,Split Texture Wedding Band in 14K Gold,"<p>The Split Texture Wedding Band is a 5mm men's wedding band in 14K or 18K yellow, white, or rose gold, from $1,500. The band is divided into diagonal fields, each finished differently: beaded, lined, and polished. An asymmetric design that looks different depending on which way it sits on the hand.</p><h3>Specifications</h3><table><tr><td style=""padding:6px 16px 6px 0""><strong>Band Width</strong></td><td style=""padding:6px 0"">5mm (custom widths by request)</td></tr><tr><td style=""padding:6px 16px 6px 0""><strong>Pattern</strong></td><td style=""padding:6px 0"">Split Texture</td></tr><tr><td style=""padding:6px 16px 6px 0""><strong>Finish</strong></td><td style=""padding:6px 0"">Mixed diagonal textures</td></tr><tr><td style=""padding:6px 16px 6px 0""><strong>Metal Type</strong></td><td style=""padding:6px 0"">14K or 18K yellow, white, or rose gold</td></tr><tr><td style=""padding:6px 16px 6px 0""><strong>Ring Sizes</strong></td><td style=""padding:6px 0"">8.5 to 13</td></tr></table><h3>Choose your metal color</h3><p>Made to order in <strong>14K or 18K yellow, white, or rose gold</strong>. The photograph shows one metal color; every style is cut in all of them. Choose your color at checkout, or message us and we will send a rendering in your color before we cut.</p><h3>14K or 18K: which should you choose?</h3><p>14K gold is 58.3% pure and alloyed with harder metals, which makes it more scratch resistant and the better choice for anyone who works with their hands. 18K is 75% pure, noticeably warmer and deeper in color, and heavier on the finger. It is softer, so it marks more readily over time. On a carved band the extra depth of color in 18K makes the pattern read with more contrast. Both are made to the same tolerances here; the difference is character and durability, not quality.</p>",Laura Milman New York,Rings,"mens wedding band,textured wedding band,modern mens ring,mixed finish ring,14k gold band,Yellow Gold,Rose Gold,Mens Wedding Bands",Split Texture Wedding Band | 14K & 18K Gold,"Mixed texture wedding band in 14K or 18K gold. Made to order in yellow, white, or rose gold."
mens-wedding-band-71,Engraved Floral Wedding Band in 14K Gold,"<p>The Engraved Floral Wedding Band is a 5mm men's wedding band in 14K or 18K yellow, white, or rose gold, from $1,500. Dense floral engraving covers the entire band edge to edge, in the tradition of Victorian hand-engraved jewelry. Ornate, warm, and unlike anything else in the men's collection.</p><h3>Specifications</h3><table><tr><td style=""padding:6px 16px 6px 0""><strong>Band Width</strong></td><td style=""padding:6px 0"">5mm (custom widths by request)</td></tr><tr><td style=""padding:6px 16px 6px 0""><strong>Pattern</strong></td><td style=""padding:6px 0"">Engraved Floral</td></tr><tr><td style=""padding:6px 16px 6px 0""><strong>Finish</strong></td><td style=""padding:6px 0"">All-over floral engraving</td></tr><tr><td style=""padding:6px 16px 6px 0""><strong>Metal Type</strong></td><td style=""padding:6px 0"">14K or 18K yellow, white, or rose gold</td></tr><tr><td style=""padding:6px 16px 6px 0""><strong>Ring Sizes</strong></td><td style=""padding:6px 0"">8.5 to 13</td></tr></table><h3>Choose your metal color</h3><p>Made to order in <strong>14K or 18K yellow, white, or rose gold</strong>. The photograph shows one metal color; every style is cut in all of them. Choose your color at checkout, or message us and we will send a rendering in your color before we cut.</p><h3>14K or 18K: which should you choose?</h3><p>14K gold is 58.3% pure and alloyed with harder metals, which makes it more scratch resistant and the better choice for anyone who works with their hands. 18K is 75% pure, noticeably warmer and deeper in color, and heavier on the finger. It is softer, so it marks more readily over time. On a carved band the extra depth of color in 18K makes the pattern read with more contrast. Both are made to the same tolerances here; the difference is character and durability, not quality.</p>",Laura Milman New York,Rings,"engraved wedding band,floral wedding band,vintage wedding band,mens wedding band,14k gold band,Yellow Gold,Rose Gold,Mens Wedding Bands",Engraved Floral Wedding Band | 14K & 18K Gold,"All-over engraved floral wedding band in 14K or 18K gold. Made to order in yellow, white, or rose gold."
mens-wedding-band-72,Engraved Leaf Wedding Band in 14K Gold,"<p>The Engraved Leaf Wedding Band is a 5mm men's wedding band in 14K or 18K yellow, white, or rose gold, from $1,500. Fine leaf and frond engraving runs diagonally across the band against a bright polished ground. Delicate work at a scale that stays legible.</p><h3>Specifications</h3><table><tr><td style=""padding:6px 16px 6px 0""><strong>Band Width</strong></td><td style=""padding:6px 0"">5mm (custom widths by request)</td></tr><tr><td style=""padding:6px 16px 6px 0""><strong>Pattern</strong></td><td style=""padding:6px 0"">Engraved Leaf</td></tr><tr><td style=""padding:6px 16px 6px 0""><strong>Finish</strong></td><td style=""padding:6px 0"">Diagonal engraved leafwork</td></tr><tr><td style=""padding:6px 16px 6px 0""><strong>Metal Type</strong></td><td style=""padding:6px 0"">14K or 18K yellow, white, or rose gold</td></tr><tr><td style=""padding:6px 16px 6px 0""><strong>Ring Sizes</strong></td><td style=""padding:6px 0"">8.5 to 13</td></tr></table><h3>Choose your metal color</h3><p>Made to order in <strong>14K or 18K yellow, white, or rose gold</strong>. The photograph shows one metal color; every style is cut in all of them. Choose your color at checkout, or message us and we will send a rendering in your color before we cut.</p><h3>14K or 18K: which should you choose?</h3><p>14K gold is 58.3% pure and alloyed with harder metals, which makes it more scratch resistant and the better choice for anyone who works with their hands. 18K is 75% pure, noticeably warmer and deeper in color, and heavier on the finger. It is softer, so it marks more readily over time. On a carved band the extra depth of color in 18K makes the pattern read with more contrast. Both are made to the same tolerances here; the difference is character and durability, not quality.</p>",Laura Milman New York,Rings,"engraved wedding band,leaf ring,nature wedding band,mens wedding band,14k gold band,Yellow Gold,Rose Gold,Mens Wedding Bands",Engraved Leaf Wedding Band | 14K & 18K Gold,"Engraved leaf pattern wedding band in 14K or 18K gold. 5mm, made to order in yellow, white, or rose gold."
mens-wedding-band-73,Diagonal Beaded Stripe Wedding Band in 14K Gold,"<p>The Diagonal Beaded Stripe Wedding Band is a 5mm men's wedding band in 14K or 18K yellow, white, or rose gold, from $1,500. Alternating stripes of beaded texture and polished metal run diagonally around the band, giving it a barber-pole rhythm that shows well at any distance.</p><h3>Specifications</h3><table><tr><td style=""padding:6px 16px 6px 0""><strong>Band Width</strong></td><td style=""padding:6px 0"">5mm (custom widths by request)</td></tr><tr><td style=""padding:6px 16px 6px 0""><strong>Pattern</strong></td><td style=""padding:6px 0"">Diagonal Stripe</td></tr><tr><td style=""padding:6px 16px 6px 0""><strong>Finish</strong></td><td style=""padding:6px 0"">Beaded and polished diagonal stripes</td></tr><tr><td style=""padding:6px 16px 6px 0""><strong>Metal Type</strong></td><td style=""padding:6px 0"">14K or 18K yellow, white, or rose gold</td></tr><tr><td style=""padding:6px 16px 6px 0""><strong>Ring Sizes</strong></td><td style=""padding:6px 0"">8.5 to 13</td></tr></table><h3>Choose your metal color</h3><p>Made to order in <strong>14K or 18K yellow, white, or rose gold</strong>. The photograph shows one metal color; every style is cut in all of them. Choose your color at checkout, or message us and we will send a rendering in your color before we cut.</p><h3>14K or 18K: which should you choose?</h3><p>14K gold is 58.3% pure and alloyed with harder metals, which makes it more scratch resistant and the better choice for anyone who works with their hands. 18K is 75% pure, noticeably warmer and deeper in color, and heavier on the finger. It is softer, so it marks more readily over time. On a carved band the extra depth of color in 18K makes the pattern read with more contrast. Both are made to the same tolerances here; the difference is character and durability, not quality.</p>",Laura Milman New York,Rings,"mens wedding band,striped wedding band,textured wedding band,diagonal ring,14k gold band,Yellow Gold,Rose Gold,Mens Wedding Bands",Diagonal Stripe Wedding Band | 14K & 18K Gold,"Diagonal beaded stripe wedding band in 14K or 18K gold. Made to order in yellow, white, or rose gold."
mens-wedding-band-74,Split Finish Wedding Band in 14K Gold,"<p>The Split Finish Wedding Band is a 5mm men's wedding band in 14K or 18K yellow, white, or rose gold, from $1,500. One half of the band is left in a fine beaded texture, the other brushed smooth, divided on a clean diagonal. A deliberately unbalanced design for someone who doesn't want symmetrical.</p><h3>Specifications</h3><table><tr><td style=""padding:6px 16px 6px 0""><strong>Band Width</strong></td><td style=""padding:6px 0"">5mm (custom widths by request)</td></tr><tr><td style=""padding:6px 16px 6px 0""><strong>Pattern</strong></td><td style=""padding:6px 0"">Split Finish</td></tr><tr><td style=""padding:6px 16px 6px 0""><strong>Finish</strong></td><td style=""padding:6px 0"">Split beaded and brushed finish</td></tr><tr><td style=""padding:6px 16px 6px 0""><strong>Metal Type</strong></td><td style=""padding:6px 0"">14K or 18K yellow, white, or rose gold</td></tr><tr><td style=""padding:6px 16px 6px 0""><strong>Ring Sizes</strong></td><td style=""padding:6px 0"">8.5 to 13</td></tr></table><h3>Choose your metal color</h3><p>Made to order in <strong>14K or 18K yellow, white, or rose gold</strong>. The photograph shows one metal color; every style is cut in all of them. Choose your color at checkout, or message us and we will send a rendering in your color before we cut.</p><h3>14K or 18K: which should you choose?</h3><p>14K gold is 58.3% pure and alloyed with harder metals, which makes it more scratch resistant and the better choice for anyone who works with their hands. 18K is 75% pure, noticeably warmer and deeper in color, and heavier on the finger. It is softer, so it marks more readily over time. On a carved band the extra depth of color in 18K makes the pattern read with more contrast. Both are made to the same tolerances here; the difference is character and durability, not quality.</p>",Laura Milman New York,Rings,"mens wedding band,textured wedding band,modern mens ring,two texture ring,14k gold band,Yellow Gold,Rose Gold,Mens Wedding Bands",Split Finish Wedding Band | 14K & 18K Gold,"Split finish wedding band in 14K or 18K gold. 5mm, made to order in yellow, white, or rose gold."
mens-wedding-band-75,Diamond-Cut Argyle Wedding Band in 14K Gold,"<p>The Diamond-Cut Argyle Wedding Band is a 5mm men's wedding band in 14K or 18K yellow, white, or rose gold, from $1,500. A tight argyle grid is diamond-cut across the full width, each facet angled to throw light independently. Bright and dimensional under any lighting.</p><h3>Specifications</h3><table><tr><td style=""padding:6px 16px 6px 0""><strong>Band Width</strong></td><td style=""padding:6px 0"">5mm (custom widths by request)</td></tr><tr><td style=""padding:6px 16px 6px 0""><strong>Pattern</strong></td><td style=""padding:6px 0"">Diamond-Cut Argyle</td></tr><tr><td style=""padding:6px 16px 6px 0""><strong>Finish</strong></td><td style=""padding:6px 0"">Diamond-cut argyle grid</td></tr><tr><td style=""padding:6px 16px 6px 0""><strong>Metal Type</strong></td><td style=""padding:6px 0"">14K or 18K yellow, white, or rose gold</td></tr><tr><td style=""padding:6px 16px 6px 0""><strong>Ring Sizes</strong></td><td style=""padding:6px 0"">8.5 to 13</td></tr></table><h3>Choose your metal color</h3><p>Made to order in <strong>14K or 18K yellow, white, or rose gold</strong>. The photograph shows one metal color; every style is cut in all of them. Choose your color at checkout, or message us and we will send a rendering in your color before we cut.</p><h3>14K or 18K: which should you choose?</h3><p>14K gold is 58.3% pure and alloyed with harder metals, which makes it more scratch resistant and the better choice for anyone who works with their hands. 18K is 75% pure, noticeably warmer and deeper in color, and heavier on the finger. It is softer, so it marks more readily over time. On a carved band the extra depth of color in 18K makes the pattern read with more contrast. Both are made to the same tolerances here; the difference is character and durability, not quality.</p>",Laura Milman New York,Rings,"diamond cut wedding band,argyle ring,mens wedding band,textured wedding band,14k gold band,Yellow Gold,Rose Gold,Mens Wedding Bands",Diamond-Cut Argyle Wedding Band | 14K & 18K Gold,"Diamond-cut argyle wedding band in 14K or 18K gold. Made to order in yellow, white, or rose gold."
mens-wedding-band-76,"Celtic Knot Wedding Band in 14K Gold, Wide","<p>The Celtic Knot Wedding Band is a 5mm men's wedding band in 14K or 18K yellow, white, or rose gold, from $1,500. Classic Celtic knotwork carved across a wide band with deep, confident relief. The strands are heavy enough that the pattern will still read clearly after decades of wear.</p><h3>Specifications</h3><table><tr><td style=""padding:6px 16px 6px 0""><strong>Band Width</strong></td><td style=""padding:6px 0"">5mm (custom widths by request)</td></tr><tr><td style=""padding:6px 16px 6px 0""><strong>Pattern</strong></td><td style=""padding:6px 0"">Wide Celtic Knot</td></tr><tr><td style=""padding:6px 16px 6px 0""><strong>Finish</strong></td><td style=""padding:6px 0"">Deep carved knotwork, wide profile</td></tr><tr><td style=""padding:6px 16px 6px 0""><strong>Metal Type</strong></td><td style=""padding:6px 0"">14K or 18K yellow, white, or rose gold</td></tr><tr><td style=""padding:6px 16px 6px 0""><strong>Ring Sizes</strong></td><td style=""padding:6px 0"">8.5 to 13</td></tr></table><h3>Choose your metal color</h3><p>Made to order in <strong>14K or 18K yellow, white, or rose gold</strong>. The photograph shows one metal color; every style is cut in all of them. Choose your color at checkout, or message us and we will send a rendering in your color before we cut.</p><h3>14K or 18K: which should you choose?</h3><p>14K gold is 58.3% pure and alloyed with harder metals, which makes it more scratch resistant and the better choice for anyone who works with their hands. 18K is 75% pure, noticeably warmer and deeper in color, and heavier on the finger. It is softer, so it marks more readily over time. On a carved band the extra depth of color in 18K makes the pattern read with more contrast. Both are made to the same tolerances here; the difference is character and durability, not quality.</p>",Laura Milman New York,Rings,"celtic wedding band,wide wedding band,celtic knot ring,irish wedding band,14k gold band,Yellow Gold,Rose Gold,Mens Wedding Bands",Wide Celtic Knot Wedding Band | 14K & 18K Gold,"Wide carved Celtic knot wedding band in 14K or 18K gold. Made to order in yellow, white, or rose gold."
mens-wedding-band-77,Bold Celtic Knot Wedding Band in 14K Gold,"<p>The Bold Celtic Knot Wedding Band is a 5mm men's wedding band in 14K or 18K yellow, white, or rose gold, from $1,500. An oversized Celtic knot carved at a larger scale than our standard pattern, so each loop stands on its own. Substantial and unmistakable across a room.</p><h3>Specifications</h3><table><tr><td style=""padding:6px 16px 6px 0""><strong>Band Width</strong></td><td style=""padding:6px 0"">5mm (custom widths by request)</td></tr><tr><td style=""padding:6px 16px 6px 0""><strong>Pattern</strong></td><td style=""padding:6px 0"">Bold Celtic Knot</td></tr><tr><td style=""padding:6px 16px 6px 0""><strong>Finish</strong></td><td style=""padding:6px 0"">Large-scale carved knotwork</td></tr><tr><td style=""padding:6px 16px 6px 0""><strong>Metal Type</strong></td><td style=""padding:6px 0"">14K or 18K yellow, white, or rose gold</td></tr><tr><td style=""padding:6px 16px 6px 0""><strong>Ring Sizes</strong></td><td style=""padding:6px 0"">8.5 to 13</td></tr></table><h3>Choose your metal color</h3><p>Made to order in <strong>14K or 18K yellow, white, or rose gold</strong>. The photograph shows one metal color; every style is cut in all of them. Choose your color at checkout, or message us and we will send a rendering in your color before we cut.</p><h3>14K or 18K: which should you choose?</h3><p>14K gold is 58.3% pure and alloyed with harder metals, which makes it more scratch resistant and the better choice for anyone who works with their hands. 18K is 75% pure, noticeably warmer and deeper in color, and heavier on the finger. It is softer, so it marks more readily over time. On a carved band the extra depth of color in 18K makes the pattern read with more contrast. Both are made to the same tolerances here; the difference is character and durability, not quality.</p>",Laura Milman New York,Rings,"celtic wedding band,celtic knot ring,wide wedding band,mens wedding band,14k gold band,Yellow Gold,Rose Gold,Mens Wedding Bands",Bold Celtic Knot Wedding Band | 14K & 18K Gold,"Large-scale carved Celtic knot wedding band in 14K or 18K gold. Made to order in yellow, white, or rose gold."
mens-wedding-band-78,Trinity Knot Panel Wedding Band in 14K Gold,"<p>The Trinity Knot Panel Wedding Band is a 5mm men's wedding band in 14K or 18K yellow, white, or rose gold, from $1,500. Triquetra trinity knots are set into recessed panels spaced around the band, alternating with plain satin sections. More restrained than an all-over Celtic pattern.</p><h3>Specifications</h3><table><tr><td style=""padding:6px 16px 6px 0""><strong>Band Width</strong></td><td style=""padding:6px 0"">5mm (custom widths by request)</td></tr><tr><td style=""padding:6px 16px 6px 0""><strong>Pattern</strong></td><td style=""padding:6px 0"">Trinity Knot</td></tr><tr><td style=""padding:6px 16px 6px 0""><strong>Finish</strong></td><td style=""padding:6px 0"">Carved knots in recessed panels</td></tr><tr><td style=""padding:6px 16px 6px 0""><strong>Metal Type</strong></td><td style=""padding:6px 0"">14K or 18K yellow, white, or rose gold</td></tr><tr><td style=""padding:6px 16px 6px 0""><strong>Ring Sizes</strong></td><td style=""padding:6px 0"">8.5 to 13</td></tr></table><h3>Choose your metal color</h3><p>Made to order in <strong>14K or 18K yellow, white, or rose gold</strong>. The photograph shows one metal color; every style is cut in all of them. Choose your color at checkout, or message us and we will send a rendering in your color before we cut.</p><h3>14K or 18K: which should you choose?</h3><p>14K gold is 58.3% pure and alloyed with harder metals, which makes it more scratch resistant and the better choice for anyone who works with their hands. 18K is 75% pure, noticeably warmer and deeper in color, and heavier on the finger. It is softer, so it marks more readily over time. On a carved band the extra depth of color in 18K makes the pattern read with more contrast. Both are made to the same tolerances here; the difference is character and durability, not quality.</p>",Laura Milman New York,Rings,"celtic wedding band,trinity knot ring,mens wedding band,irish wedding band,14k gold band,Yellow Gold,Rose Gold,Mens Wedding Bands",Trinity Knot Wedding Band | 14K & 18K Gold,"Trinity knot panel wedding band in 14K or 18K gold. 5mm, made to order in yellow, white, or rose gold."
mens-wedding-band-79,Faceted Block Wedding Band in 14K Gold,"<p>The Faceted Block Wedding Band is a 5mm men's wedding band in 14K or 18K yellow, white, or rose gold, from $1,500. Chunky faceted blocks are cut around the center of the band and framed by stepped polished edges. Bold, geometric, and the most architectural piece in the collection.</p><h3>Specifications</h3><table><tr><td style=""padding:6px 16px 6px 0""><strong>Band Width</strong></td><td style=""padding:6px 0"">5mm (custom widths by request)</td></tr><tr><td style=""padding:6px 16px 6px 0""><strong>Pattern</strong></td><td style=""padding:6px 0"">Faceted Block</td></tr><tr><td style=""padding:6px 16px 6px 0""><strong>Finish</strong></td><td style=""padding:6px 0"">Faceted blocks, stepped edges</td></tr><tr><td style=""padding:6px 16px 6px 0""><strong>Metal Type</strong></td><td style=""padding:6px 0"">14K or 18K yellow, white, or rose gold</td></tr><tr><td style=""padding:6px 16px 6px 0""><strong>Ring Sizes</strong></td><td style=""padding:6px 0"">8.5 to 13</td></tr></table><h3>Choose your metal color</h3><p>Made to order in <strong>14K or 18K yellow, white, or rose gold</strong>. The photograph shows one metal color; every style is cut in all of them. Choose your color at checkout, or message us and we will send a rendering in your color before we cut.</p><h3>14K or 18K: which should you choose?</h3><p>14K gold is 58.3% pure and alloyed with harder metals, which makes it more scratch resistant and the better choice for anyone who works with their hands. 18K is 75% pure, noticeably warmer and deeper in color, and heavier on the finger. It is softer, so it marks more readily over time. On a carved band the extra depth of color in 18K makes the pattern read with more contrast. Both are made to the same tolerances here; the difference is character and durability, not quality.</p>",Laura Milman New York,Rings,"mens wedding band,geometric wedding band,modern mens ring,faceted ring,14k gold band,Yellow Gold,Rose Gold,Mens Wedding Bands",Faceted Block Wedding Band | 14K & 18K Gold,"Faceted block wedding band in 14K or 18K gold. Made to order in yellow, white, or rose gold."
mens-wedding-band-80,Milgrain Block Wedding Band in 14K Gold,"<p>The Milgrain Block Wedding Band is a 5mm men's wedding band in 14K or 18K yellow, white, or rose gold, from $1,500. Brushed rectangular blocks are set in a row through the center, bordered by fine milgrain beading. The mix of matte block and beaded edge gives it a vintage watch-bracelet feel.</p><h3>Specifications</h3><table><tr><td style=""padding:6px 16px 6px 0""><strong>Band Width</strong></td><td style=""padding:6px 0"">5mm (custom widths by request)</td></tr><tr><td style=""padding:6px 16px 6px 0""><strong>Pattern</strong></td><td style=""padding:6px 0"">Milgrain Block</td></tr><tr><td style=""padding:6px 16px 6px 0""><strong>Finish</strong></td><td style=""padding:6px 0"">Brushed blocks, milgrain borders</td></tr><tr><td style=""padding:6px 16px 6px 0""><strong>Metal Type</strong></td><td style=""padding:6px 0"">14K or 18K yellow, white, or rose gold</td></tr><tr><td style=""padding:6px 16px 6px 0""><strong>Ring Sizes</strong></td><td style=""padding:6px 0"">8.5 to 13</td></tr></table><h3>Choose your metal color</h3><p>Made to order in <strong>14K or 18K yellow, white, or rose gold</strong>. The photograph shows one metal color; every style is cut in all of them. Choose your color at checkout, or message us and we will send a rendering in your color before we cut.</p><h3>14K or 18K: which should you choose?</h3><p>14K gold is 58.3% pure and alloyed with harder metals, which makes it more scratch resistant and the better choice for anyone who works with their hands. 18K is 75% pure, noticeably warmer and deeper in color, and heavier on the finger. It is softer, so it marks more readily over time. On a carved band the extra depth of color in 18K makes the pattern read with more contrast. Both are made to the same tolerances here; the difference is character and durability, not quality.</p>",Laura Milman New York,Rings,"milgrain wedding band,mens wedding band,vintage wedding band,block ring,14k gold band,Yellow Gold,Rose Gold,Mens Wedding Bands",Milgrain Block Wedding Band | 14K & 18K Gold,"Milgrain block wedding band in 14K or 18K gold. 5mm, made to order in yellow, white, or rose gold."
mens-wedding-band-81,Celtic Vine Wedding Band in 14K Gold,"<p>The Celtic Vine Wedding Band is a 5mm men's wedding band in 14K or 18K yellow, white, or rose gold, from $1,500. A carved Celtic vine winds continuously around the band, the tendrils curling back on themselves without a visible seam. Organic where the knotwork styles are geometric.</p><h3>Specifications</h3><table><tr><td style=""padding:6px 16px 6px 0""><strong>Band Width</strong></td><td style=""padding:6px 0"">5mm (custom widths by request)</td></tr><tr><td style=""padding:6px 16px 6px 0""><strong>Pattern</strong></td><td style=""padding:6px 0"">Celtic Vine</td></tr><tr><td style=""padding:6px 16px 6px 0""><strong>Finish</strong></td><td style=""padding:6px 0"">Carved vine relief</td></tr><tr><td style=""padding:6px 16px 6px 0""><strong>Metal Type</strong></td><td style=""padding:6px 0"">14K or 18K yellow, white, or rose gold</td></tr><tr><td style=""padding:6px 16px 6px 0""><strong>Ring Sizes</strong></td><td style=""padding:6px 0"">8.5 to 13</td></tr></table><h3>Choose your metal color</h3><p>Made to order in <strong>14K or 18K yellow, white, or rose gold</strong>. The photograph shows one metal color; every style is cut in all of them. Choose your color at checkout, or message us and we will send a rendering in your color before we cut.</p><h3>14K or 18K: which should you choose?</h3><p>14K gold is 58.3% pure and alloyed with harder metals, which makes it more scratch resistant and the better choice for anyone who works with their hands. 18K is 75% pure, noticeably warmer and deeper in color, and heavier on the finger. It is softer, so it marks more readily over time. On a carved band the extra depth of color in 18K makes the pattern read with more contrast. Both are made to the same tolerances here; the difference is character and durability, not quality.</p>",Laura Milman New York,Rings,"celtic wedding band,vine ring,carved wedding band,irish wedding band,14k gold band,Yellow Gold,Rose Gold,Mens Wedding Bands",Celtic Vine Wedding Band | 14K & 18K Gold,"Carved Celtic vine wedding band in 14K or 18K gold. Made to order in yellow, white, or rose gold."
mens-wedding-band-82,Carved Zigzag Wedding Band in 14K Gold,"<p>The Carved Zigzag Wedding Band is a 5mm men's wedding band in 14K or 18K yellow, white, or rose gold, from $1,500. A sharp zigzag is cut around a narrow band, alternating between bright faceted planes. Simple, graphic, and the lightest of the carved styles on the hand.</p><h3>Specifications</h3><table><tr><td style=""padding:6px 16px 6px 0""><strong>Band Width</strong></td><td style=""padding:6px 0"">5mm (custom widths by request)</td></tr><tr><td style=""padding:6px 16px 6px 0""><strong>Pattern</strong></td><td style=""padding:6px 0"">Zigzag</td></tr><tr><td style=""padding:6px 16px 6px 0""><strong>Finish</strong></td><td style=""padding:6px 0"">Faceted zigzag cut</td></tr><tr><td style=""padding:6px 16px 6px 0""><strong>Metal Type</strong></td><td style=""padding:6px 0"">14K or 18K yellow, white, or rose gold</td></tr><tr><td style=""padding:6px 16px 6px 0""><strong>Ring Sizes</strong></td><td style=""padding:6px 0"">8.5 to 13</td></tr></table><h3>Choose your metal color</h3><p>Made to order in <strong>14K or 18K yellow, white, or rose gold</strong>. The photograph shows one metal color; every style is cut in all of them. Choose your color at checkout, or message us and we will send a rendering in your color before we cut.</p><h3>14K or 18K: which should you choose?</h3><p>14K gold is 58.3% pure and alloyed with harder metals, which makes it more scratch resistant and the better choice for anyone who works with their hands. 18K is 75% pure, noticeably warmer and deeper in color, and heavier on the finger. It is softer, so it marks more readily over time. On a carved band the extra depth of color in 18K makes the pattern read with more contrast. Both are made to the same tolerances here; the difference is character and durability, not quality.</p>",Laura Milman New York,Rings,"mens wedding band,zigzag ring,geometric wedding band,carved wedding band,14k gold band,Yellow Gold,Rose Gold,Mens Wedding Bands",Zigzag Wedding Band for Men | 14K & 18K Gold,"Carved zigzag wedding band in 14K or 18K gold. 5mm, made to order in yellow, white, or rose gold."
mens-wedding-band-83,Carved Scroll Wave Wedding Band in 14K Gold,"<p>The Carved Scroll Wave Wedding Band is a 5mm men's wedding band in 14K or 18K yellow, white, or rose gold, from $1,500. Large scroll waves are carved in high relief across the band, spaced so each curve has room to breathe. Substantial detail without covering the whole surface.</p><h3>Specifications</h3><table><tr><td style=""padding:6px 16px 6px 0""><strong>Band Width</strong></td><td style=""padding:6px 0"">5mm (custom widths by request)</td></tr><tr><td style=""padding:6px 16px 6px 0""><strong>Pattern</strong></td><td style=""padding:6px 0"">Carved Scroll Wave</td></tr><tr><td style=""padding:6px 16px 6px 0""><strong>Finish</strong></td><td style=""padding:6px 0"">High relief carved scroll</td></tr><tr><td style=""padding:6px 16px 6px 0""><strong>Metal Type</strong></td><td style=""padding:6px 0"">14K or 18K yellow, white, or rose gold</td></tr><tr><td style=""padding:6px 16px 6px 0""><strong>Ring Sizes</strong></td><td style=""padding:6px 0"">8.5 to 13</td></tr></table><h3>Choose your metal color</h3><p>Made to order in <strong>14K or 18K yellow, white, or rose gold</strong>. The photograph shows one metal color; every style is cut in all of them. Choose your color at checkout, or message us and we will send a rendering in your color before we cut.</p><h3>14K or 18K: which should you choose?</h3><p>14K gold is 58.3% pure and alloyed with harder metals, which makes it more scratch resistant and the better choice for anyone who works with their hands. 18K is 75% pure, noticeably warmer and deeper in color, and heavier on the finger. It is softer, so it marks more readily over time. On a carved band the extra depth of color in 18K makes the pattern read with more contrast. Both are made to the same tolerances here; the difference is character and durability, not quality.</p>",Laura Milman New York,Rings,"mens wedding band,scroll ring,wave wedding band,carved wedding band,14k gold band,Yellow Gold,Rose Gold,Mens Wedding Bands",Carved Scroll Wave Wedding Band | 14K & 18K Gold,"Carved scroll wave wedding band in 14K or 18K gold. Made to order in yellow, white, or rose gold."
mens-wedding-band-84,Sandblast Milgrain Wedding Band in 14K Gold,"<p>The Sandblast Milgrain Wedding Band is a 5mm men's wedding band in 14K or 18K yellow, white, or rose gold, from $1,500. A softly sandblasted center with a fine wave texture, bordered by delicate milgrain beading. One of the quieter designs, and an easy everyday band.</p><h3>Specifications</h3><table><tr><td style=""padding:6px 16px 6px 0""><strong>Band Width</strong></td><td style=""padding:6px 0"">5mm (custom widths by request)</td></tr><tr><td style=""padding:6px 16px 6px 0""><strong>Pattern</strong></td><td style=""padding:6px 0"">Sandblast Milgrain</td></tr><tr><td style=""padding:6px 16px 6px 0""><strong>Finish</strong></td><td style=""padding:6px 0"">Sandblast center, milgrain edges</td></tr><tr><td style=""padding:6px 16px 6px 0""><strong>Metal Type</strong></td><td style=""padding:6px 0"">14K or 18K yellow, white, or rose gold</td></tr><tr><td style=""padding:6px 16px 6px 0""><strong>Ring Sizes</strong></td><td style=""padding:6px 0"">8.5 to 13</td></tr></table><h3>Choose your metal color</h3><p>Made to order in <strong>14K or 18K yellow, white, or rose gold</strong>. The photograph shows one metal color; every style is cut in all of them. Choose your color at checkout, or message us and we will send a rendering in your color before we cut.</p><h3>14K or 18K: which should you choose?</h3><p>14K gold is 58.3% pure and alloyed with harder metals, which makes it more scratch resistant and the better choice for anyone who works with their hands. 18K is 75% pure, noticeably warmer and deeper in color, and heavier on the finger. It is softer, so it marks more readily over time. On a carved band the extra depth of color in 18K makes the pattern read with more contrast. Both are made to the same tolerances here; the difference is character and durability, not quality.</p>",Laura Milman New York,Rings,"milgrain wedding band,matte wedding band,mens wedding band,textured ring,14k gold band,Yellow Gold,Rose Gold,Mens Wedding Bands",Sandblast Milgrain Wedding Band | 14K & 18K Gold,"Sandblast finish wedding band with milgrain edges in 14K or 18K gold. Made to order in yellow, white, or rose gold."
mens-wedding-band-85,Carved Vine Scroll Wedding Band in 14K Gold,"<p>The Carved Vine Scroll Wedding Band is a 5mm men's wedding band in 14K or 18K yellow, white, or rose gold, from $1,500. A leafy vine scroll is carved around the band in flowing relief, the stems curling into one another so the pattern reads continuous. Framed by polished rails.</p><h3>Specifications</h3><table><tr><td style=""padding:6px 16px 6px 0""><strong>Band Width</strong></td><td style=""padding:6px 0"">5mm (custom widths by request)</td></tr><tr><td style=""padding:6px 16px 6px 0""><strong>Pattern</strong></td><td style=""padding:6px 0"">Carved Vine</td></tr><tr><td style=""padding:6px 16px 6px 0""><strong>Finish</strong></td><td style=""padding:6px 0"">Carved vine relief</td></tr><tr><td style=""padding:6px 16px 6px 0""><strong>Metal Type</strong></td><td style=""padding:6px 0"">14K or 18K yellow, white, or rose gold</td></tr><tr><td style=""padding:6px 16px 6px 0""><strong>Ring Sizes</strong></td><td style=""padding:6px 0"">8.5 to 13</td></tr></table><h3>Choose your metal color</h3><p>Made to order in <strong>14K or 18K yellow, white, or rose gold</strong>. The photograph shows one metal color; every style is cut in all of them. Choose your color at checkout, or message us and we will send a rendering in your color before we cut.</p><h3>14K or 18K: which should you choose?</h3><p>14K gold is 58.3% pure and alloyed with harder metals, which makes it more scratch resistant and the better choice for anyone who works with their hands. 18K is 75% pure, noticeably warmer and deeper in color, and heavier on the finger. It is softer, so it marks more readily over time. On a carved band the extra depth of color in 18K makes the pattern read with more contrast. Both are made to the same tolerances here; the difference is character and durability, not quality.</p>",Laura Milman New York,Rings,"mens wedding band,vine ring,nature wedding band,carved wedding band,14k gold band,Yellow Gold,Rose Gold,Mens Wedding Bands",Carved Vine Wedding Band | 14K & 18K Gold,"Carved vine scroll wedding band in 14K or 18K gold. 5mm, made to order in yellow, white, or rose gold."
mens-wedding-band-86,Carved Brick Wedding Band in 14K Gold,"<p>The Carved Brick Wedding Band is a 5mm men's wedding band in 14K or 18K yellow, white, or rose gold, from $1,500. Staggered rectangular blocks are carved around the band in a brickwork arrangement, each one raised and independently faceted. Strong and modern with real depth.</p><h3>Specifications</h3><table><tr><td style=""padding:6px 16px 6px 0""><strong>Band Width</strong></td><td style=""padding:6px 0"">5mm (custom widths by request)</td></tr><tr><td style=""padding:6px 16px 6px 0""><strong>Pattern</strong></td><td style=""padding:6px 0"">Carved Brick</td></tr><tr><td style=""padding:6px 16px 6px 0""><strong>Finish</strong></td><td style=""padding:6px 0"">Carved brickwork relief</td></tr><tr><td style=""padding:6px 16px 6px 0""><strong>Metal Type</strong></td><td style=""padding:6px 0"">14K or 18K yellow, white, or rose gold</td></tr><tr><td style=""padding:6px 16px 6px 0""><strong>Ring Sizes</strong></td><td style=""padding:6px 0"">8.5 to 13</td></tr></table><h3>Choose your metal color</h3><p>Made to order in <strong>14K or 18K yellow, white, or rose gold</strong>. The photograph shows one metal color; every style is cut in all of them. Choose your color at checkout, or message us and we will send a rendering in your color before we cut.</p><h3>14K or 18K: which should you choose?</h3><p>14K gold is 58.3% pure and alloyed with harder metals, which makes it more scratch resistant and the better choice for anyone who works with their hands. 18K is 75% pure, noticeably warmer and deeper in color, and heavier on the finger. It is softer, so it marks more readily over time. On a carved band the extra depth of color in 18K makes the pattern read with more contrast. Both are made to the same tolerances here; the difference is character and durability, not quality.</p>",Laura Milman New York,Rings,"mens wedding band,geometric wedding band,modern mens ring,carved wedding band,14k gold band,Yellow Gold,Rose Gold,Mens Wedding Bands",Carved Brick Wedding Band | 14K & 18K Gold,"Carved brickwork wedding band in 14K or 18K gold. Made to order in yellow, white, or rose gold."
mens-wedding-band-87,Carved Paisley Wedding Band in 14K Gold,"<p>The Carved Paisley Wedding Band is a 5mm men's wedding band in 14K or 18K yellow, white, or rose gold, from $1,500. Paisley scrollwork carved in relief across the full width, deeper and bolder than an engraved version of the same motif. Warm and traditional.</p><h3>Specifications</h3><table><tr><td style=""padding:6px 16px 6px 0""><strong>Band Width</strong></td><td style=""padding:6px 0"">5mm (custom widths by request)</td></tr><tr><td style=""padding:6px 16px 6px 0""><strong>Pattern</strong></td><td style=""padding:6px 0"">Carved Paisley</td></tr><tr><td style=""padding:6px 16px 6px 0""><strong>Finish</strong></td><td style=""padding:6px 0"">Carved paisley relief</td></tr><tr><td style=""padding:6px 16px 6px 0""><strong>Metal Type</strong></td><td style=""padding:6px 0"">14K or 18K yellow, white, or rose gold</td></tr><tr><td style=""padding:6px 16px 6px 0""><strong>Ring Sizes</strong></td><td style=""padding:6px 0"">8.5 to 13</td></tr></table><h3>Choose your metal color</h3><p>Made to order in <strong>14K or 18K yellow, white, or rose gold</strong>. The photograph shows one metal color; every style is cut in all of them. Choose your color at checkout, or message us and we will send a rendering in your color before we cut.</p><h3>14K or 18K: which should you choose?</h3><p>14K gold is 58.3% pure and alloyed with harder metals, which makes it more scratch resistant and the better choice for anyone who works with their hands. 18K is 75% pure, noticeably warmer and deeper in color, and heavier on the finger. It is softer, so it marks more readily over time. On a carved band the extra depth of color in 18K makes the pattern read with more contrast. Both are made to the same tolerances here; the difference is character and durability, not quality.</p>",Laura Milman New York,Rings,"mens wedding band,paisley ring,carved wedding band,vintage wedding band,14k gold band,Yellow Gold,Rose Gold,Mens Wedding Bands",Carved Paisley Wedding Band | 14K & 18K Gold,"Carved paisley wedding band in 14K or 18K gold. Made to order in yellow, white, or rose gold."
mens-wedding-band-88,Argyle Diamond Wedding Band in 14K Gold,"<p>The Argyle Diamond Wedding Band is a 5mm men's wedding band in 14K or 18K yellow, white, or rose gold, from $1,500. An argyle grid with small carved diamonds set at each intersection, alternating between bright and textured facets. Detailed, symmetrical, and reads well at any distance.</p><h3>Specifications</h3><table><tr><td style=""padding:6px 16px 6px 0""><strong>Band Width</strong></td><td style=""padding:6px 0"">5mm (custom widths by request)</td></tr><tr><td style=""padding:6px 16px 6px 0""><strong>Pattern</strong></td><td style=""padding:6px 0"">Argyle Diamond</td></tr><tr><td style=""padding:6px 16px 6px 0""><strong>Finish</strong></td><td style=""padding:6px 0"">Carved and faceted argyle</td></tr><tr><td style=""padding:6px 16px 6px 0""><strong>Metal Type</strong></td><td style=""padding:6px 0"">14K or 18K yellow, white, or rose gold</td></tr><tr><td style=""padding:6px 16px 6px 0""><strong>Ring Sizes</strong></td><td style=""padding:6px 0"">8.5 to 13</td></tr></table><h3>Choose your metal color</h3><p>Made to order in <strong>14K or 18K yellow, white, or rose gold</strong>. The photograph shows one metal color; every style is cut in all of them. Choose your color at checkout, or message us and we will send a rendering in your color before we cut.</p><h3>14K or 18K: which should you choose?</h3><p>14K gold is 58.3% pure and alloyed with harder metals, which makes it more scratch resistant and the better choice for anyone who works with their hands. 18K is 75% pure, noticeably warmer and deeper in color, and heavier on the finger. It is softer, so it marks more readily over time. On a carved band the extra depth of color in 18K makes the pattern read with more contrast. Both are made to the same tolerances here; the difference is character and durability, not quality.</p>",Laura Milman New York,Rings,"argyle ring,mens wedding band,geometric wedding band,diamond cut wedding band,14k gold band,Yellow Gold,Rose Gold,Mens Wedding Bands",Argyle Diamond Wedding Band | 14K & 18K Gold,"Argyle pattern wedding band in 14K or 18K gold. 5mm, made to order in yellow, white, or rose gold."
mens-wedding-band-89,Linen Texture Wedding Band in 14K Gold,"<p>The Linen Texture Wedding Band is a 5mm men's wedding band in 14K or 18K yellow, white, or rose gold, from $1,500. A crosshatched linen texture is worked across the entire surface, fine enough to read as woven fabric rather than cut metal. Completely matte and very tactile.</p><h3>Specifications</h3><table><tr><td style=""padding:6px 16px 6px 0""><strong>Band Width</strong></td><td style=""padding:6px 0"">5mm (custom widths by request)</td></tr><tr><td style=""padding:6px 16px 6px 0""><strong>Pattern</strong></td><td style=""padding:6px 0"">Linen Texture</td></tr><tr><td style=""padding:6px 16px 6px 0""><strong>Finish</strong></td><td style=""padding:6px 0"">All-over linen texture</td></tr><tr><td style=""padding:6px 16px 6px 0""><strong>Metal Type</strong></td><td style=""padding:6px 0"">14K or 18K yellow, white, or rose gold</td></tr><tr><td style=""padding:6px 16px 6px 0""><strong>Ring Sizes</strong></td><td style=""padding:6px 0"">8.5 to 13</td></tr></table><h3>Choose your metal color</h3><p>Made to order in <strong>14K or 18K yellow, white, or rose gold</strong>. The photograph shows one metal color; every style is cut in all of them. Choose your color at checkout, or message us and we will send a rendering in your color before we cut.</p><h3>14K or 18K: which should you choose?</h3><p>14K gold is 58.3% pure and alloyed with harder metals, which makes it more scratch resistant and the better choice for anyone who works with their hands. 18K is 75% pure, noticeably warmer and deeper in color, and heavier on the finger. It is softer, so it marks more readily over time. On a carved band the extra depth of color in 18K makes the pattern read with more contrast. Both are made to the same tolerances here; the difference is character and durability, not quality.</p>",Laura Milman New York,Rings,"textured wedding band,mens wedding band,matte wedding band,woven ring,14k gold band,Yellow Gold,Rose Gold,Mens Wedding Bands",Linen Texture Wedding Band | 14K & 18K Gold,"Linen textured wedding band in 14K or 18K gold. Made to order in yellow, white, or rose gold."
mens-wedding-band-90,Staggered Brick Wedding Band in 14K Gold,"<p>The Staggered Brick Wedding Band is a 5mm men's wedding band in 14K or 18K yellow, white, or rose gold, from $1,500. Rows of small polished blocks are set in a staggered brick pattern across a wide band, each row offset from the last. Reads almost like a bracelet link.</p><h3>Specifications</h3><table><tr><td style=""padding:6px 16px 6px 0""><strong>Band Width</strong></td><td style=""padding:6px 0"">5mm (custom widths by request)</td></tr><tr><td style=""padding:6px 16px 6px 0""><strong>Pattern</strong></td><td style=""padding:6px 0"">Staggered Brick</td></tr><tr><td style=""padding:6px 16px 6px 0""><strong>Finish</strong></td><td style=""padding:6px 0"">Staggered carved blocks</td></tr><tr><td style=""padding:6px 16px 6px 0""><strong>Metal Type</strong></td><td style=""padding:6px 0"">14K or 18K yellow, white, or rose gold</td></tr><tr><td style=""padding:6px 16px 6px 0""><strong>Ring Sizes</strong></td><td style=""padding:6px 0"">8.5 to 13</td></tr></table><h3>Choose your metal color</h3><p>Made to order in <strong>14K or 18K yellow, white, or rose gold</strong>. The photograph shows one metal color; every style is cut in all of them. Choose your color at checkout, or message us and we will send a rendering in your color before we cut.</p><h3>14K or 18K: which should you choose?</h3><p>14K gold is 58.3% pure and alloyed with harder metals, which makes it more scratch resistant and the better choice for anyone who works with their hands. 18K is 75% pure, noticeably warmer and deeper in color, and heavier on the finger. It is softer, so it marks more readily over time. On a carved band the extra depth of color in 18K makes the pattern read with more contrast. Both are made to the same tolerances here; the difference is character and durability, not quality.</p>",Laura Milman New York,Rings,"mens wedding band,geometric wedding band,wide wedding band,modern mens ring,14k gold band,Yellow Gold,Rose Gold,Mens Wedding Bands",Staggered Brick Wedding Band | 14K & 18K Gold,"Staggered brick pattern wedding band in 14K or 18K gold. Made to order in yellow, white, or rose gold."
mens-wedding-band-91,Woven Mesh Wedding Band in 14K Gold,"<p>The Woven Mesh Wedding Band is a 5mm men's wedding band in 14K or 18K yellow, white, or rose gold, from $1,500. A fine mesh texture covers the center of the band from edge to edge, dense enough to read as woven wire. Framed by narrow polished borders.</p><h3>Specifications</h3><table><tr><td style=""padding:6px 16px 6px 0""><strong>Band Width</strong></td><td style=""padding:6px 0"">5mm (custom widths by request)</td></tr><tr><td style=""padding:6px 16px 6px 0""><strong>Pattern</strong></td><td style=""padding:6px 0"">Woven Mesh</td></tr><tr><td style=""padding:6px 16px 6px 0""><strong>Finish</strong></td><td style=""padding:6px 0"">Fine mesh texture</td></tr><tr><td style=""padding:6px 16px 6px 0""><strong>Metal Type</strong></td><td style=""padding:6px 0"">14K or 18K yellow, white, or rose gold</td></tr><tr><td style=""padding:6px 16px 6px 0""><strong>Ring Sizes</strong></td><td style=""padding:6px 0"">8.5 to 13</td></tr></table><h3>Choose your metal color</h3><p>Made to order in <strong>14K or 18K yellow, white, or rose gold</strong>. The photograph shows one metal color; every style is cut in all of them. Choose your color at checkout, or message us and we will send a rendering in your color before we cut.</p><h3>14K or 18K: which should you choose?</h3><p>14K gold is 58.3% pure and alloyed with harder metals, which makes it more scratch resistant and the better choice for anyone who works with their hands. 18K is 75% pure, noticeably warmer and deeper in color, and heavier on the finger. It is softer, so it marks more readily over time. On a carved band the extra depth of color in 18K makes the pattern read with more contrast. Both are made to the same tolerances here; the difference is character and durability, not quality.</p>",Laura Milman New York,Rings,"textured wedding band,mens wedding band,mesh ring,woven wedding band,14k gold band,Yellow Gold,Rose Gold,Mens Wedding Bands",Woven Mesh Wedding Band | 14K & 18K Gold,"Woven mesh textured wedding band in 14K or 18K gold. 5mm, made to order in yellow, white, or rose gold."
mens-wedding-band-92,Celtic Heart Wedding Band in 14K Gold,"<p>The Celtic Heart Wedding Band is a 5mm men's wedding band in 14K or 18K yellow, white, or rose gold, from $1,500. Interlaced heart knots carved in bold relief around a wide band, each heart flowing into the next in an unbroken chain. Traditional Celtic symbolism at a substantial scale.</p><h3>Specifications</h3><table><tr><td style=""padding:6px 16px 6px 0""><strong>Band Width</strong></td><td style=""padding:6px 0"">5mm (custom widths by request)</td></tr><tr><td style=""padding:6px 16px 6px 0""><strong>Pattern</strong></td><td style=""padding:6px 0"">Celtic Heart</td></tr><tr><td style=""padding:6px 16px 6px 0""><strong>Finish</strong></td><td style=""padding:6px 0"">Deep carved knotwork</td></tr><tr><td style=""padding:6px 16px 6px 0""><strong>Metal Type</strong></td><td style=""padding:6px 0"">14K or 18K yellow, white, or rose gold</td></tr><tr><td style=""padding:6px 16px 6px 0""><strong>Ring Sizes</strong></td><td style=""padding:6px 0"">8.5 to 13</td></tr></table><h3>Choose your metal color</h3><p>Made to order in <strong>14K or 18K yellow, white, or rose gold</strong>. The photograph shows one metal color; every style is cut in all of them. Choose your color at checkout, or message us and we will send a rendering in your color before we cut.</p><h3>14K or 18K: which should you choose?</h3><p>14K gold is 58.3% pure and alloyed with harder metals, which makes it more scratch resistant and the better choice for anyone who works with their hands. 18K is 75% pure, noticeably warmer and deeper in color, and heavier on the finger. It is softer, so it marks more readily over time. On a carved band the extra depth of color in 18K makes the pattern read with more contrast. Both are made to the same tolerances here; the difference is character and durability, not quality.</p>",Laura Milman New York,Rings,"celtic wedding band,celtic heart knot,irish wedding band,mens wedding band,14k gold band,Yellow Gold,Rose Gold,Mens Wedding Bands",Celtic Heart Wedding Band | 14K & 18K Gold,"Carved Celtic heart knot wedding band in 14K or 18K gold. Made to order in yellow, white, or rose gold."
mens-wedding-band-93,Celtic Scroll Wedding Band in 14K Gold,"<p>The Celtic Scroll Wedding Band is a 5mm men's wedding band in 14K or 18K yellow, white, or rose gold, from $1,500. Celtic scrollwork carved across the full width in flowing curves, less rigidly geometric than the knot patterns and closer to illuminated manuscript work.</p><h3>Specifications</h3><table><tr><td style=""padding:6px 16px 6px 0""><strong>Band Width</strong></td><td style=""padding:6px 0"">5mm (custom widths by request)</td></tr><tr><td style=""padding:6px 16px 6px 0""><strong>Pattern</strong></td><td style=""padding:6px 0"">Celtic Scroll</td></tr><tr><td style=""padding:6px 16px 6px 0""><strong>Finish</strong></td><td style=""padding:6px 0"">Carved scroll relief</td></tr><tr><td style=""padding:6px 16px 6px 0""><strong>Metal Type</strong></td><td style=""padding:6px 0"">14K or 18K yellow, white, or rose gold</td></tr><tr><td style=""padding:6px 16px 6px 0""><strong>Ring Sizes</strong></td><td style=""padding:6px 0"">8.5 to 13</td></tr></table><h3>Choose your metal color</h3><p>Made to order in <strong>14K or 18K yellow, white, or rose gold</strong>. The photograph shows one metal color; every style is cut in all of them. Choose your color at checkout, or message us and we will send a rendering in your color before we cut.</p><h3>14K or 18K: which should you choose?</h3><p>14K gold is 58.3% pure and alloyed with harder metals, which makes it more scratch resistant and the better choice for anyone who works with their hands. 18K is 75% pure, noticeably warmer and deeper in color, and heavier on the finger. It is softer, so it marks more readily over time. On a carved band the extra depth of color in 18K makes the pattern read with more contrast. Both are made to the same tolerances here; the difference is character and durability, not quality.</p>",Laura Milman New York,Rings,"celtic wedding band,scroll ring,carved wedding band,irish wedding band,14k gold band,Yellow Gold,Rose Gold,Mens Wedding Bands",Celtic Scroll Wedding Band | 14K & 18K Gold,"Carved Celtic scroll wedding band in 14K or 18K gold. Made to order in yellow, white, or rose gold."
mens-wedding-band-94,Tribal Geometric Wedding Band in 14K Gold,"<p>The Tribal Geometric Wedding Band is a 5mm men's wedding band in 14K or 18K yellow, white, or rose gold, from $1,500. A bold geometric pattern of interlocking angular forms is carved across a wide band, drawing on tribal and Celtic sources without belonging strictly to either.</p><h3>Specifications</h3><table><tr><td style=""padding:6px 16px 6px 0""><strong>Band Width</strong></td><td style=""padding:6px 0"">5mm (custom widths by request)</td></tr><tr><td style=""padding:6px 16px 6px 0""><strong>Pattern</strong></td><td style=""padding:6px 0"">Tribal Geometric</td></tr><tr><td style=""padding:6px 16px 6px 0""><strong>Finish</strong></td><td style=""padding:6px 0"">Deep carved geometric relief</td></tr><tr><td style=""padding:6px 16px 6px 0""><strong>Metal Type</strong></td><td style=""padding:6px 0"">14K or 18K yellow, white, or rose gold</td></tr><tr><td style=""padding:6px 16px 6px 0""><strong>Ring Sizes</strong></td><td style=""padding:6px 0"">8.5 to 13</td></tr></table><h3>Choose your metal color</h3><p>Made to order in <strong>14K or 18K yellow, white, or rose gold</strong>. The photograph shows one metal color; every style is cut in all of them. Choose your color at checkout, or message us and we will send a rendering in your color before we cut.</p><h3>14K or 18K: which should you choose?</h3><p>14K gold is 58.3% pure and alloyed with harder metals, which makes it more scratch resistant and the better choice for anyone who works with their hands. 18K is 75% pure, noticeably warmer and deeper in color, and heavier on the finger. It is softer, so it marks more readily over time. On a carved band the extra depth of color in 18K makes the pattern read with more contrast. Both are made to the same tolerances here; the difference is character and durability, not quality.</p>",Laura Milman New York,Rings,"tribal wedding band,geometric wedding band,mens wedding band,carved wedding band,14k gold band,Yellow Gold,Rose Gold,Mens Wedding Bands",Tribal Geometric Wedding Band | 14K & 18K Gold,"Tribal geometric wedding band carved in 14K or 18K gold. Made to order in yellow, white, or rose gold."
mens-wedding-band-95,Carved Filigree Scroll Wedding Band in 14K Gold,"<p>The Carved Filigree Scroll Wedding Band is a 5mm men's wedding band in 14K or 18K yellow, white, or rose gold, from $1,500. Open filigree scrollwork carved in generous sweeping curves across the band, leaving plenty of polished ground between the lines so the pattern stays light.</p><h3>Specifications</h3><table><tr><td style=""padding:6px 16px 6px 0""><strong>Band Width</strong></td><td style=""padding:6px 0"">5mm (custom widths by request)</td></tr><tr><td style=""padding:6px 16px 6px 0""><strong>Pattern</strong></td><td style=""padding:6px 0"">Filigree Scroll</td></tr><tr><td style=""padding:6px 16px 6px 0""><strong>Finish</strong></td><td style=""padding:6px 0"">Carved open filigree</td></tr><tr><td style=""padding:6px 16px 6px 0""><strong>Metal Type</strong></td><td style=""padding:6px 0"">14K or 18K yellow, white, or rose gold</td></tr><tr><td style=""padding:6px 16px 6px 0""><strong>Ring Sizes</strong></td><td style=""padding:6px 0"">8.5 to 13</td></tr></table><h3>Choose your metal color</h3><p>Made to order in <strong>14K or 18K yellow, white, or rose gold</strong>. The photograph shows one metal color; every style is cut in all of them. Choose your color at checkout, or message us and we will send a rendering in your color before we cut.</p><h3>14K or 18K: which should you choose?</h3><p>14K gold is 58.3% pure and alloyed with harder metals, which makes it more scratch resistant and the better choice for anyone who works with their hands. 18K is 75% pure, noticeably warmer and deeper in color, and heavier on the finger. It is softer, so it marks more readily over time. On a carved band the extra depth of color in 18K makes the pattern read with more contrast. Both are made to the same tolerances here; the difference is character and durability, not quality.</p>",Laura Milman New York,Rings,"filigree wedding band,scroll ring,carved wedding band,mens wedding band,14k gold band,Yellow Gold,Rose Gold,Mens Wedding Bands",Filigree Scroll Wedding Band | 14K & 18K Gold,"Carved filigree scroll wedding band in 14K or 18K gold. 5mm, made to order in yellow, white, or rose gold."
mens-wedding-band-96,"Celtic Braid Wedding Band in 14K Gold, Wide","<p>The Celtic Braid Wedding Band is a 5mm men's wedding band in 14K or 18K yellow, white, or rose gold, from $1,500. A wide, multi-strand Celtic braid carved across the full width, the strands genuinely interlacing rather than sitting side by side. The most traditional Irish design we offer.</p><h3>Specifications</h3><table><tr><td style=""padding:6px 16px 6px 0""><strong>Band Width</strong></td><td style=""padding:6px 0"">5mm (custom widths by request)</td></tr><tr><td style=""padding:6px 16px 6px 0""><strong>Pattern</strong></td><td style=""padding:6px 0"">Wide Celtic Braid</td></tr><tr><td style=""padding:6px 16px 6px 0""><strong>Finish</strong></td><td style=""padding:6px 0"">Deep carved braided knotwork</td></tr><tr><td style=""padding:6px 16px 6px 0""><strong>Metal Type</strong></td><td style=""padding:6px 0"">14K or 18K yellow, white, or rose gold</td></tr><tr><td style=""padding:6px 16px 6px 0""><strong>Ring Sizes</strong></td><td style=""padding:6px 0"">8.5 to 13</td></tr></table><h3>Choose your metal color</h3><p>Made to order in <strong>14K or 18K yellow, white, or rose gold</strong>. The photograph shows one metal color; every style is cut in all of them. Choose your color at checkout, or message us and we will send a rendering in your color before we cut.</p><h3>14K or 18K: which should you choose?</h3><p>14K gold is 58.3% pure and alloyed with harder metals, which makes it more scratch resistant and the better choice for anyone who works with their hands. 18K is 75% pure, noticeably warmer and deeper in color, and heavier on the finger. It is softer, so it marks more readily over time. On a carved band the extra depth of color in 18K makes the pattern read with more contrast. Both are made to the same tolerances here; the difference is character and durability, not quality.</p>",Laura Milman New York,Rings,"celtic wedding band,celtic braid ring,irish wedding band,wide wedding band,14k gold band,Yellow Gold,Rose Gold,Mens Wedding Bands",Wide Celtic Braid Wedding Band | 14K & 18K Gold,"Wide carved Celtic braid wedding band in 14K or 18K gold. Made to order in yellow, white, or rose gold."
mens-wedding-band-97,Basketweave Texture Wedding Band in 14K Gold,"<p>The Basketweave Texture Wedding Band is a 5mm men's wedding band in 14K or 18K yellow, white, or rose gold, from $1,500. A fine basketweave texture is worked edge to edge across the band, regular and tightly spaced. Matte, tactile, and one of the easiest patterns to wear daily.</p><h3>Specifications</h3><table><tr><td style=""padding:6px 16px 6px 0""><strong>Band Width</strong></td><td style=""padding:6px 0"">5mm (custom widths by request)</td></tr><tr><td style=""padding:6px 16px 6px 0""><strong>Pattern</strong></td><td style=""padding:6px 0"">Basketweave Texture</td></tr><tr><td style=""padding:6px 16px 6px 0""><strong>Finish</strong></td><td style=""padding:6px 0"">Fine basketweave texture</td></tr><tr><td style=""padding:6px 16px 6px 0""><strong>Metal Type</strong></td><td style=""padding:6px 0"">14K or 18K yellow, white, or rose gold</td></tr><tr><td style=""padding:6px 16px 6px 0""><strong>Ring Sizes</strong></td><td style=""padding:6px 0"">8.5 to 13</td></tr></table><h3>Choose your metal color</h3><p>Made to order in <strong>14K or 18K yellow, white, or rose gold</strong>. The photograph shows one metal color; every style is cut in all of them. Choose your color at checkout, or message us and we will send a rendering in your color before we cut.</p><h3>14K or 18K: which should you choose?</h3><p>14K gold is 58.3% pure and alloyed with harder metals, which makes it more scratch resistant and the better choice for anyone who works with their hands. 18K is 75% pure, noticeably warmer and deeper in color, and heavier on the finger. It is softer, so it marks more readily over time. On a carved band the extra depth of color in 18K makes the pattern read with more contrast. Both are made to the same tolerances here; the difference is character and durability, not quality.</p>",Laura Milman New York,Rings,"textured wedding band,basketweave ring,mens wedding band,matte wedding band,14k gold band,Yellow Gold,Rose Gold,Mens Wedding Bands",Basketweave Texture Wedding Band | 14K & 18K Gold,"Basketweave textured wedding band in 14K or 18K gold. Made to order in yellow, white, or rose gold."
mens-wedding-band-98,Carved Infinity Wedding Band in 14K White Gold,"<p>The Carved Infinity Wedding Band is a 5mm men's wedding band in 14K or 18K yellow, white, or rose gold, from $1,500. Linked infinity loops are carved around a slim white gold band, spaced so each loop reads on its own. Understated, and one of the lighter pieces in the collection.</p><h3>Specifications</h3><table><tr><td style=""padding:6px 16px 6px 0""><strong>Band Width</strong></td><td style=""padding:6px 0"">5mm (custom widths by request)</td></tr><tr><td style=""padding:6px 16px 6px 0""><strong>Pattern</strong></td><td style=""padding:6px 0"">Carved Infinity</td></tr><tr><td style=""padding:6px 16px 6px 0""><strong>Finish</strong></td><td style=""padding:6px 0"">Carved relief on satin ground</td></tr><tr><td style=""padding:6px 16px 6px 0""><strong>Metal Type</strong></td><td style=""padding:6px 0"">14K or 18K yellow, white, or rose gold</td></tr><tr><td style=""padding:6px 16px 6px 0""><strong>Ring Sizes</strong></td><td style=""padding:6px 0"">8.5 to 13</td></tr></table><h3>Choose your metal color</h3><p>Made to order in <strong>14K or 18K yellow, white, or rose gold</strong>. The photograph shows one metal color; every style is cut in all of them. Choose your color at checkout, or message us and we will send a rendering in your color before we cut.</p><h3>14K or 18K: which should you choose?</h3><p>14K gold is 58.3% pure and alloyed with harder metals, which makes it more scratch resistant and the better choice for anyone who works with their hands. 18K is 75% pure, noticeably warmer and deeper in color, and heavier on the finger. It is softer, so it marks more readily over time. On a carved band the extra depth of color in 18K makes the pattern read with more contrast. Both are made to the same tolerances here; the difference is character and durability, not quality.</p>",Laura Milman New York,Rings,"white gold wedding band,infinity wedding band,mens wedding band,carved wedding band,14k white gold,White Gold,Rose Gold,Mens Wedding Bands",Carved Infinity Wedding Band | 14K White Gold,"Carved infinity wedding band in 14K or 18K white gold. 5mm, also made to order in yellow or rose gold."
mens-wedding-band-99,Greek Key Wedding Band in 14K White Gold,"<p>The Greek Key Wedding Band is a 5mm men's wedding band in 14K or 18K yellow, white, or rose gold, from $1,500. A carved Greek key runs through the recessed center of this white gold band, framed by bright polished rails that lift the geometry and shield the carving.</p><h3>Specifications</h3><table><tr><td style=""padding:6px 16px 6px 0""><strong>Band Width</strong></td><td style=""padding:6px 0"">5mm (custom widths by request)</td></tr><tr><td style=""padding:6px 16px 6px 0""><strong>Pattern</strong></td><td style=""padding:6px 0"">Greek Key</td></tr><tr><td style=""padding:6px 16px 6px 0""><strong>Finish</strong></td><td style=""padding:6px 0"">Carved meander in recessed channel</td></tr><tr><td style=""padding:6px 16px 6px 0""><strong>Metal Type</strong></td><td style=""padding:6px 0"">14K or 18K yellow, white, or rose gold</td></tr><tr><td style=""padding:6px 16px 6px 0""><strong>Ring Sizes</strong></td><td style=""padding:6px 0"">8.5 to 13</td></tr></table><h3>Choose your metal color</h3><p>Made to order in <strong>14K or 18K yellow, white, or rose gold</strong>. The photograph shows one metal color; every style is cut in all of them. Choose your color at checkout, or message us and we will send a rendering in your color before we cut.</p><h3>14K or 18K: which should you choose?</h3><p>14K gold is 58.3% pure and alloyed with harder metals, which makes it more scratch resistant and the better choice for anyone who works with their hands. 18K is 75% pure, noticeably warmer and deeper in color, and heavier on the finger. It is softer, so it marks more readily over time. On a carved band the extra depth of color in 18K makes the pattern read with more contrast. Both are made to the same tolerances here; the difference is character and durability, not quality.</p>",Laura Milman New York,Rings,"greek key wedding band,white gold wedding band,mens wedding band,meander ring,14k white gold,White Gold,Rose Gold,Mens Wedding Bands",Greek Key Wedding Band | 14K White Gold,Carved Greek key wedding band in 14K or 18K white gold. Also made to order in yellow or rose gold.
mens-wedding-band-100,Carved Cross Wedding Band in 14K White Gold,"<p>The Carved Cross Wedding Band is a 5mm men's wedding band in 14K or 18K yellow, white, or rose gold, or platinum, from $1,500. Latin crosses are carved at intervals around a satin white gold band, spaced widely so the motif reads clearly without becoming the whole design.</p><h3>Specifications</h3><table><tr><td style=""padding:6px 16px 6px 0""><strong>Band Width</strong></td><td style=""padding:6px 0"">5mm (custom widths by request)</td></tr><tr><td style=""padding:6px 16px 6px 0""><strong>Pattern</strong></td><td style=""padding:6px 0"">Carved Cross</td></tr><tr><td style=""padding:6px 16px 6px 0""><strong>Finish</strong></td><td style=""padding:6px 0"">Carved relief on satin ground</td></tr><tr><td style=""padding:6px 16px 6px 0""><strong>Metal Type</strong></td><td style=""padding:6px 0"">14K or 18K yellow, white, or rose gold, or platinum</td></tr><tr><td style=""padding:6px 16px 6px 0""><strong>Ring Sizes</strong></td><td style=""padding:6px 0"">8.5 to 13</td></tr></table><h3>Choose your metal color</h3><p>Made to order in <strong>14K or 18K yellow, white, or rose gold, or platinum</strong>. The photograph shows one metal color; every style is cut in all of them. Choose your color at checkout, or message us and we will send a rendering in your color before we cut.</p><h3>14K or 18K: which should you choose?</h3><p>14K gold is 58.3% pure and alloyed with harder metals, which makes it more scratch resistant and the better choice for anyone who works with their hands. 18K is 75% pure, noticeably warmer and deeper in color, and heavier on the finger. It is softer, so it marks more readily over time. On a carved band the extra depth of color in 18K makes the pattern read with more contrast. Both are made to the same tolerances here; the difference is character and durability, not quality.</p>",Laura Milman New York,Rings,"cross wedding band,christian wedding band,white gold wedding band,platinum wedding band,mens wedding band,White Gold,Rose Gold,Mens Wedding Bands,Platinum",Carved Cross Wedding Band | 14K White Gold & Platinum,"Cross wedding band carved in 14K or 18K white gold, or platinum. Also made to order in yellow or rose gold."
mens-wedding-band-101,Carved Scroll Wedding Band in 14K White Gold,"<p>The Carved Scroll Wedding Band is a 5mm men's wedding band in 14K or 18K yellow, white, or rose gold, from $1,500. Flowing scrollwork carved across a satin white gold band, framed by polished edges. Ornate detail in a cooler metal than the yellow gold version of the same pattern.</p><h3>Specifications</h3><table><tr><td style=""padding:6px 16px 6px 0""><strong>Band Width</strong></td><td style=""padding:6px 0"">5mm (custom widths by request)</td></tr><tr><td style=""padding:6px 16px 6px 0""><strong>Pattern</strong></td><td style=""padding:6px 0"">Carved Scroll</td></tr><tr><td style=""padding:6px 16px 6px 0""><strong>Finish</strong></td><td style=""padding:6px 0"">Carved scroll on satin ground</td></tr><tr><td style=""padding:6px 16px 6px 0""><strong>Metal Type</strong></td><td style=""padding:6px 0"">14K or 18K yellow, white, or rose gold</td></tr><tr><td style=""padding:6px 16px 6px 0""><strong>Ring Sizes</strong></td><td style=""padding:6px 0"">8.5 to 13</td></tr></table><h3>Choose your metal color</h3><p>Made to order in <strong>14K or 18K yellow, white, or rose gold</strong>. The photograph shows one metal color; every style is cut in all of them. Choose your color at checkout, or message us and we will send a rendering in your color before we cut.</p><h3>14K or 18K: which should you choose?</h3><p>14K gold is 58.3% pure and alloyed with harder metals, which makes it more scratch resistant and the better choice for anyone who works with their hands. 18K is 75% pure, noticeably warmer and deeper in color, and heavier on the finger. It is softer, so it marks more readily over time. On a carved band the extra depth of color in 18K makes the pattern read with more contrast. Both are made to the same tolerances here; the difference is character and durability, not quality.</p>",Laura Milman New York,Rings,"white gold wedding band,scroll ring,carved wedding band,mens wedding band,14k white gold,White Gold,Rose Gold,Mens Wedding Bands",Carved Scroll Wedding Band | 14K White Gold,Carved scroll wedding band in 14K or 18K white gold. Also made to order in yellow or rose gold.
mens-wedding-band-102,Carved Geometric Wedding Band in 14K White Gold,"<p>The Carved Geometric Wedding Band is a 5mm men's wedding band in 14K or 18K yellow, white, or rose gold, or platinum, from $1,500. Squares and diamonds are carved in an alternating grid across a satin white gold band, bordered by polished rails. Precise and modern.</p><h3>Specifications</h3><table><tr><td style=""padding:6px 16px 6px 0""><strong>Band Width</strong></td><td style=""padding:6px 0"">5mm (custom widths by request)</td></tr><tr><td style=""padding:6px 16px 6px 0""><strong>Pattern</strong></td><td style=""padding:6px 0"">Geometric</td></tr><tr><td style=""padding:6px 16px 6px 0""><strong>Finish</strong></td><td style=""padding:6px 0"">Carved geometric relief</td></tr><tr><td style=""padding:6px 16px 6px 0""><strong>Metal Type</strong></td><td style=""padding:6px 0"">14K or 18K yellow, white, or rose gold, or platinum</td></tr><tr><td style=""padding:6px 16px 6px 0""><strong>Ring Sizes</strong></td><td style=""padding:6px 0"">8.5 to 13</td></tr></table><h3>Choose your metal color</h3><p>Made to order in <strong>14K or 18K yellow, white, or rose gold, or platinum</strong>. The photograph shows one metal color; every style is cut in all of them. Choose your color at checkout, or message us and we will send a rendering in your color before we cut.</p><h3>14K or 18K: which should you choose?</h3><p>14K gold is 58.3% pure and alloyed with harder metals, which makes it more scratch resistant and the better choice for anyone who works with their hands. 18K is 75% pure, noticeably warmer and deeper in color, and heavier on the finger. It is softer, so it marks more readily over time. On a carved band the extra depth of color in 18K makes the pattern read with more contrast. Both are made to the same tolerances here; the difference is character and durability, not quality.</p>",Laura Milman New York,Rings,"geometric wedding band,white gold wedding band,platinum wedding band,mens wedding band,carved wedding band,White Gold,Rose Gold,Mens Wedding Bands,Platinum",Geometric Wedding Band | 14K White Gold & Platinum,"Carved geometric wedding band in 14K or 18K white gold, or platinum. Also made in yellow or rose gold."
mens-wedding-band-103,Spiral Edge Wedding Band in 14K White Gold,"<p>The Spiral Edge Wedding Band is a 5mm men's wedding band in 14K or 18K yellow, white, or rose gold, or platinum, from $1,500. Fine carved spirals run along both edges of the band, leaving a broad satin center untouched. The detail sits where it catches light but stays out of the way.</p><h3>Specifications</h3><table><tr><td style=""padding:6px 16px 6px 0""><strong>Band Width</strong></td><td style=""padding:6px 0"">5mm (custom widths by request)</td></tr><tr><td style=""padding:6px 16px 6px 0""><strong>Pattern</strong></td><td style=""padding:6px 0"">Spiral Edge</td></tr><tr><td style=""padding:6px 16px 6px 0""><strong>Finish</strong></td><td style=""padding:6px 0"">Carved spiral edges, satin center</td></tr><tr><td style=""padding:6px 16px 6px 0""><strong>Metal Type</strong></td><td style=""padding:6px 0"">14K or 18K yellow, white, or rose gold, or platinum</td></tr><tr><td style=""padding:6px 16px 6px 0""><strong>Ring Sizes</strong></td><td style=""padding:6px 0"">8.5 to 13</td></tr></table><h3>Choose your metal color</h3><p>Made to order in <strong>14K or 18K yellow, white, or rose gold, or platinum</strong>. The photograph shows one metal color; every style is cut in all of them. Choose your color at checkout, or message us and we will send a rendering in your color before we cut.</p><h3>14K or 18K: which should you choose?</h3><p>14K gold is 58.3% pure and alloyed with harder metals, which makes it more scratch resistant and the better choice for anyone who works with their hands. 18K is 75% pure, noticeably warmer and deeper in color, and heavier on the finger. It is softer, so it marks more readily over time. On a carved band the extra depth of color in 18K makes the pattern read with more contrast. Both are made to the same tolerances here; the difference is character and durability, not quality.</p>",Laura Milman New York,Rings,"white gold wedding band,platinum wedding band,carved wedding band,mens wedding band,spiral ring,White Gold,Rose Gold,Mens Wedding Bands,Platinum",Spiral Edge Wedding Band | 14K White Gold & Platinum,"Spiral edge wedding band in 14K or 18K white gold, or platinum. Also made in yellow or rose gold."
mens-wedding-band-104,Coil Edge Wedding Band in 14K White Gold,"<p>The Coil Edge Wedding Band is a 5mm men's wedding band in 14K or 18K yellow, white, or rose gold, or platinum, from $1,500. A carved coil motif runs along one edge of a wide satin band, leaving the rest of the surface clean. An asymmetric design that works well for anyone who wants width without pattern.</p><h3>Specifications</h3><table><tr><td style=""padding:6px 16px 6px 0""><strong>Band Width</strong></td><td style=""padding:6px 0"">5mm (custom widths by request)</td></tr><tr><td style=""padding:6px 16px 6px 0""><strong>Pattern</strong></td><td style=""padding:6px 0"">Coil Edge</td></tr><tr><td style=""padding:6px 16px 6px 0""><strong>Finish</strong></td><td style=""padding:6px 0"">Carved coil edge, satin center</td></tr><tr><td style=""padding:6px 16px 6px 0""><strong>Metal Type</strong></td><td style=""padding:6px 0"">14K or 18K yellow, white, or rose gold, or platinum</td></tr><tr><td style=""padding:6px 16px 6px 0""><strong>Ring Sizes</strong></td><td style=""padding:6px 0"">8.5 to 13</td></tr></table><h3>Choose your metal color</h3><p>Made to order in <strong>14K or 18K yellow, white, or rose gold, or platinum</strong>. The photograph shows one metal color; every style is cut in all of them. Choose your color at checkout, or message us and we will send a rendering in your color before we cut.</p><h3>14K or 18K: which should you choose?</h3><p>14K gold is 58.3% pure and alloyed with harder metals, which makes it more scratch resistant and the better choice for anyone who works with their hands. 18K is 75% pure, noticeably warmer and deeper in color, and heavier on the finger. It is softer, so it marks more readily over time. On a carved band the extra depth of color in 18K makes the pattern read with more contrast. Both are made to the same tolerances here; the difference is character and durability, not quality.</p>",Laura Milman New York,Rings,"white gold wedding band,platinum wedding band,wide wedding band,mens wedding band,carved wedding band,White Gold,Rose Gold,Mens Wedding Bands,Platinum",Coil Edge Wedding Band | 14K White Gold & Platinum,"Wide coil edge wedding band in 14K or 18K white gold, or platinum. Also made in yellow or rose gold."
mens-wedding-band-105,Celtic Heart Infinity Wedding Band in 14K White Gold,"<p>The Celtic Heart Infinity Wedding Band is a 5mm men's wedding band in 14K or 18K yellow, white, or rose gold, or platinum, from $1,500. Heart knots and infinity loops carved together around a satin white gold band, the two motifs alternating so the pattern reads as one continuous line.</p><h3>Specifications</h3><table><tr><td style=""padding:6px 16px 6px 0""><strong>Band Width</strong></td><td style=""padding:6px 0"">5mm (custom widths by request)</td></tr><tr><td style=""padding:6px 16px 6px 0""><strong>Pattern</strong></td><td style=""padding:6px 0"">Celtic Heart</td></tr><tr><td style=""padding:6px 16px 6px 0""><strong>Finish</strong></td><td style=""padding:6px 0"">Carved knotwork relief</td></tr><tr><td style=""padding:6px 16px 6px 0""><strong>Metal Type</strong></td><td style=""padding:6px 0"">14K or 18K yellow, white, or rose gold, or platinum</td></tr><tr><td style=""padding:6px 16px 6px 0""><strong>Ring Sizes</strong></td><td style=""padding:6px 0"">8.5 to 13</td></tr></table><h3>Choose your metal color</h3><p>Made to order in <strong>14K or 18K yellow, white, or rose gold, or platinum</strong>. The photograph shows one metal color; every style is cut in all of them. Choose your color at checkout, or message us and we will send a rendering in your color before we cut.</p><h3>14K or 18K: which should you choose?</h3><p>14K gold is 58.3% pure and alloyed with harder metals, which makes it more scratch resistant and the better choice for anyone who works with their hands. 18K is 75% pure, noticeably warmer and deeper in color, and heavier on the finger. It is softer, so it marks more readily over time. On a carved band the extra depth of color in 18K makes the pattern read with more contrast. Both are made to the same tolerances here; the difference is character and durability, not quality.</p>",Laura Milman New York,Rings,"celtic wedding band,white gold wedding band,platinum wedding band,celtic heart knot,mens wedding band,White Gold,Rose Gold,Mens Wedding Bands,Platinum",Celtic Heart Wedding Band | 14K White Gold & Platinum,"Carved Celtic heart infinity wedding band in 14K or 18K white gold, or platinum. Also in yellow or rose gold."
mens-wedding-band-106,Floral Scroll Wedding Band in 14K White Gold,"<p>The Floral Scroll Wedding Band is a 5mm men's wedding band in 14K or 18K yellow, white, or rose gold, or platinum, from $1,500. Carved florals and four-point stars alternate around a satin white gold band. More decorative than the geometric styles and still comfortably masculine in proportion.</p><h3>Specifications</h3><table><tr><td style=""padding:6px 16px 6px 0""><strong>Band Width</strong></td><td style=""padding:6px 0"">5mm (custom widths by request)</td></tr><tr><td style=""padding:6px 16px 6px 0""><strong>Pattern</strong></td><td style=""padding:6px 0"">Floral Scroll</td></tr><tr><td style=""padding:6px 16px 6px 0""><strong>Finish</strong></td><td style=""padding:6px 0"">Carved floral relief</td></tr><tr><td style=""padding:6px 16px 6px 0""><strong>Metal Type</strong></td><td style=""padding:6px 0"">14K or 18K yellow, white, or rose gold, or platinum</td></tr><tr><td style=""padding:6px 16px 6px 0""><strong>Ring Sizes</strong></td><td style=""padding:6px 0"">8.5 to 13</td></tr></table><h3>Choose your metal color</h3><p>Made to order in <strong>14K or 18K yellow, white, or rose gold, or platinum</strong>. The photograph shows one metal color; every style is cut in all of them. Choose your color at checkout, or message us and we will send a rendering in your color before we cut.</p><h3>14K or 18K: which should you choose?</h3><p>14K gold is 58.3% pure and alloyed with harder metals, which makes it more scratch resistant and the better choice for anyone who works with their hands. 18K is 75% pure, noticeably warmer and deeper in color, and heavier on the finger. It is softer, so it marks more readily over time. On a carved band the extra depth of color in 18K makes the pattern read with more contrast. Both are made to the same tolerances here; the difference is character and durability, not quality.</p>",Laura Milman New York,Rings,"white gold wedding band,floral wedding band,platinum wedding band,carved wedding band,mens wedding band,White Gold,Rose Gold,Mens Wedding Bands,Platinum",Floral Scroll Wedding Band | 14K White Gold & Platinum,"Carved floral scroll wedding band in 14K or 18K white gold, or platinum. Also in yellow or rose gold."
mens-wedding-band-107,Greek Key Triangle Wedding Band in 14K White Gold,"<p>The Greek Key Triangle Wedding Band is a 5mm men's wedding band in 14K or 18K yellow, white, or rose gold, or platinum, from $1,500. A carved triangular meander runs the center of this white gold band, a sharper variation on the traditional Greek key. Bold and unmistakably geometric.</p><h3>Specifications</h3><table><tr><td style=""padding:6px 16px 6px 0""><strong>Band Width</strong></td><td style=""padding:6px 0"">5mm (custom widths by request)</td></tr><tr><td style=""padding:6px 16px 6px 0""><strong>Pattern</strong></td><td style=""padding:6px 0"">Greek Key</td></tr><tr><td style=""padding:6px 16px 6px 0""><strong>Finish</strong></td><td style=""padding:6px 0"">Carved geometric relief</td></tr><tr><td style=""padding:6px 16px 6px 0""><strong>Metal Type</strong></td><td style=""padding:6px 0"">14K or 18K yellow, white, or rose gold, or platinum</td></tr><tr><td style=""padding:6px 16px 6px 0""><strong>Ring Sizes</strong></td><td style=""padding:6px 0"">8.5 to 13</td></tr></table><h3>Choose your metal color</h3><p>Made to order in <strong>14K or 18K yellow, white, or rose gold, or platinum</strong>. The photograph shows one metal color; every style is cut in all of them. Choose your color at checkout, or message us and we will send a rendering in your color before we cut.</p><h3>14K or 18K: which should you choose?</h3><p>14K gold is 58.3% pure and alloyed with harder metals, which makes it more scratch resistant and the better choice for anyone who works with their hands. 18K is 75% pure, noticeably warmer and deeper in color, and heavier on the finger. It is softer, so it marks more readily over time. On a carved band the extra depth of color in 18K makes the pattern read with more contrast. Both are made to the same tolerances here; the difference is character and durability, not quality.</p>",Laura Milman New York,Rings,"greek key wedding band,geometric wedding band,white gold wedding band,platinum wedding band,mens wedding band,White Gold,Rose Gold,Mens Wedding Bands,Platinum",Greek Key Wedding Band | 14K White Gold & Platinum,"Triangular Greek key wedding band in 14K or 18K white gold, or platinum. Also in yellow or rose gold."
mens-wedding-band-108,Diamond-Cut Crosshatch Wedding Band in 14K White Gold,"<p>The Diamond-Cut Crosshatch Wedding Band is a 5mm men's wedding band in 14K or 18K yellow, white, or rose gold, or platinum, from $1,500. A wide crosshatch is diamond-cut into a sandblasted white gold surface, so the cut lines flash bright against a completely matte ground. High contrast and very durable.</p><h3>Specifications</h3><table><tr><td style=""padding:6px 16px 6px 0""><strong>Band Width</strong></td><td style=""padding:6px 0"">5mm (custom widths by request)</td></tr><tr><td style=""padding:6px 16px 6px 0""><strong>Pattern</strong></td><td style=""padding:6px 0"">Diamond-Cut</td></tr><tr><td style=""padding:6px 16px 6px 0""><strong>Finish</strong></td><td style=""padding:6px 0"">Diamond-cut on sandblast ground</td></tr><tr><td style=""padding:6px 16px 6px 0""><strong>Metal Type</strong></td><td style=""padding:6px 0"">14K or 18K yellow, white, or rose gold, or platinum</td></tr><tr><td style=""padding:6px 16px 6px 0""><strong>Ring Sizes</strong></td><td style=""padding:6px 0"">8.5 to 13</td></tr></table><h3>Choose your metal color</h3><p>Made to order in <strong>14K or 18K yellow, white, or rose gold, or platinum</strong>. The photograph shows one metal color; every style is cut in all of them. Choose your color at checkout, or message us and we will send a rendering in your color before we cut.</p><h3>14K or 18K: which should you choose?</h3><p>14K gold is 58.3% pure and alloyed with harder metals, which makes it more scratch resistant and the better choice for anyone who works with their hands. 18K is 75% pure, noticeably warmer and deeper in color, and heavier on the finger. It is softer, so it marks more readily over time. On a carved band the extra depth of color in 18K makes the pattern read with more contrast. Both are made to the same tolerances here; the difference is character and durability, not quality.</p>",Laura Milman New York,Rings,"diamond cut wedding band,white gold wedding band,platinum wedding band,mens wedding band,textured ring,White Gold,Rose Gold,Mens Wedding Bands,Platinum",Diamond-Cut Wedding Band | 14K White Gold & Platinum,"Diamond-cut crosshatch wedding band in 14K or 18K white gold, or platinum. Also in yellow or rose gold."
mens-wedding-band-109,Celtic Knot Wedding Band in 14K White Gold,"<p>The Celtic Knot Wedding Band is a 5mm men's wedding band in 14K or 18K yellow, white, or rose gold, or platinum, from $1,500. Traditional Celtic knotwork carved through the center of a satin white gold band, the strands interlacing continuously and framed by polished edges.</p><h3>Specifications</h3><table><tr><td style=""padding:6px 16px 6px 0""><strong>Band Width</strong></td><td style=""padding:6px 0"">5mm (custom widths by request)</td></tr><tr><td style=""padding:6px 16px 6px 0""><strong>Pattern</strong></td><td style=""padding:6px 0"">Celtic Knot</td></tr><tr><td style=""padding:6px 16px 6px 0""><strong>Finish</strong></td><td style=""padding:6px 0"">Carved knotwork, polished edges</td></tr><tr><td style=""padding:6px 16px 6px 0""><strong>Metal Type</strong></td><td style=""padding:6px 0"">14K or 18K yellow, white, or rose gold, or platinum</td></tr><tr><td style=""padding:6px 16px 6px 0""><strong>Ring Sizes</strong></td><td style=""padding:6px 0"">8.5 to 13</td></tr></table><h3>Choose your metal color</h3><p>Made to order in <strong>14K or 18K yellow, white, or rose gold, or platinum</strong>. The photograph shows one metal color; every style is cut in all of them. Choose your color at checkout, or message us and we will send a rendering in your color before we cut.</p><h3>14K or 18K: which should you choose?</h3><p>14K gold is 58.3% pure and alloyed with harder metals, which makes it more scratch resistant and the better choice for anyone who works with their hands. 18K is 75% pure, noticeably warmer and deeper in color, and heavier on the finger. It is softer, so it marks more readily over time. On a carved band the extra depth of color in 18K makes the pattern read with more contrast. Both are made to the same tolerances here; the difference is character and durability, not quality.</p>",Laura Milman New York,Rings,"celtic wedding band,white gold wedding band,platinum wedding band,irish wedding band,mens wedding band,White Gold,Rose Gold,Mens Wedding Bands,Platinum",Celtic Knot Wedding Band | 14K White Gold & Platinum,"Carved Celtic knot wedding band in 14K or 18K white gold, or platinum. Also in yellow or rose gold."
mens-wedding-band-110,Faith Hope Love Wedding Band in 14K White Gold,"<p>The Faith Hope Love Wedding Band is a 5mm men's wedding band in 14K or 18K yellow, white, or rose gold, or platinum, from $1,500. A heart, a cross, and an anchor carved in sequence around the band: faith, hope, and love, the traditional trio. Understated symbolism on a slim satin profile.</p><h3>Specifications</h3><table><tr><td style=""padding:6px 16px 6px 0""><strong>Band Width</strong></td><td style=""padding:6px 0"">5mm (custom widths by request)</td></tr><tr><td style=""padding:6px 16px 6px 0""><strong>Pattern</strong></td><td style=""padding:6px 0"">Faith Hope Love</td></tr><tr><td style=""padding:6px 16px 6px 0""><strong>Finish</strong></td><td style=""padding:6px 0"">Carved relief on satin ground</td></tr><tr><td style=""padding:6px 16px 6px 0""><strong>Metal Type</strong></td><td style=""padding:6px 0"">14K or 18K yellow, white, or rose gold, or platinum</td></tr><tr><td style=""padding:6px 16px 6px 0""><strong>Ring Sizes</strong></td><td style=""padding:6px 0"">8.5 to 13</td></tr></table><h3>Choose your metal color</h3><p>Made to order in <strong>14K or 18K yellow, white, or rose gold, or platinum</strong>. The photograph shows one metal color; every style is cut in all of them. Choose your color at checkout, or message us and we will send a rendering in your color before we cut.</p><h3>14K or 18K: which should you choose?</h3><p>14K gold is 58.3% pure and alloyed with harder metals, which makes it more scratch resistant and the better choice for anyone who works with their hands. 18K is 75% pure, noticeably warmer and deeper in color, and heavier on the finger. It is softer, so it marks more readily over time. On a carved band the extra depth of color in 18K makes the pattern read with more contrast. Both are made to the same tolerances here; the difference is character and durability, not quality.</p>",Laura Milman New York,Rings,"christian wedding band,faith hope love ring,white gold wedding band,platinum wedding band,mens wedding band,White Gold,Rose Gold,Mens Wedding Bands,Platinum",Faith Hope Love Wedding Band | 14K White Gold & Platinum,"Faith hope love wedding band carved in 14K or 18K white gold, or platinum. Also in yellow or rose gold."
mens-wedding-band-beveled-matte-finish,Beveled Satin Wedding Band with Milgrain in 14K Gold,"<p>The Beveled Satin Wedding Band with Milgrain is a 5mm men's wedding band in 14K or 18K yellow, white, or rose gold, from $1,500. A beveled profile finished in soft satin, with fine milgrain beading tracing both edges. The bevel keeps the ring sitting flat against the finger and gives it a slimmer look than its width.</p><h3>Specifications</h3><table><tr><td style=""padding:6px 16px 6px 0""><strong>Band Width</strong></td><td style=""padding:6px 0"">5mm (custom widths by request)</td></tr><tr><td style=""padding:6px 16px 6px 0""><strong>Pattern</strong></td><td style=""padding:6px 0"">Beveled Milgrain</td></tr><tr><td style=""padding:6px 16px 6px 0""><strong>Finish</strong></td><td style=""padding:6px 0"">Beveled satin, milgrain edges</td></tr><tr><td style=""padding:6px 16px 6px 0""><strong>Metal Type</strong></td><td style=""padding:6px 0"">14K or 18K yellow, white, or rose gold</td></tr><tr><td style=""padding:6px 16px 6px 0""><strong>Ring Sizes</strong></td><td style=""padding:6px 0"">8.5 to 13</td></tr></table><h3>Choose your metal color</h3><p>Made to order in <strong>14K or 18K yellow, white, or rose gold</strong>. The photograph shows one metal color; every style is cut in all of them. Choose your color at checkout, or message us and we will send a rendering in your color before we cut.</p><h3>14K or 18K: which should you choose?</h3><p>14K gold is 58.3% pure and alloyed with harder metals, which makes it more scratch resistant and the better choice for anyone who works with their hands. 18K is 75% pure, noticeably warmer and deeper in color, and heavier on the finger. It is softer, so it marks more readily over time. On a carved band the extra depth of color in 18K makes the pattern read with more contrast. Both are made to the same tolerances here; the difference is character and durability, not quality.</p>",Laura Milman New York,Rings,"milgrain wedding band,beveled wedding band,satin wedding band,mens wedding band,14k gold band,White Gold,Rose Gold,Mens Wedding Bands",Beveled Milgrain Wedding Band | 14K & 18K Gold,"Beveled satin wedding band with milgrain edges in 14K or 18K gold. Made to order in yellow, white, or rose gold."
mens-matte-finish-wedding-band-with-milgrain,Flat Satin Wedding Band with Milgrain in 14K Gold,"<p>The Flat Satin Wedding Band with Milgrain is a 5mm men's wedding band in 14K or 18K yellow, white, or rose gold, from $1,500. A flat-profile band in a clean satin finish, with a single fine milgrain line along each edge. The simplest piece in the collection and the one that suits almost anyone.</p><h3>Specifications</h3><table><tr><td style=""padding:6px 16px 6px 0""><strong>Band Width</strong></td><td style=""padding:6px 0"">5mm (custom widths by request)</td></tr><tr><td style=""padding:6px 16px 6px 0""><strong>Pattern</strong></td><td style=""padding:6px 0"">Flat Satin Milgrain</td></tr><tr><td style=""padding:6px 16px 6px 0""><strong>Finish</strong></td><td style=""padding:6px 0"">Flat satin, milgrain edges</td></tr><tr><td style=""padding:6px 16px 6px 0""><strong>Metal Type</strong></td><td style=""padding:6px 0"">14K or 18K yellow, white, or rose gold</td></tr><tr><td style=""padding:6px 16px 6px 0""><strong>Ring Sizes</strong></td><td style=""padding:6px 0"">8.5 to 13</td></tr></table><h3>Choose your metal color</h3><p>Made to order in <strong>14K or 18K yellow, white, or rose gold</strong>. The photograph shows one metal color; every style is cut in all of them. Choose your color at checkout, or message us and we will send a rendering in your color before we cut.</p><h3>14K or 18K: which should you choose?</h3><p>14K gold is 58.3% pure and alloyed with harder metals, which makes it more scratch resistant and the better choice for anyone who works with their hands. 18K is 75% pure, noticeably warmer and deeper in color, and heavier on the finger. It is softer, so it marks more readily over time. On a carved band the extra depth of color in 18K makes the pattern read with more contrast. Both are made to the same tolerances here; the difference is character and durability, not quality.</p>",Laura Milman New York,Rings,"milgrain wedding band,flat wedding band,satin wedding band,mens wedding band,simple wedding band,White Gold,Rose Gold,Mens Wedding Bands",Flat Satin Milgrain Wedding Band | 14K & 18K Gold,"Flat satin wedding band with milgrain edges in 14K or 18K gold. Made to order in yellow, white, or rose gold."
mens-matte-finish-wedding-band-with-beveled-wide-accents,Beveled Block Wedding Band in 14K Gold,"<p>The Beveled Block Wedding Band is a 5mm men's wedding band in 14K or 18K yellow, white, or rose gold, from $1,500. Wide beveled facets are cut in a repeating block sequence around the band, each plane finished in satin so the light steps rather than sweeps across the surface.</p><h3>Specifications</h3><table><tr><td style=""padding:6px 16px 6px 0""><strong>Band Width</strong></td><td style=""padding:6px 0"">5mm (custom widths by request)</td></tr><tr><td style=""padding:6px 16px 6px 0""><strong>Pattern</strong></td><td style=""padding:6px 0"">Beveled Block</td></tr><tr><td style=""padding:6px 16px 6px 0""><strong>Finish</strong></td><td style=""padding:6px 0"">Beveled satin blocks</td></tr><tr><td style=""padding:6px 16px 6px 0""><strong>Metal Type</strong></td><td style=""padding:6px 0"">14K or 18K yellow, white, or rose gold</td></tr><tr><td style=""padding:6px 16px 6px 0""><strong>Ring Sizes</strong></td><td style=""padding:6px 0"">8.5 to 13</td></tr></table><h3>Choose your metal color</h3><p>Made to order in <strong>14K or 18K yellow, white, or rose gold</strong>. The photograph shows one metal color; every style is cut in all of them. Choose your color at checkout, or message us and we will send a rendering in your color before we cut.</p><h3>14K or 18K: which should you choose?</h3><p>14K gold is 58.3% pure and alloyed with harder metals, which makes it more scratch resistant and the better choice for anyone who works with their hands. 18K is 75% pure, noticeably warmer and deeper in color, and heavier on the finger. It is softer, so it marks more readily over time. On a carved band the extra depth of color in 18K makes the pattern read with more contrast. Both are made to the same tolerances here; the difference is character and durability, not quality.</p>",Laura Milman New York,Rings,"mens wedding band,beveled wedding band,geometric wedding band,satin wedding band,14k gold band,Yellow Gold,Rose Gold,Mens Wedding Bands",Beveled Block Wedding Band | 14K & 18K Gold,"Beveled block wedding band in 14K or 18K gold. Made to order in yellow, white, or rose gold."
