product_id,handle,segment,media_type,media_id,old_alt,new_alt,reasons
gid://shopify/Product/115805126676,diamond-link-bracelet-in-18k-white-gold,fine/house/other,IMAGE,gid://shopify/MediaImage/24831643582535,Statement Diamond Link Bracelet in 18k White Gold - Laura Milman New York,Statement Diamond Link Bracelet in 18K White Gold by Laura Milman New York,identical-across-images
gid://shopify/Product/115805126676,diamond-link-bracelet-in-18k-white-gold,fine/house/other,IMAGE,gid://shopify/MediaImage/23519328960583,Statement Diamond Link Bracelet in 18k White Gold - Laura Milman New York,Statement Diamond Link Bracelet in 18K White Gold — view 2,identical-across-images
gid://shopify/Product/117860401172,mini-gold-dog-tag-pendant-with-diamonds,fine/house/other,IMAGE,gid://shopify/MediaImage/484555227207,Mini Gold Dog Tag Pendant With Diamonds - Laura's Gems,Mini Dog Tag Diamond Pendant in 14K Yellow Gold by Laura Milman New York,identical-across-images;old-vendor-name
gid://shopify/Product/117860401172,mini-gold-dog-tag-pendant-with-diamonds,fine/house/other,IMAGE,gid://shopify/MediaImage/484555259975,Mini Gold Dog Tag Pendant With Diamonds - Laura's Gems,Mini Dog Tag Diamond Pendant in 14K Yellow Gold — view 2,identical-across-images;old-vendor-name
gid://shopify/Product/117861777428,mini-matte-gold-dog-tag-pendant-with-diamonds,fine/house/other,IMAGE,gid://shopify/MediaImage/484555522119,Mini Matte Gold Dog Tag Pendant With Diamonds - Laura's Gems,Mini Matte Dog Tag Diamond Pendant in 14K Yellow Gold by Laura Milman New York,old-vendor-name
gid://shopify/Product/1565485826119,necklace,fine/house/other,IMAGE,gid://shopify/MediaImage/830657396807,Diamond Snack Pendant  & Necklace - Laura's Gems,Diamond Pendant Necklace in 18K White Gold by Laura Milman New York,old-vendor-name
gid://shopify/Product/1567592054855,necklace-2,fine/house/other,IMAGE,gid://shopify/MediaImage/830267621447,Gold Diamond Cross Necklace - Laura's Gems,Diamond Cross Pendant Necklace in 18K Yellow Gold by Laura Milman New York,old-vendor-name
gid://shopify/Product/1567592153159,necklace-3,fine/house/other,IMAGE,gid://shopify/MediaImage/830267818055,Sideways Small Diamond Cross Necklace in 18k White Gold - Laura's Gems,Sideways Small Diamond Cross Necklace in 18K White Gold by Laura Milman New York,old-vendor-name
gid://shopify/Product/1567592251463,necklace-4,fine/house/other,IMAGE,gid://shopify/MediaImage/830268014663,Diamond Tweezer Necklace in 14k Yellow Gold (0.19ct.) - Laura's Gems,Diamond Tweezer Necklace in 14K Yellow Gold by Laura Milman New York,old-vendor-name
gid://shopify/Product/1567746785351,necklace-6,fine/house/other,IMAGE,gid://shopify/MediaImage/830650286151,Moving Diamond Flower Necklace - Laura's Gems,Moving Diamond Flower Necklace in 14K White Gold by Laura Milman New York,old-vendor-name
gid://shopify/Product/1567747801159,necklace-7,fine/house/other,IMAGE,gid://shopify/MediaImage/830651236423,Oval Sphere Diamond Necklace - Laura's Gems,Oval Sphere Diamond Necklace in 18K White Gold by Laura Milman New York,old-vendor-name
gid://shopify/Product/1582151270471,necklace-9,fine/house/other,IMAGE,gid://shopify/MediaImage/843641651271,Pave Rose Gold Diamond Combination Pendant - Laura's Gems,Pave Diamond Combination Pendant in 14K Rose Gold by Laura Milman New York,old-vendor-name
gid://shopify/Product/1582151368775,necklace-10,fine/house/other,IMAGE,gid://shopify/MediaImage/844215320647,XO Necklace - Laura's Gems,XO Diamond Necklace in White Gold by Laura Milman New York,low-title-overlap;old-vendor-name
gid://shopify/Product/1582161264711,necklace-11,fine/house/other,IMAGE,gid://shopify/MediaImage/843645550663,Diamond By The Yard Necklace in 18k Yellow Gold - Laura's Gems,Diamond By The Yard Necklace in 18K Yellow Gold by Laura Milman New York,old-vendor-name
gid://shopify/Product/1582453424199,necklace-12,fine/house/other,IMAGE,gid://shopify/MediaImage/843955339335,Diamonds By The Yard in White Gold - Laura's Gems,Diamonds By The Yard in White Gold by Laura Milman New York,old-vendor-name
gid://shopify/Product/1582765408327,necklace-13,fine/house/other,IMAGE,gid://shopify/MediaImage/844252741703,Hamsa Hand in Gold With Diamonds - Laura's Gems,Hamsa Hand in Gold With Diamonds by Laura Milman New York,old-vendor-name
gid://shopify/Product/1591011737671,princes-cut,fine/house/other,IMAGE,gid://shopify/MediaImage/848945479751,Single Princess Cut Diamond Pendant - Laura's Gems,Single Princess Cut Diamond Pendant in 14K White Gold by Laura Milman New York,old-vendor-name
gid://shopify/Product/1593513541703,white-gold-necklace,fine/house/other,IMAGE,gid://shopify/MediaImage/851011895367,Diamond White Gold Cross Pendant - Laura's Gems,Diamond Cross Pendant in 18K White Gold by Laura Milman New York,old-vendor-name
gid://shopify/Product/1901047775303,double-diamond-baguette-pedals-ring,fine/house/other,IMAGE,gid://shopify/MediaImage/1639895334983,Double Diamond baguette pedals Ring - Laura's Gems,Double Baguette Diamond Ring in 18K White Gold by Laura Milman New York,old-vendor-name
gid://shopify/Product/3573773729863,rose-gold-black-diamond-choker,fine/house/other,IMAGE,gid://shopify/MediaImage/25507378954311,Rose Gold Choker (18K) with Black Diamonds - Laura Milman New York,Black Diamond Choker Necklace in 18K Rose Gold by Laura Milman New York,identical-across-images
gid://shopify/Product/3573773729863,rose-gold-black-diamond-choker,fine/house/other,IMAGE,gid://shopify/MediaImage/25507378626631,Rose Gold Choker (18K) with Black Diamonds - Laura Milman New York,Black Diamond Choker Necklace in 18K Rose Gold — view 2,identical-across-images
gid://shopify/Product/4115499679815,clover-bracelet-in-14k-yellow-gold-with-draw-string-clasp,fine/house/other,IMAGE,gid://shopify/MediaImage/587349917767,Clover Bracelet in 14k Yellow Gold with Draw String Clasp - Laura's Gems,Clover Bracelet in 14K Yellow Gold by Laura Milman New York,old-vendor-name
gid://shopify/Product/4115540803655,anchor-bracelet-in-14k-yellow-gold-with-draw-string-clasp,fine/house/other,IMAGE,gid://shopify/MediaImage/596391985223,Anchor Bracelet in 14k Yellow Gold with Draw String Clasp - Laura's Gems,Anchor Bracelet in 14K Yellow Gold by Laura Milman New York,old-vendor-name
gid://shopify/Product/4464497852487,copy-of-circle-shape-diamond-rose-gold-ring-sizable,fine/house/other,IMAGE,gid://shopify/MediaImage/6268265103431,Diamond Round Shape Stackable Ring/Ban - Sizable - Laura's Gems,Diamond Round Shape Stackable Ring in 14K Yellow Gold by Laura Milman New York,old-vendor-name
gid://shopify/Product/4469679685703,copy-of-band-gold-ring-sizable,fine/house/other,IMAGE,gid://shopify/MediaImage/6282725982279,Nut Style Ring in 14k Yellow Gold - Sizeable - Laura's Gems,Nut Style Ring in 14K Yellow Gold by Laura Milman New York,old-vendor-name
gid://shopify/Product/4870622347335,diamond-ring-11,fine/house/other,IMAGE,gid://shopify/MediaImage/7551521161287,Diamond Ring in 18k White Gold - Laura's Gems,Diamond Ring in 18K White Gold by Laura Milman New York,old-vendor-name
gid://shopify/Product/4870623264839,copy-of-diamond-ring-11,fine/house/other,IMAGE,gid://shopify/MediaImage/7551545278535,Diamond Ring in 14k White and Rose Gold - Laura's Gems,Diamond Ring in 14K White and Rose Gold by Laura Milman New York,old-vendor-name
gid://shopify/Product/4870632013895,copy-of-diamond-bracelet-15,fine/house/other,IMAGE,gid://shopify/MediaImage/7551593742407,Diamond Bracelet In 14k White Gold - Laura's Gems,Diamond Bracelet in 14K White Gold by Laura Milman New York,old-vendor-name
gid://shopify/Product/4870653313095,diamond-pendant-25,fine/house/other,IMAGE,gid://shopify/MediaImage/7551679496263,Round Circle Plate Pendant with Accents and Diamonds in 14k Gold - Laura's Gems,Circle Plate Diamond Pendant in 14K Yellow Gold by Laura Milman New York,old-vendor-name
gid://shopify/Product/4870654263367,copy-of-diamond-pendant-25,fine/house/other,IMAGE,gid://shopify/MediaImage/7551682510919,Open Diamond Heart Pendant in 14 White Gold - Laura's Gems,Open Diamond Heart Pendant in 14K White Gold by Laura Milman New York,old-vendor-name
gid://shopify/Product/4870655246407,copy-of-diamond-pendant-26,fine/house/other,IMAGE,gid://shopify/MediaImage/7551686312007,Diamond Ribbon On Top Of A Circle Of Life Pendant in 14k White Gold (1.12ct.) - Laura's Gems,Diamond Ribbon Circle Pendant in 14K White Gold by Laura Milman New York,old-vendor-name
gid://shopify/Product/6636217172039,diamond-bracelet-1,fine/house/other,IMAGE,gid://shopify/MediaImage/20932495900743,Diamond Bracelet in 14k Rose Gold - Laura's Gems,Diamond Bracelet in 14K Rose Gold by Laura Milman New York,old-vendor-name
gid://shopify/Product/6636217434183,diamond-bracelet-4,fine/house/other,IMAGE,gid://shopify/MediaImage/20932496818247,Diamond Bracelet in 14k White Gold - Laura's Gems,Diamond Bracelet in 14K White Gold by Laura Milman New York,old-vendor-name
gid://shopify/Product/6636217598023,diamond-bracelet-5,fine/house/other,IMAGE,gid://shopify/MediaImage/20932497047623,Diamond Bracelet in 14k White Gold - Laura's Gems,Diamond Bracelet in 14K White Gold by Laura Milman New York,old-vendor-name
gid://shopify/Product/6636217729095,diamond-bracelet-6,fine/house/other,IMAGE,gid://shopify/MediaImage/20932497440839,Diamond Bracelet in 14k White and Rose Gold - Laura's Gems,Diamond Bracelet in 14K White and Rose Gold by Laura Milman New York,old-vendor-name
gid://shopify/Product/6636217958471,diamond-bracelet-8,fine/house/other,IMAGE,gid://shopify/MediaImage/20932498391111,Diamond Bracelet in 14k White Gold - Laura's Gems,Diamond Bracelet in 14K White Gold by Laura Milman New York,old-vendor-name
gid://shopify/Product/6636218089543,diamond-bracelet-9,fine/house/other,IMAGE,gid://shopify/MediaImage/20932499406919,Diamond Bracelet in 14k Yellow Gold - Laura's Gems,Diamond Bracelet in 14K Yellow Gold by Laura Milman New York,old-vendor-name
gid://shopify/Product/6636218449991,diamond-bracelet-10,fine/house/other,IMAGE,gid://shopify/MediaImage/20932503601223,Diamond Bracelet in 14k White Gold - Laura's Gems,Diamond Bracelet in 14K White Gold by Laura Milman New York,old-vendor-name
gid://shopify/Product/6636218515527,diamond-bracelet-11,fine/house/other,IMAGE,gid://shopify/MediaImage/20932503863367,Diamond Bracelet in 14k Yellow Gold - Laura's Gems,Diamond Bracelet in 14K Yellow Gold by Laura Milman New York,old-vendor-name
gid://shopify/Product/6636218581063,diamond-bracelet-12,fine/house/other,IMAGE,gid://shopify/MediaImage/20932504125511,Diamond Bracelet in 14k Yellow Gold - Laura's Gems,Diamond Bracelet in 14K Yellow Gold by Laura Milman New York,old-vendor-name
gid://shopify/Product/6636219138119,diamond-bracelet-24,fine/house/other,IMAGE,gid://shopify/MediaImage/20932509106247,Diamond Bracelet in 14k White Gold - Laura's Gems,Diamond Bracelet in 14K White Gold by Laura Milman New York,old-vendor-name
gid://shopify/Product/6636219203655,diamond-bracelet-25,fine/house/other,IMAGE,gid://shopify/MediaImage/20932509761607,Diamond Bracelet in 14k Rose Gold - Laura's Gems,Diamond Bracelet in 14K Rose Gold by Laura Milman New York,old-vendor-name
gid://shopify/Product/6636219269191,diamond-bracelet-27,fine/house/other,IMAGE,gid://shopify/MediaImage/20932509958215,Diamond Bracelet in 14k Rose Gold - Laura's Gems,Diamond Bracelet in 14K Rose Gold by Laura Milman New York,old-vendor-name
gid://shopify/Product/6636219334727,diamond-bracelet-28,fine/house/other,IMAGE,gid://shopify/MediaImage/20932510220359,Diamond Bracelet in 14k White Gold - Laura's Gems,Diamond Bracelet in 14K White Gold by Laura Milman New York,old-vendor-name
gid://shopify/Product/6636219367495,diamond-bracelet-29,fine/house/other,IMAGE,gid://shopify/MediaImage/20932510285895,Diamond Bracelet in 14k Yellow Gold - Laura's Gems,Diamond Bracelet in 14K Yellow Gold by Laura Milman New York,old-vendor-name
gid://shopify/Product/6636219433031,diamond-bracelet-30,fine/house/other,IMAGE,gid://shopify/MediaImage/20932511793223,Double Row Diamond Bracelet in 14k White Gold - Laura's Gems,Double Row Diamond Bracelet in 14K White Gold by Laura Milman New York,old-vendor-name
gid://shopify/Product/6636219465799,diamond-bracelet-31,fine/house/other,IMAGE,gid://shopify/MediaImage/20932511989831,Diamond Bracelet in 14k Rose Gold - Laura's Gems,Diamond Bracelet in 14K Rose Gold by Laura Milman New York,old-vendor-name
gid://shopify/Product/6636219957319,green-tourmaline-earring,fine/house/other,IMAGE,gid://shopify/MediaImage/20932514152519,Tourmaline Diamond Stud Earrings in 18k White Gold - Laura's Gems,Tourmaline Diamond Stud Earrings in 18K White Gold by Laura Milman New York,old-vendor-name
gid://shopify/Product/6636221071431,diamond-earring-16,fine/house/other,IMAGE,gid://shopify/MediaImage/20932529586247,Flower Petal Diamond Earrings Studs in 18k White Gold - Laura's Gems,Flower Petal Diamond Stud Earrings in 18K White Gold by Laura Milman New York,old-vendor-name
gid://shopify/Product/6636221235271,diamond-earring-17,fine/house/other,IMAGE,gid://shopify/MediaImage/20932529848391,Flower Petal Diamond Earrings Studs in 18k Yellow Gold - Laura's Gems,Flower Petal Diamond Stud Earrings in 18K Yellow Gold by Laura Milman New York,old-vendor-name
gid://shopify/Product/6640833232967,diamond-earring-20,fine/house/other,IMAGE,gid://shopify/MediaImage/20950525313095,Diamond Hoop Earrings in 18k White Gold - Laura's Gems,Diamond Hoop Earrings in 18K White Gold by Laura Milman New York,old-vendor-name
gid://shopify/Product/6640833691719,ruby-earring,fine/house/other,IMAGE,gid://shopify/MediaImage/20950526328903,Ruby Diamond Stud Earrings in 14k White Gold - Laura's Gems,Ruby and Diamond Stud Earrings in 14K White Gold by Laura Milman New York,old-vendor-name
gid://shopify/Product/6640834805831,pink-sapphire-earring,fine/house/other,IMAGE,gid://shopify/MediaImage/20950529081415,Pink Sapphire Stud Earrings in 18k Rose Gold - Laura's Gems,Pink Sapphire and Diamond Stud Earrings in 18K Rose Gold by Laura Milman New York,old-vendor-name
gid://shopify/Product/6640834969671,pink-sapphire-earring-1,fine/house/other,IMAGE,gid://shopify/MediaImage/20950529441863,Butterfly Pink Sapphire Stud Earrings in 18k Rose Gold - Laura's Gems,Butterfly Pink Sapphire and Diamond Stud Earrings in 18K Rose Gold by Laura Milman New York,old-vendor-name
gid://shopify/Product/6640835100743,sapphire-earring-1,fine/house/other,IMAGE,gid://shopify/MediaImage/20950529769543,Sapphire Diamond Earrings in 14k Rose Gold - Laura's Gems,Sapphire and Diamond Earrings in 14K Rose Gold by Laura Milman New York,old-vendor-name
gid://shopify/Product/6640835231815,ruby-earring-1,fine/house/other,IMAGE,gid://shopify/MediaImage/20950530752583,Ruby Diamond Stud Earrings in 14k Rose Gold - Laura's Gems,Ruby and Diamond Stud Earrings in 14K Rose Gold by Laura Milman New York,old-vendor-name
gid://shopify/Product/6663615742023,small-diamond-engagement-ring,fine/house/other,IMAGE,gid://shopify/MediaImage/24516150067271,Petite Diamond Engagement Ring - Laura Milman New York,Petite Diamond Engagement Ring in 14K White Gold by Laura Milman New York,identical-across-images
gid://shopify/Product/6663615742023,small-diamond-engagement-ring,fine/house/other,IMAGE,gid://shopify/MediaImage/24516150100039,Petite Diamond Engagement Ring - Laura Milman New York,Petite Diamond Engagement Ring in 14K White Gold — view 2,identical-across-images
gid://shopify/Product/6663621115975,small-rose-gold-engagement-ring,fine/house/other,IMAGE,gid://shopify/MediaImage/24516150165575,Petite Diamond Engagement Ring - Laura Milman New York,Petite Diamond Engagement Ring in 18K Rose Gold by Laura Milman New York,identical-across-images
gid://shopify/Product/6663621115975,small-rose-gold-engagement-ring,fine/house/other,IMAGE,gid://shopify/MediaImage/24516150198343,Petite Diamond Engagement Ring - Laura Milman New York,Petite Diamond Engagement Ring in 18K Rose Gold — view 2,identical-across-images
gid://shopify/Product/6663631175751,halo-engagement-ring,fine/house/other,IMAGE,gid://shopify/MediaImage/24516150362183,Halo Diamond Engagement Ring - Laura Milman New York,Halo Diamond Engagement Ring by Laura Milman New York,identical-across-images
gid://shopify/Product/6663631175751,halo-engagement-ring,fine/house/other,IMAGE,gid://shopify/MediaImage/24516150427719,Halo Diamond Engagement Ring - Laura Milman New York,Halo Diamond Engagement Ring — view 2,identical-across-images
gid://shopify/Product/6663631175751,halo-engagement-ring,fine/house/other,IMAGE,gid://shopify/MediaImage/24516150460487,Halo Diamond Engagement Ring - Laura Milman New York,Halo Diamond Engagement Ring — view 3,identical-across-images
gid://shopify/Product/6663631175751,halo-engagement-ring,fine/house/other,IMAGE,gid://shopify/MediaImage/24516150493255,Halo Diamond Engagement Ring - Laura Milman New York,Halo Diamond Engagement Ring — view 4,identical-across-images
gid://shopify/Product/6663636254791,statement-ring,fine/house/other,IMAGE,gid://shopify/MediaImage/26038535061575,Two-Tone Moissanite Statement Ring with Diamonds - Laura Milman New York,Moissanite and Diamond Halo Ring in 18K Two-Tone Gold by Laura Milman New York,identical-across-images
gid://shopify/Product/6663636254791,statement-ring,fine/house/other,IMAGE,gid://shopify/MediaImage/26038535127111,Two-Tone Moissanite Statement Ring with Diamonds - Laura Milman New York,Moissanite and Diamond Halo Ring in 18K Two-Tone Gold — view 2,identical-across-images
gid://shopify/Product/6667683102791,diamond-y-necklace,fine/house/other,IMAGE,gid://shopify/MediaImage/21084044525639,Diamond Y Necklace - Laura's Gems,Diamond Y Necklace in 14K White Gold by Laura Milman New York,old-vendor-name
gid://shopify/Product/6673048240199,gold-and-mother-of-pearl-fancy-necklace,fine/house/other,IMAGE,gid://shopify/MediaImage/21111904337991,Gold and Mother of Pearl Fancy Necklace - Laura's Gems,Gold and Mother of Pearl Fancy Necklace in 14K Yellow Gold by Laura Milman New York,identical-across-images;old-vendor-name
gid://shopify/Product/6673048240199,gold-and-mother-of-pearl-fancy-necklace,fine/house/other,IMAGE,gid://shopify/MediaImage/21111901847623,Gold and Mother of Pearl Fancy Necklace - Laura's Gems,Gold and Mother of Pearl Fancy Necklace in 14K Yellow Gold — view 2,identical-across-images;old-vendor-name
gid://shopify/Product/6676624867399,eternity-wedding-band-round-diamonds,fine/house/other,IMAGE,gid://shopify/MediaImage/21134793867335,Eternity U-Shaped Shared Prong Wedding Band - Round Diamonds - Laura's Gems,Round Diamond Shared-Prong Eternity Band in 14K White Gold by Laura Milman New York,old-vendor-name
gid://shopify/Product/6732901908551,mens-beveled-wedding-band,fine/house/other,IMAGE,gid://shopify/MediaImage/21451668193351,Men's Beveled Edge Matte Wedding Band - Laura's Gems,Men's Beveled Edge Matte Wedding Band by Laura Milman New York,identical-across-images;old-vendor-name
gid://shopify/Product/6732901908551,mens-beveled-wedding-band,fine/house/other,IMAGE,gid://shopify/MediaImage/21451668226119,Men's Beveled Edge Matte Wedding Band - Laura's Gems,Men's Beveled Edge Matte Wedding Band — view 2,identical-across-images;old-vendor-name
gid://shopify/Product/6734396063815,rope-design-wedding-band,fine/house/other,IMAGE,gid://shopify/MediaImage/21456118415431,Men's Rope Design Inlay Matte Wedding Band - Laura's Gems,Men's Rope Design Inlay Matte Wedding Band by Laura Milman New York,old-vendor-name
gid://shopify/Product/6734397734983,mens-two-tone-inlay-matte-wedding-band,fine/house/other,IMAGE,gid://shopify/MediaImage/21456134340679,Men's Two-Tone Inlay Matte Wedding Band - Laura's Gems,Men's Two-Tone Inlay Wedding Band in 14K White & Yellow Gold by Laura Milman New York,old-vendor-name
gid://shopify/Product/6734398324807,mens-rounded-matte-comfort-fit-wedding-band,fine/house/other,IMAGE,gid://shopify/MediaImage/21456145023047,Men's Rounded Matte Comfort Fit Wedding Band - Laura's Gems,Men's Rounded Matte Comfort Fit Wedding Band by Laura Milman New York,old-vendor-name
gid://shopify/Product/6741051113543,diamond-love-necklace,fine/house/other,IMAGE,gid://shopify/MediaImage/21493153300551,"Diamond ""Love"" Bracelet - Laura's Gems","Diamond ""Love"" Bracelet by Laura Milman New York",identical-across-images;old-vendor-name
gid://shopify/Product/6741051113543,diamond-love-necklace,fine/house/other,IMAGE,gid://shopify/MediaImage/21493153333319,"Diamond ""Love"" Bracelet - Laura's Gems","Diamond ""Love"" Bracelet — view 2",identical-across-images;old-vendor-name
gid://shopify/Product/6741051113543,diamond-love-necklace,fine/house/other,IMAGE,gid://shopify/MediaImage/21493153366087,"Diamond ""Love"" Bracelet - Laura's Gems","Diamond ""Love"" Bracelet — view 3",identical-across-images;old-vendor-name
gid://shopify/Product/6741055864903,mens-hammered-style-in-lay-wedding-band,fine/house/other,IMAGE,gid://shopify/MediaImage/21493178662983,Men's Hammered Style Inlay Matte Wedding Band - Laura's Gems,Men's Hammered Style Inlay Matte Wedding Band by Laura Milman New York,old-vendor-name
gid://shopify/Product/6741056487495,mens-two-tone-hammered-style-inlay-matte-wedding-band,fine/house/other,IMAGE,gid://shopify/MediaImage/21493188034631,Men's Two-Tone Hammered Style Inlay Matte Wedding Band - Laura's Gems,Men's Two-Tone Hammered Style Inlay Matte Wedding Band by Laura Milman New York,old-vendor-name
gid://shopify/Product/6741065302087,mens-two-tone-hammered-style-inlay-matte-wedding-band-style-2,fine/house/other,IMAGE,gid://shopify/MediaImage/21493255536711,Men's Two-Tone Hammered Style Inlay Matte Wedding Band (Style 2) - Laura's Gems,Men's Two-Tone Hammered Style Inlay Matte Wedding Band (Style 2) by Laura Milman New York,old-vendor-name
gid://shopify/Product/6741066055751,mens-inlay-milgrain-matte-wedding-band,fine/house/other,IMAGE,gid://shopify/MediaImage/21493261598791,Men's Inlay Milgrain Matte Wedding Band - Laura's Gems,Men's Inlay Milgrain Matte Wedding Band by Laura Milman New York,identical-across-images;old-vendor-name
gid://shopify/Product/6741066055751,mens-inlay-milgrain-matte-wedding-band,fine/house/other,IMAGE,gid://shopify/MediaImage/21493261631559,Men's Inlay Milgrain Matte Wedding Band - Laura's Gems,Men's Inlay Milgrain Matte Wedding Band — view 2,identical-across-images;old-vendor-name
gid://shopify/Product/6835050872903,14k-yellow-gold-rose-gold-white-gold-fancy-double-link-womens-bracelet,fine/house/other,IMAGE,gid://shopify/MediaImage/21793871659079,Tri-Colored Fancy Double Link Bracelet - Laura's Gems,"Tri-Colored Fancy Double Link Bracelet in 14K Yellow, White, Rose Gold by Laura Milman New York",identical-across-images;old-vendor-name
gid://shopify/Product/6835050872903,14k-yellow-gold-rose-gold-white-gold-fancy-double-link-womens-bracelet,fine/house/other,IMAGE,gid://shopify/MediaImage/21793871691847,Tri-Colored Fancy Double Link Bracelet - Laura's Gems,"Tri-Colored Fancy Double Link Bracelet in 14K Yellow, White, Rose Gold — view 2",identical-across-images;old-vendor-name
gid://shopify/Product/6835050872903,14k-yellow-gold-rose-gold-white-gold-fancy-double-link-womens-bracelet,fine/house/other,IMAGE,gid://shopify/MediaImage/21793871724615,Tri-Colored Fancy Double Link Bracelet - Laura's Gems,"Tri-Colored Fancy Double Link Bracelet in 14K Yellow, White, Rose Gold — view 3",identical-across-images;old-vendor-name
gid://shopify/Product/6835050872903,14k-yellow-gold-rose-gold-white-gold-fancy-double-link-womens-bracelet,fine/house/other,IMAGE,gid://shopify/MediaImage/21793871757383,Tri-Colored Fancy Double Link Bracelet - Laura's Gems,"Tri-Colored Fancy Double Link Bracelet in 14K Yellow, White, Rose Gold — view 4",identical-across-images;old-vendor-name
gid://shopify/Product/6835053002823,14k-yellow-gold-paper-clip-id-womens-bracelet,fine/house/other,IMAGE,gid://shopify/MediaImage/21793883684935,Oval Paper Clip ID Bracelet - Laura's Gems,Oval Paper Clip ID Bracelet in Yellow Gold by Laura Milman New York,identical-across-images;old-vendor-name
gid://shopify/Product/6835053002823,14k-yellow-gold-paper-clip-id-womens-bracelet,fine/house/other,IMAGE,gid://shopify/MediaImage/21793883652167,Oval Paper Clip ID Bracelet - Laura's Gems,Oval Paper Clip ID Bracelet in Yellow Gold — view 2,identical-across-images;old-vendor-name
gid://shopify/Product/6835053002823,14k-yellow-gold-paper-clip-id-womens-bracelet,fine/house/other,IMAGE,gid://shopify/MediaImage/21793883717703,Oval Paper Clip ID Bracelet - Laura's Gems,Oval Paper Clip ID Bracelet in Yellow Gold — view 3,identical-across-images;old-vendor-name
gid://shopify/Product/6835053002823,14k-yellow-gold-paper-clip-id-womens-bracelet,fine/house/other,IMAGE,gid://shopify/MediaImage/21793883750471,Oval Paper Clip ID Bracelet - Laura's Gems,Oval Paper Clip ID Bracelet in Yellow Gold — view 4,identical-across-images;old-vendor-name
gid://shopify/Product/6835053002823,14k-yellow-gold-paper-clip-id-womens-bracelet,fine/house/other,IMAGE,gid://shopify/MediaImage/21793883783239,Oval Paper Clip ID Bracelet - Laura's Gems,Oval Paper Clip ID Bracelet in Yellow Gold — view 5,identical-across-images;old-vendor-name
gid://shopify/Product/6835053068359,14k-yellow-gold-double-rolo-heart-womens-bracelet,fine/house/other,IMAGE,gid://shopify/MediaImage/21793883848775,50/50 Paper Clip + Double Rolo Heart Bracelet - Laura's Gems,50/50 Paper Clip + Double Rolo Heart Bracelet in Yellow Gold by Laura Milman New York,identical-across-images;old-vendor-name
gid://shopify/Product/6835053068359,14k-yellow-gold-double-rolo-heart-womens-bracelet,fine/house/other,IMAGE,gid://shopify/MediaImage/21793883816007,50/50 Paper Clip + Double Rolo Heart Bracelet - Laura's Gems,50/50 Paper Clip + Double Rolo Heart Bracelet in Yellow Gold — view 2,identical-across-images;old-vendor-name
gid://shopify/Product/6835053068359,14k-yellow-gold-double-rolo-heart-womens-bracelet,fine/house/other,IMAGE,gid://shopify/MediaImage/21793883881543,50/50 Paper Clip + Double Rolo Heart Bracelet - Laura's Gems,50/50 Paper Clip + Double Rolo Heart Bracelet in Yellow Gold — view 3,identical-across-images;old-vendor-name
gid://shopify/Product/6835053068359,14k-yellow-gold-double-rolo-heart-womens-bracelet,fine/house/other,IMAGE,gid://shopify/MediaImage/21793883914311,50/50 Paper Clip + Double Rolo Heart Bracelet - Laura's Gems,50/50 Paper Clip + Double Rolo Heart Bracelet in Yellow Gold — view 4,identical-across-images;old-vendor-name
gid://shopify/Product/6835053068359,14k-yellow-gold-double-rolo-heart-womens-bracelet,fine/house/other,IMAGE,gid://shopify/MediaImage/21793883947079,50/50 Paper Clip + Double Rolo Heart Bracelet - Laura's Gems,50/50 Paper Clip + Double Rolo Heart Bracelet in Yellow Gold — view 5,identical-across-images;old-vendor-name
gid://shopify/Product/6835053101127,14k-yellow-gold-paper-clip-chain-womens-bracelet-2,fine/house/other,IMAGE,gid://shopify/MediaImage/21793883979847,Kid's Paper Clip Chain Bracelet with Oval - Laura's Gems,Kid's Paper Clip Chain Bracelet with Oval in Yellow Gold by Laura Milman New York,identical-across-images;old-vendor-name
gid://shopify/Product/6835053101127,14k-yellow-gold-paper-clip-chain-womens-bracelet-2,fine/house/other,IMAGE,gid://shopify/MediaImage/21793884012615,Kid's Paper Clip Chain Bracelet with Oval - Laura's Gems,Kid's Paper Clip Chain Bracelet with Oval in Yellow Gold — view 2,identical-across-images;old-vendor-name
gid://shopify/Product/6835053101127,14k-yellow-gold-paper-clip-chain-womens-bracelet-2,fine/house/other,IMAGE,gid://shopify/MediaImage/21793884045383,Kid's Paper Clip Chain Bracelet with Oval - Laura's Gems,Kid's Paper Clip Chain Bracelet with Oval in Yellow Gold — view 3,identical-across-images;old-vendor-name
gid://shopify/Product/6835053101127,14k-yellow-gold-paper-clip-chain-womens-bracelet-2,fine/house/other,IMAGE,gid://shopify/MediaImage/21793884078151,Kid's Paper Clip Chain Bracelet with Oval - Laura's Gems,Kid's Paper Clip Chain Bracelet with Oval in Yellow Gold — view 4,identical-across-images;old-vendor-name
gid://shopify/Product/6947149709383,triple-diamond-drop-earrings,fine/house/other,IMAGE,gid://shopify/MediaImage/24831683297351,Triple Diamond Drop Earrings - Laura Milman New York,Triple Diamond Drop Earrings by Laura Milman New York,identical-across-images
gid://shopify/Product/6947149709383,triple-diamond-drop-earrings,fine/house/other,IMAGE,gid://shopify/MediaImage/24486694125639,Triple Diamond Drop Earrings - Laura Milman New York,Triple Diamond Drop Earrings — view 2,identical-across-images
gid://shopify/Product/6947149774919,pear-shaped-pave-ring,fine/house/other,IMAGE,gid://shopify/MediaImage/23481795117127,Pear Shaped Pave Ring - Laura Milman New York,Pear Shaped Pave Ring by Laura Milman New York,identical-across-images
gid://shopify/Product/6947149774919,pear-shaped-pave-ring,fine/house/other,IMAGE,gid://shopify/MediaImage/23481794920519,Pear Shaped Pave Ring - Laura Milman New York,Pear Shaped Pave Ring — view 2,identical-across-images
gid://shopify/Product/6947149774919,pear-shaped-pave-ring,fine/house/other,IMAGE,gid://shopify/MediaImage/22297322848327,Pear Shaped Pave Ring - Laura Milman New York,Pear Shaped Pave Ring — view 3,identical-across-images
gid://shopify/Product/7088746135623,diamond-bow-tie-ring-in-rose-gold,fine/house/other,IMAGE,gid://shopify/MediaImage/23481789808711,Diamond Bow Tie Ring in Rose Gold - Laura Milman New York,Diamond Bow Tie Ring in 18K Rose Gold by Laura Milman New York,identical-across-images
gid://shopify/Product/7088746135623,diamond-bow-tie-ring-in-rose-gold,fine/house/other,IMAGE,gid://shopify/MediaImage/22727865860167,Diamond Bow Tie Ring in Rose Gold - Laura Milman New York,Diamond Bow Tie Ring in 18K Rose Gold — view 2,identical-across-images
gid://shopify/Product/7088746397767,bar-pendant-necklace,fine/house/other,IMAGE,gid://shopify/MediaImage/23519242256455,Bar Pendant Necklace - Laura Milman New York,Bar Diamond Pendant Necklace in 14K Yellow Gold by Laura Milman New York,identical-across-images
gid://shopify/Product/7088746397767,bar-pendant-necklace,fine/house/other,IMAGE,gid://shopify/MediaImage/22727866712135,Bar Pendant Necklace - Laura Milman New York,Bar Diamond Pendant Necklace in 14K Yellow Gold — view 2,identical-across-images
gid://shopify/Product/7088746987591,pear-shaped-diamond-engagement-ring,fine/house/other,IMAGE,gid://shopify/MediaImage/25558315368519,Pear Shaped Diamond Engagement Ring - Laura Milman New York,Pear Diamond Engagement Ring in 18K White Gold by Laura Milman New York,identical-across-images
gid://shopify/Product/7088746987591,pear-shaped-diamond-engagement-ring,fine/house/other,IMAGE,gid://shopify/MediaImage/23900669608007,Pear Shaped Diamond Engagement Ring - Laura Milman New York,Pear Diamond Engagement Ring in 18K White Gold — view 2,identical-across-images
gid://shopify/Product/7088746987591,pear-shaped-diamond-engagement-ring,fine/house/other,IMAGE,gid://shopify/MediaImage/22727870382151,Pear Shaped Diamond Engagement Ring - Laura Milman New York,Pear Diamond Engagement Ring in 18K White Gold — view 3,identical-across-images
gid://shopify/Product/7088747118663,feather-drop-earrings,fine/house/other,IMAGE,gid://shopify/MediaImage/22727870939207,Feather Drop Earrings - Laura Milman New York,Feather Drop Diamond Earrings in 14K Rose and White Gold by Laura Milman New York,identical-across-images
gid://shopify/Product/7088747118663,feather-drop-earrings,fine/house/other,IMAGE,gid://shopify/MediaImage/24831092686919,Feather Drop Earrings - Laura Milman New York,Feather Drop Diamond Earrings in 14K Rose and White Gold — view 2,identical-across-images
gid://shopify/Product/7088747249735,pear-and-emerald-cut-in-diamond-drop-earrings,fine/house/other,IMAGE,gid://shopify/MediaImage/22727871561799,Pear and Emerald Cut in Diamond Halo Drop Earrings - Laura Milman New York,Pear and Emerald Cut in Diamond Halo Drop Earrings by Laura Milman New York,identical-across-images
gid://shopify/Product/7088747249735,pear-and-emerald-cut-in-diamond-drop-earrings,fine/house/other,IMAGE,gid://shopify/MediaImage/22727871594567,Pear and Emerald Cut in Diamond Halo Drop Earrings - Laura Milman New York,Pear and Emerald Cut in Diamond Halo Drop Earrings — view 2,identical-across-images
gid://shopify/Product/7088747249735,pear-and-emerald-cut-in-diamond-drop-earrings,fine/house/other,IMAGE,gid://shopify/MediaImage/22727871627335,Pear and Emerald Cut in Diamond Halo Drop Earrings - Laura Milman New York,Pear and Emerald Cut in Diamond Halo Drop Earrings — view 3,identical-across-images
gid://shopify/Product/7088748265543,drop-earrings-in-pave-diamonds,fine/house/other,IMAGE,gid://shopify/MediaImage/22727875625031,Drop Earrings in Pavé Diamonds - Laura Milman New York,Drop Earrings in Pavé Diamonds in 18K White Gold by Laura Milman New York,identical-across-images
gid://shopify/Product/7088748265543,drop-earrings-in-pave-diamonds,fine/house/other,IMAGE,gid://shopify/MediaImage/25667945168967,Drop Earrings in Pavé Diamonds - Laura Milman New York,Drop Earrings in Pavé Diamonds in 18K White Gold — view 2,identical-across-images
gid://shopify/Product/7088748363847,cluster-studs,fine/house/other,IMAGE,gid://shopify/MediaImage/22727875756103,Cluster Diamond Studs - Laura Milman New York,Cluster Diamond Studs by Laura Milman New York,identical-across-images
gid://shopify/Product/7088748363847,cluster-studs,fine/house/other,IMAGE,gid://shopify/MediaImage/22727875788871,Cluster Diamond Studs - Laura Milman New York,Cluster Diamond Studs — view 2,identical-across-images
gid://shopify/Product/7088748429383,leaf-diamond-studs,fine/house/other,IMAGE,gid://shopify/MediaImage/22727876083783,Leaf Diamond Studs - Laura Milman New York,Leaf Diamond Studs in 18K White Gold by Laura Milman New York,identical-across-images
gid://shopify/Product/7088748429383,leaf-diamond-studs,fine/house/other,IMAGE,gid://shopify/MediaImage/22727876116551,Leaf Diamond Studs - Laura Milman New York,Leaf Diamond Studs in 18K White Gold — view 2,identical-across-images
gid://shopify/Product/7088748429383,leaf-diamond-studs,fine/house/other,IMAGE,gid://shopify/MediaImage/22727876149319,Leaf Diamond Studs - Laura Milman New York,Leaf Diamond Studs in 18K White Gold — view 3,identical-across-images
gid://shopify/Product/7088748593223,pink-sapphire-in-diamond-halo-studs,fine/house/other,IMAGE,gid://shopify/MediaImage/22727876804679,Pink Sapphire in Diamond Halo Studs - Laura Milman New York,Pink Sapphire in Diamond Halo Studs by Laura Milman New York,identical-across-images
gid://shopify/Product/7088748593223,pink-sapphire-in-diamond-halo-studs,fine/house/other,IMAGE,gid://shopify/MediaImage/22727876837447,Pink Sapphire in Diamond Halo Studs - Laura Milman New York,Pink Sapphire in Diamond Halo Studs — view 2,identical-across-images
gid://shopify/Product/7088748593223,pink-sapphire-in-diamond-halo-studs,fine/house/other,IMAGE,gid://shopify/MediaImage/22727876870215,Pink Sapphire in Diamond Halo Studs - Laura Milman New York,Pink Sapphire in Diamond Halo Studs — view 3,identical-across-images
gid://shopify/Product/7088748724295,tennis-choker-necklace,fine/house/other,IMAGE,gid://shopify/MediaImage/22727877099591,Tennis Choker Necklace - Laura Milman New York,Tennis Choker Necklace by Laura Milman New York,identical-across-images
gid://shopify/Product/7088748724295,tennis-choker-necklace,fine/house/other,IMAGE,gid://shopify/MediaImage/22727877132359,Tennis Choker Necklace - Laura Milman New York,Tennis Choker Necklace — view 2,identical-across-images
gid://shopify/Product/7186253348935,1-95ct-diamond-yellow-gold-three-wire-bangle,fine/house/other,IMAGE,gid://shopify/MediaImage/24515231973447,1.95ct Diamond Yellow Gold Three Wire Bangle - Laura Milman New York,Diamond Three Wire Bangle in Yellow Gold by Laura Milman New York,identical-across-images
gid://shopify/Product/7186253348935,1-95ct-diamond-yellow-gold-three-wire-bangle,fine/house/other,IMAGE,gid://shopify/MediaImage/24515261431879,1.95ct Diamond Yellow Gold Three Wire Bangle - Laura Milman New York,Diamond Three Wire Bangle in Yellow Gold — view 2,identical-across-images
gid://shopify/Product/7199205032007,14k-gold-diamond-layered-necklace-3-8tcw-diamond-amp-sapphire-bezel-station-ne,fine/house/other,IMAGE,gid://shopify/MediaImage/23482525909063,14K Gold Diamond Layered Necklace 3/8tcw Diamond &amp; Sapphire Bezel Station Ne,Layered Diamond and Sapphire Bezel Station Necklace in 14K Gold by Laura Milman New York,identical-across-images
gid://shopify/Product/7199205032007,14k-gold-diamond-layered-necklace-3-8tcw-diamond-amp-sapphire-bezel-station-ne,fine/house/other,IMAGE,gid://shopify/MediaImage/23482526007367,14K Gold Diamond Layered Necklace 3/8tcw Diamond &amp; Sapphire Bezel Station Ne,Layered Diamond and Sapphire Bezel Station Necklace in 14K Gold — view 2,identical-across-images
gid://shopify/Product/7199205032007,14k-gold-diamond-layered-necklace-3-8tcw-diamond-amp-sapphire-bezel-station-ne,fine/house/other,IMAGE,gid://shopify/MediaImage/23482526138439,14K Gold Diamond Layered Necklace 3/8tcw Diamond &amp; Sapphire Bezel Station Ne,Layered Diamond and Sapphire Bezel Station Necklace in 14K Gold — view 3,identical-across-images
gid://shopify/Product/7199205032007,14k-gold-diamond-layered-necklace-3-8tcw-diamond-amp-sapphire-bezel-station-ne,fine/house/other,IMAGE,gid://shopify/MediaImage/23482526236743,14K Gold Diamond Layered Necklace 3/8tcw Diamond &amp; Sapphire Bezel Station Ne,Layered Diamond and Sapphire Bezel Station Necklace in 14K Gold — view 4,identical-across-images
gid://shopify/Product/7199205032007,14k-gold-diamond-layered-necklace-3-8tcw-diamond-amp-sapphire-bezel-station-ne,fine/house/other,IMAGE,gid://shopify/MediaImage/23482526335047,14K Gold Diamond Layered Necklace 3/8tcw Diamond &amp; Sapphire Bezel Station Ne,Layered Diamond and Sapphire Bezel Station Necklace in 14K Gold — view 5,identical-across-images
gid://shopify/Product/7199205163079,14k-gold-diamond-layered-adjustable-necklace-3-8tcw-diamond-ruby-bezel-station,fine/house/other,IMAGE,gid://shopify/MediaImage/23482526367815,14K Gold Diamond Layered Adjustable Necklace 3/8tcw Diamond & Ruby Bezel Station,Adjustable Diamond and Ruby Bezel Station Necklace in 14K Gold by Laura Milman New York,identical-across-images
gid://shopify/Product/7199205163079,14k-gold-diamond-layered-adjustable-necklace-3-8tcw-diamond-ruby-bezel-station,fine/house/other,IMAGE,gid://shopify/MediaImage/23482526400583,14K Gold Diamond Layered Adjustable Necklace 3/8tcw Diamond & Ruby Bezel Station,Adjustable Diamond and Ruby Bezel Station Necklace in 14K Gold — view 2,identical-across-images
gid://shopify/Product/7199205163079,14k-gold-diamond-layered-adjustable-necklace-3-8tcw-diamond-ruby-bezel-station,fine/house/other,IMAGE,gid://shopify/MediaImage/23482526433351,14K Gold Diamond Layered Adjustable Necklace 3/8tcw Diamond & Ruby Bezel Station,Adjustable Diamond and Ruby Bezel Station Necklace in 14K Gold — view 3,identical-across-images
gid://shopify/Product/7199205163079,14k-gold-diamond-layered-adjustable-necklace-3-8tcw-diamond-ruby-bezel-station,fine/house/other,IMAGE,gid://shopify/MediaImage/23482526466119,14K Gold Diamond Layered Adjustable Necklace 3/8tcw Diamond & Ruby Bezel Station,Adjustable Diamond and Ruby Bezel Station Necklace in 14K Gold — view 4,identical-across-images
gid://shopify/Product/7199205163079,14k-gold-diamond-layered-adjustable-necklace-3-8tcw-diamond-ruby-bezel-station,fine/house/other,IMAGE,gid://shopify/MediaImage/23482526498887,14K Gold Diamond Layered Adjustable Necklace 3/8tcw Diamond & Ruby Bezel Station,Adjustable Diamond and Ruby Bezel Station Necklace in 14K Gold — view 5,identical-across-images
gid://shopify/Product/7204264542279,pink-sapphire-in-diamond-halo-studs-1,fine/house/other,IMAGE,gid://shopify/MediaImage/23519336628295,Pink Sapphire in Diamond Halo Studs,Pink Sapphire in Diamond Halo Studs by Laura Milman New York,identical-across-images
gid://shopify/Product/7204264542279,pink-sapphire-in-diamond-halo-studs-1,fine/house/other,IMAGE,gid://shopify/MediaImage/23519336759367,Pink Sapphire in Diamond Halo Studs,Pink Sapphire in Diamond Halo Studs — view 2,identical-across-images
gid://shopify/Product/7204264542279,pink-sapphire-in-diamond-halo-studs-1,fine/house/other,IMAGE,gid://shopify/MediaImage/23519336824903,Pink Sapphire in Diamond Halo Studs,Pink Sapphire in Diamond Halo Studs — view 3,identical-across-images
gid://shopify/Product/7204264575047,leaf-diamond-studs-1,fine/house/other,IMAGE,gid://shopify/MediaImage/23519336595527,Leaf Diamond Studs,Leaf Diamond Studs in 18K White Gold by Laura Milman New York,identical-across-images
gid://shopify/Product/7204264575047,leaf-diamond-studs-1,fine/house/other,IMAGE,gid://shopify/MediaImage/23519336726599,Leaf Diamond Studs,Leaf Diamond Studs in 18K White Gold — view 2,identical-across-images
gid://shopify/Product/7204264575047,leaf-diamond-studs-1,fine/house/other,IMAGE,gid://shopify/MediaImage/23519336857671,Leaf Diamond Studs,Leaf Diamond Studs in 18K White Gold — view 3,identical-across-images
gid://shopify/Product/7204264607815,rhodolite-and-diamond-pave-pendant-1,fine/house/other,IMAGE,gid://shopify/MediaImage/23519336693831,Rhodolite and Diamond Pavé Pendant,Rhodolite and Diamond Pavé Pendant in 18K White Gold by Laura Milman New York,identical-across-images
gid://shopify/Product/7204264607815,rhodolite-and-diamond-pave-pendant-1,fine/house/other,IMAGE,gid://shopify/MediaImage/23519336792135,Rhodolite and Diamond Pavé Pendant,Rhodolite and Diamond Pavé Pendant in 18K White Gold — view 2,identical-across-images
gid://shopify/Product/7204264640583,cluster-diamond-studs,fine/house/other,IMAGE,gid://shopify/MediaImage/23519336890439,Cluster Diamond Studs,Cluster Diamond Studs by Laura Milman New York,identical-across-images
gid://shopify/Product/7204264640583,cluster-diamond-studs,fine/house/other,IMAGE,gid://shopify/MediaImage/23519336923207,Cluster Diamond Studs,Cluster Diamond Studs — view 2,identical-across-images
gid://shopify/Product/7204264673351,drop-earrings-in-pave-diamonds-1,fine/house/other,IMAGE,gid://shopify/MediaImage/23519336955975,Drop Earrings in Pavé Diamonds,Drop Earrings in Pavé Diamonds in 18K White Gold by Laura Milman New York,identical-across-images
gid://shopify/Product/7204264673351,drop-earrings-in-pave-diamonds-1,fine/house/other,IMAGE,gid://shopify/MediaImage/23519336988743,Drop Earrings in Pavé Diamonds,Drop Earrings in Pavé Diamonds in 18K White Gold — view 2,identical-across-images
gid://shopify/Product/7204264738887,pear-and-emerald-cut-in-diamond-halo-drop-earrings,fine/house/other,IMAGE,gid://shopify/MediaImage/23519337054279,Pear and Emerald Cut in Diamond Halo Drop Earrings,Pear and Emerald Cut in Diamond Halo Drop Earrings by Laura Milman New York,identical-across-images
gid://shopify/Product/7204264738887,pear-and-emerald-cut-in-diamond-halo-drop-earrings,fine/house/other,IMAGE,gid://shopify/MediaImage/23519337087047,Pear and Emerald Cut in Diamond Halo Drop Earrings,Pear and Emerald Cut in Diamond Halo Drop Earrings — view 2,identical-across-images
gid://shopify/Product/7204264738887,pear-and-emerald-cut-in-diamond-halo-drop-earrings,fine/house/other,IMAGE,gid://shopify/MediaImage/23519337119815,Pear and Emerald Cut in Diamond Halo Drop Earrings,Pear and Emerald Cut in Diamond Halo Drop Earrings — view 3,identical-across-images
gid://shopify/Product/7204264837191,pear-shaped-diamond-engagement-ring-1,fine/house/other,IMAGE,gid://shopify/MediaImage/23519337185351,Pear Shaped Diamond Engagement Ring,Pear Diamond Engagement Ring in 18K White Gold by Laura Milman New York,identical-across-images
gid://shopify/Product/7204264837191,pear-shaped-diamond-engagement-ring-1,fine/house/other,IMAGE,gid://shopify/MediaImage/23519337218119,Pear Shaped Diamond Engagement Ring,Pear Diamond Engagement Ring in 18K White Gold — view 2,identical-across-images
gid://shopify/Product/7204264837191,pear-shaped-diamond-engagement-ring-1,fine/house/other,IMAGE,gid://shopify/MediaImage/23519337250887,Pear Shaped Diamond Engagement Ring,Pear Diamond Engagement Ring in 18K White Gold — view 3,identical-across-images
gid://shopify/Product/7204264935495,trendy-x-diamond-ring-1,fine/house/other,IMAGE,gid://shopify/MediaImage/23519337381959,Trendy X Diamond Ring,X Diamond Ring in 18K White Gold by Laura Milman New York,identical-across-images
gid://shopify/Product/7204264935495,trendy-x-diamond-ring-1,fine/house/other,IMAGE,gid://shopify/MediaImage/23519337414727,Trendy X Diamond Ring,X Diamond Ring in 18K White Gold — view 2,identical-across-images
gid://shopify/Product/7204264935495,trendy-x-diamond-ring-1,fine/house/other,IMAGE,gid://shopify/MediaImage/23519337447495,Trendy X Diamond Ring,X Diamond Ring in 18K White Gold — view 3,identical-across-images
gid://shopify/Product/7204915609671,matte-classic-brushed-wedding-ring-in-platinum-6mm-sizable,fine/house/other,IMAGE,gid://shopify/MediaImage/23523881222215,Matte Classic Brushed Wedding Ring in Platinum (6mm) Sizable,Matte Classic Brushed Wedding Ring in Platinum by Laura Milman New York,identical-across-images
gid://shopify/Product/7204915609671,matte-classic-brushed-wedding-ring-in-platinum-6mm-sizable,fine/house/other,IMAGE,gid://shopify/MediaImage/23523881254983,Matte Classic Brushed Wedding Ring in Platinum (6mm) Sizable,Matte Classic Brushed Wedding Ring in Platinum — view 2,identical-across-images
gid://shopify/Product/7204915609671,matte-classic-brushed-wedding-ring-in-platinum-6mm-sizable,fine/house/other,IMAGE,gid://shopify/MediaImage/23523881287751,Matte Classic Brushed Wedding Ring in Platinum (6mm) Sizable,Matte Classic Brushed Wedding Ring in Platinum — view 3,identical-across-images
gid://shopify/Product/7204915642439,matte-classic-brushed-wedding-ring-in-14k-white-gold-4mm-sizable,fine/house/other,IMAGE,gid://shopify/MediaImage/23523881386055,Matte Classic Brushed Wedding Ring in 14k White Gold (4mm) Sizable,Matte Classic Brushed Wedding Ring in 14K White Gold by Laura Milman New York,identical-across-images
gid://shopify/Product/7204915642439,matte-classic-brushed-wedding-ring-in-14k-white-gold-4mm-sizable,fine/house/other,IMAGE,gid://shopify/MediaImage/23523881418823,Matte Classic Brushed Wedding Ring in 14k White Gold (4mm) Sizable,Matte Classic Brushed Wedding Ring in 14K White Gold — view 2,identical-across-images
gid://shopify/Product/7204915642439,matte-classic-brushed-wedding-ring-in-14k-white-gold-4mm-sizable,fine/house/other,IMAGE,gid://shopify/MediaImage/23523881451591,Matte Classic Brushed Wedding Ring in 14k White Gold (4mm) Sizable,Matte Classic Brushed Wedding Ring in 14K White Gold — view 3,identical-across-images
gid://shopify/Product/7204915675207,matte-classic-brushed-wedding-ring-in-14k-white-gold-5mm-sizable,fine/house/other,IMAGE,gid://shopify/MediaImage/23523881517127,Matte Classic Brushed Wedding Ring in 14k White Gold (5mm) Sizable,Matte Classic Brushed Wedding Ring in 14k White Gold (5mm) Sizable by Laura Milman New York,identical-across-images
gid://shopify/Product/7204915675207,matte-classic-brushed-wedding-ring-in-14k-white-gold-5mm-sizable,fine/house/other,IMAGE,gid://shopify/MediaImage/23523881549895,Matte Classic Brushed Wedding Ring in 14k White Gold (5mm) Sizable,Matte Classic Brushed Wedding Ring in 14k White Gold (5mm) Sizable — view 2,identical-across-images
gid://shopify/Product/7204915675207,matte-classic-brushed-wedding-ring-in-14k-white-gold-5mm-sizable,fine/house/other,IMAGE,gid://shopify/MediaImage/23523881582663,Matte Classic Brushed Wedding Ring in 14k White Gold (5mm) Sizable,Matte Classic Brushed Wedding Ring in 14k White Gold (5mm) Sizable — view 3,identical-across-images
gid://shopify/Product/7204915839047,3-40mm-hollow-square-franco-chain-in-14k-gold,fine/house/other,IMAGE,gid://shopify/MediaImage/23523882336327,3.40mm Hollow Square Franco Chain in 14k Gold,3.40mm Hollow Square Franco Chain in 14K Gold by Laura Milman New York,identical-across-images
gid://shopify/Product/7204915839047,3-40mm-hollow-square-franco-chain-in-14k-gold,fine/house/other,IMAGE,gid://shopify/MediaImage/23523882401863,3.40mm Hollow Square Franco Chain in 14k Gold,3.40mm Hollow Square Franco Chain in 14K Gold — view 2,identical-across-images
gid://shopify/Product/7204915839047,3-40mm-hollow-square-franco-chain-in-14k-gold,fine/house/other,IMAGE,gid://shopify/MediaImage/23523882434631,3.40mm Hollow Square Franco Chain in 14k Gold,3.40mm Hollow Square Franco Chain in 14K Gold — view 3,identical-across-images
gid://shopify/Product/7204915839047,3-40mm-hollow-square-franco-chain-in-14k-gold,fine/house/other,IMAGE,gid://shopify/MediaImage/23523882467399,3.40mm Hollow Square Franco Chain in 14k Gold,3.40mm Hollow Square Franco Chain in 14K Gold — view 4,identical-across-images
gid://shopify/Product/7204920983623,14k-gold-diamond-necklace-bezel-set-5-stone-graduated-diamond-necklace-3-4tcw,fine/house/other,IMAGE,gid://shopify/MediaImage/23523916087367,14K Gold Diamond Necklace Bezel Set 5 Stone Graduated Diamond Necklace (3/4tcw),Five-Stone Graduated Diamond Necklace in 14K Gold by Laura Milman New York,identical-across-images
gid://shopify/Product/7204920983623,14k-gold-diamond-necklace-bezel-set-5-stone-graduated-diamond-necklace-3-4tcw,fine/house/other,IMAGE,gid://shopify/MediaImage/23523916120135,14K Gold Diamond Necklace Bezel Set 5 Stone Graduated Diamond Necklace (3/4tcw),Five-Stone Graduated Diamond Necklace in 14K Gold — view 2,identical-across-images
gid://shopify/Product/7204920983623,14k-gold-diamond-necklace-bezel-set-5-stone-graduated-diamond-necklace-3-4tcw,fine/house/other,IMAGE,gid://shopify/MediaImage/23523916152903,14K Gold Diamond Necklace Bezel Set 5 Stone Graduated Diamond Necklace (3/4tcw),Five-Stone Graduated Diamond Necklace in 14K Gold — view 3,identical-across-images
gid://shopify/Product/7204920983623,14k-gold-diamond-necklace-bezel-set-5-stone-graduated-diamond-necklace-3-4tcw,fine/house/other,IMAGE,gid://shopify/MediaImage/23523916185671,14K Gold Diamond Necklace Bezel Set 5 Stone Graduated Diamond Necklace (3/4tcw),Five-Stone Graduated Diamond Necklace in 14K Gold — view 4,identical-across-images
gid://shopify/Product/7204920983623,14k-gold-diamond-necklace-bezel-set-5-stone-graduated-diamond-necklace-3-4tcw,fine/house/other,IMAGE,gid://shopify/MediaImage/23523916218439,14K Gold Diamond Necklace Bezel Set 5 Stone Graduated Diamond Necklace (3/4tcw),Five-Stone Graduated Diamond Necklace in 14K Gold — view 5,identical-across-images
gid://shopify/Product/7205270847559,pear-shaped-pave-ring-1,fine/house/other,IMAGE,gid://shopify/MediaImage/23526532546631,Pear Shaped Pave Ring,Pear Shaped Pave Diamond Ring in 18K Rose Gold by Laura Milman New York,identical-across-images
gid://shopify/Product/7205270847559,pear-shaped-pave-ring-1,fine/house/other,IMAGE,gid://shopify/MediaImage/23526532579399,Pear Shaped Pave Ring,Pear Shaped Pave Diamond Ring in 18K Rose Gold — view 2,identical-across-images
gid://shopify/Product/7205633294407,lab-grown-heart-shaped-diamond-pendant-in-14k-white-gold-90ct,fine/house/other,IMAGE,gid://shopify/MediaImage/23528299954247,Lab Grown Heart Shaped Diamond Pendant in 14k White Gold .90ct,"Lab-Grown Heart Diamond Pendant – 0.90 CT, 14K White Gold by Laura Milman New York",identical-across-images
gid://shopify/Product/7205633294407,lab-grown-heart-shaped-diamond-pendant-in-14k-white-gold-90ct,fine/house/other,IMAGE,gid://shopify/MediaImage/23528299987015,Lab Grown Heart Shaped Diamond Pendant in 14k White Gold .90ct,"Lab-Grown Heart Diamond Pendant – 0.90 CT, 14K White Gold — view 2",identical-across-images
gid://shopify/Product/7274251157575,flower-themed-sapphire-studs-with-diamonds,fine/house/other,IMAGE,gid://shopify/MediaImage/23900628746311,Flower Themed Sapphire Studs with Diamonds - Laura Milman New York,Flower Themed Sapphire Studs with Diamonds by Laura Milman New York,identical-across-images
gid://shopify/Product/7274251157575,flower-themed-sapphire-studs-with-diamonds,fine/house/other,IMAGE,gid://shopify/MediaImage/23900628779079,Flower Themed Sapphire Studs with Diamonds - Laura Milman New York,Flower Themed Sapphire Studs with Diamonds — view 2,identical-across-images
gid://shopify/Product/7274251288647,butterfly-ring,fine/house/other,IMAGE,gid://shopify/MediaImage/26038533390407,Sapphire & Diamond Butterfly Statement Ring - Laura Milman New York,Sapphire & Diamond Butterfly Statement Ring by Laura Milman New York,identical-across-images
gid://shopify/Product/7274251288647,butterfly-ring,fine/house/other,IMAGE,gid://shopify/MediaImage/23900629073991,Sapphire & Diamond Butterfly Statement Ring - Laura Milman New York,Sapphire & Diamond Butterfly Statement Ring — view 2,identical-across-images
gid://shopify/Product/7274251452487,love-bangle-bracelet,fine/house/other,IMAGE,gid://shopify/MediaImage/23900629532743,Love Bangle Bracelet - Laura Milman New York,Love Diamond Bangle Bracelet in 14K White Gold by Laura Milman New York,identical-across-images
gid://shopify/Product/7274251452487,love-bangle-bracelet,fine/house/other,IMAGE,gid://shopify/MediaImage/23900629565511,Love Bangle Bracelet - Laura Milman New York,Love Diamond Bangle Bracelet in 14K White Gold — view 2,identical-across-images
gid://shopify/Product/7274252206151,diamond-statement-ring,fine/house/other,IMAGE,gid://shopify/MediaImage/23900630908999,Diamond Statement Ring - Laura Milman New York,Diamond Statement Ring by Laura Milman New York,identical-across-images
gid://shopify/Product/7274252206151,diamond-statement-ring,fine/house/other,IMAGE,gid://shopify/MediaImage/24514993094727,Diamond Statement Ring - Laura Milman New York,Diamond Statement Ring — view 2,identical-across-images
gid://shopify/Product/7274252271687,chandelier-pendant-necklace,fine/house/other,IMAGE,gid://shopify/MediaImage/23900631236679,Chandelier Pendant Necklace - Laura Milman New York,Chandelier Pendant Necklace by Laura Milman New York,identical-across-images
gid://shopify/Product/7274252271687,chandelier-pendant-necklace,fine/house/other,IMAGE,gid://shopify/MediaImage/23900631269447,Chandelier Pendant Necklace - Laura Milman New York,Chandelier Pendant Necklace — view 2,identical-across-images
gid://shopify/Product/7274252369991,diamond-cross,fine/house/other,IMAGE,gid://shopify/MediaImage/23900631466055,Diamond Cross - Laura Milman New York,Diamond Cross by Laura Milman New York,identical-across-images
gid://shopify/Product/7274252369991,diamond-cross,fine/house/other,IMAGE,gid://shopify/MediaImage/23900631498823,Diamond Cross - Laura Milman New York,Diamond Cross — view 2,identical-across-images
gid://shopify/Product/7274252435527,arrow-pendant,fine/house/other,IMAGE,gid://shopify/MediaImage/23900631564359,Arrow Pendant - Laura Milman New York,Arrow Diamond Pendant in 18K Yellow Gold by Laura Milman New York,low-title-overlap
gid://shopify/Product/7274252599367,paperclip-pendant,fine/house/other,IMAGE,gid://shopify/MediaImage/25626030997575,Paperclip Pendant - Laura Milman New York,Paperclip Pendant by Laura Milman New York,identical-across-images
gid://shopify/Product/7274252599367,paperclip-pendant,fine/house/other,IMAGE,gid://shopify/MediaImage/23900632023111,Paperclip Pendant - Laura Milman New York,Paperclip Pendant — view 2,identical-across-images
gid://shopify/Product/7274252632135,oval-shape-hidden-halo-engagement-ring-lab-grown,fine/house/other,IMAGE,gid://shopify/MediaImage/23900632121415,Oval Shape Hidden Halo Engagement Ring (Lab Grown) - Laura Milman New York,Oval Shape Hidden Halo Engagement Ring (Lab Grown) by Laura Milman New York,identical-across-images
gid://shopify/Product/7274252632135,oval-shape-hidden-halo-engagement-ring-lab-grown,fine/house/other,IMAGE,gid://shopify/MediaImage/23900632055879,Oval Shape Hidden Halo Engagement Ring (Lab Grown) - Laura Milman New York,Oval Shape Hidden Halo Engagement Ring (Lab Grown) — view 2,identical-across-images
gid://shopify/Product/7274252632135,oval-shape-hidden-halo-engagement-ring-lab-grown,fine/house/other,IMAGE,gid://shopify/MediaImage/23900632088647,Oval Shape Hidden Halo Engagement Ring (Lab Grown) - Laura Milman New York,Oval Shape Hidden Halo Engagement Ring (Lab Grown) — view 3,identical-across-images
gid://shopify/Product/7274252632135,oval-shape-hidden-halo-engagement-ring-lab-grown,fine/house/other,IMAGE,gid://shopify/MediaImage/23900632154183,Oval Shape Hidden Halo Engagement Ring (Lab Grown) - Laura Milman New York,Oval Shape Hidden Halo Engagement Ring (Lab Grown) — view 4,identical-across-images
gid://shopify/Product/7274252664903,radiant-shape-hidden-halo-engagement-ring-lab-grown,fine/house/other,IMAGE,gid://shopify/MediaImage/23900632252487,Radiant Shape Hidden Halo Engagement Ring (Lab Grown) - Laura Milman New York,Radiant Shape Hidden Halo Engagement Ring (Lab Grown) by Laura Milman New York,identical-across-images
gid://shopify/Product/7274252664903,radiant-shape-hidden-halo-engagement-ring-lab-grown,fine/house/other,IMAGE,gid://shopify/MediaImage/23900632186951,Radiant Shape Hidden Halo Engagement Ring (Lab Grown) - Laura Milman New York,Radiant Shape Hidden Halo Engagement Ring (Lab Grown) — view 2,identical-across-images
gid://shopify/Product/7274252664903,radiant-shape-hidden-halo-engagement-ring-lab-grown,fine/house/other,IMAGE,gid://shopify/MediaImage/23900632219719,Radiant Shape Hidden Halo Engagement Ring (Lab Grown) - Laura Milman New York,Radiant Shape Hidden Halo Engagement Ring (Lab Grown) — view 3,identical-across-images
gid://shopify/Product/7274252664903,radiant-shape-hidden-halo-engagement-ring-lab-grown,fine/house/other,IMAGE,gid://shopify/MediaImage/23900632285255,Radiant Shape Hidden Halo Engagement Ring (Lab Grown) - Laura Milman New York,Radiant Shape Hidden Halo Engagement Ring (Lab Grown) — view 4,identical-across-images
gid://shopify/Product/7274252697671,emerald-shape-solitaire-engagement-ring-lab-grown,fine/house/other,IMAGE,gid://shopify/MediaImage/23900632416327,Emerald Shape Solitaire Engagement Ring (Lab Grown) - Laura Milman New York,Emerald Shape Solitaire Engagement Ring (Lab Grown) by Laura Milman New York,identical-across-images
gid://shopify/Product/7274252697671,emerald-shape-solitaire-engagement-ring-lab-grown,fine/house/other,IMAGE,gid://shopify/MediaImage/23900632350791,Emerald Shape Solitaire Engagement Ring (Lab Grown) - Laura Milman New York,Emerald Shape Solitaire Engagement Ring (Lab Grown) — view 2,identical-across-images
gid://shopify/Product/7274252697671,emerald-shape-solitaire-engagement-ring-lab-grown,fine/house/other,IMAGE,gid://shopify/MediaImage/23900632383559,Emerald Shape Solitaire Engagement Ring (Lab Grown) - Laura Milman New York,Emerald Shape Solitaire Engagement Ring (Lab Grown) — view 3,identical-across-images
gid://shopify/Product/7274252697671,emerald-shape-solitaire-engagement-ring-lab-grown,fine/house/other,IMAGE,gid://shopify/MediaImage/23900632449095,Emerald Shape Solitaire Engagement Ring (Lab Grown) - Laura Milman New York,Emerald Shape Solitaire Engagement Ring (Lab Grown) — view 4,identical-across-images
gid://shopify/Product/7274252795975,emerald-shape-hidden-halo-engagement-ring-lab-grown,fine/house/other,IMAGE,gid://shopify/MediaImage/23900632580167,Emerald Shape Hidden Halo Engagement Ring (Lab Grown) - Laura Milman New York,Emerald Shape Hidden Halo Engagement Ring (Lab Grown) by Laura Milman New York,identical-across-images
gid://shopify/Product/7274252795975,emerald-shape-hidden-halo-engagement-ring-lab-grown,fine/house/other,IMAGE,gid://shopify/MediaImage/23900632514631,Emerald Shape Hidden Halo Engagement Ring (Lab Grown) - Laura Milman New York,Emerald Shape Hidden Halo Engagement Ring (Lab Grown) — view 2,identical-across-images
gid://shopify/Product/7274252795975,emerald-shape-hidden-halo-engagement-ring-lab-grown,fine/house/other,IMAGE,gid://shopify/MediaImage/23900632547399,Emerald Shape Hidden Halo Engagement Ring (Lab Grown) - Laura Milman New York,Emerald Shape Hidden Halo Engagement Ring (Lab Grown) — view 3,identical-across-images
gid://shopify/Product/7274252795975,emerald-shape-hidden-halo-engagement-ring-lab-grown,fine/house/other,IMAGE,gid://shopify/MediaImage/23900632612935,Emerald Shape Hidden Halo Engagement Ring (Lab Grown) - Laura Milman New York,Emerald Shape Hidden Halo Engagement Ring (Lab Grown) — view 4,identical-across-images
gid://shopify/Product/7274252828743,round-shape-solitaire-engagement-ring-lab-grown,fine/house/other,IMAGE,gid://shopify/MediaImage/23900632711239,Round Shape Solitaire Engagement Ring (Lab Grown) - Laura Milman New York,Round Shape Solitaire Engagement Ring (Lab Grown) by Laura Milman New York,identical-across-images
gid://shopify/Product/7274252828743,round-shape-solitaire-engagement-ring-lab-grown,fine/house/other,IMAGE,gid://shopify/MediaImage/23900632645703,Round Shape Solitaire Engagement Ring (Lab Grown) - Laura Milman New York,Round Shape Solitaire Engagement Ring (Lab Grown) — view 2,identical-across-images
gid://shopify/Product/7274252828743,round-shape-solitaire-engagement-ring-lab-grown,fine/house/other,IMAGE,gid://shopify/MediaImage/23900632678471,Round Shape Solitaire Engagement Ring (Lab Grown) - Laura Milman New York,Round Shape Solitaire Engagement Ring (Lab Grown) — view 3,identical-across-images
gid://shopify/Product/7274252828743,round-shape-solitaire-engagement-ring-lab-grown,fine/house/other,IMAGE,gid://shopify/MediaImage/23900632744007,Round Shape Solitaire Engagement Ring (Lab Grown) - Laura Milman New York,Round Shape Solitaire Engagement Ring (Lab Grown) — view 4,identical-across-images
gid://shopify/Product/7274252861511,cushion-brilliant-shape-solitaire-engagement-ring-lab-grown,fine/house/other,IMAGE,gid://shopify/MediaImage/23900632875079,Cushion Brilliant Shape Solitaire Engagement Ring (Lab Grown) - Laura Milman New York,Cushion Brilliant Shape Solitaire Engagement Ring (Lab Grown) by Laura Milman New York,identical-across-images
gid://shopify/Product/7274252861511,cushion-brilliant-shape-solitaire-engagement-ring-lab-grown,fine/house/other,IMAGE,gid://shopify/MediaImage/23900632809543,Cushion Brilliant Shape Solitaire Engagement Ring (Lab Grown) - Laura Milman New York,Cushion Brilliant Shape Solitaire Engagement Ring (Lab Grown) — view 2,identical-across-images
gid://shopify/Product/7274252861511,cushion-brilliant-shape-solitaire-engagement-ring-lab-grown,fine/house/other,IMAGE,gid://shopify/MediaImage/23900632842311,Cushion Brilliant Shape Solitaire Engagement Ring (Lab Grown) - Laura Milman New York,Cushion Brilliant Shape Solitaire Engagement Ring (Lab Grown) — view 3,identical-across-images
gid://shopify/Product/7274252861511,cushion-brilliant-shape-solitaire-engagement-ring-lab-grown,fine/house/other,IMAGE,gid://shopify/MediaImage/23900632907847,Cushion Brilliant Shape Solitaire Engagement Ring (Lab Grown) - Laura Milman New York,Cushion Brilliant Shape Solitaire Engagement Ring (Lab Grown) — view 4,identical-across-images
gid://shopify/Product/7274252894279,oval-shape-solitaire-engagement-ring-lab-grown,fine/house/other,IMAGE,gid://shopify/MediaImage/23900633137223,Oval Shape Solitaire Engagement Ring (Lab Grown) - Laura Milman New York,Oval Shape Solitaire Engagement Ring (Lab Grown) by Laura Milman New York,identical-across-images
gid://shopify/Product/7274252894279,oval-shape-solitaire-engagement-ring-lab-grown,fine/house/other,IMAGE,gid://shopify/MediaImage/23900633071687,Oval Shape Solitaire Engagement Ring (Lab Grown) - Laura Milman New York,Oval Shape Solitaire Engagement Ring (Lab Grown) — view 2,identical-across-images
gid://shopify/Product/7274252894279,oval-shape-solitaire-engagement-ring-lab-grown,fine/house/other,IMAGE,gid://shopify/MediaImage/23900633104455,Oval Shape Solitaire Engagement Ring (Lab Grown) - Laura Milman New York,Oval Shape Solitaire Engagement Ring (Lab Grown) — view 3,identical-across-images
gid://shopify/Product/7274252894279,oval-shape-solitaire-engagement-ring-lab-grown,fine/house/other,IMAGE,gid://shopify/MediaImage/23900633169991,Oval Shape Solitaire Engagement Ring (Lab Grown) - Laura Milman New York,Oval Shape Solitaire Engagement Ring (Lab Grown) — view 4,identical-across-images
gid://shopify/Product/7274252927047,round-shape-hidden-halo-engagement-ring-lab-grown,fine/house/other,IMAGE,gid://shopify/MediaImage/23900633301063,Round Shape Hidden Halo Engagement Ring (Lab Grown) - Laura Milman New York,Round Shape Hidden Halo Engagement Ring (Lab Grown) by Laura Milman New York,identical-across-images
gid://shopify/Product/7274252927047,round-shape-hidden-halo-engagement-ring-lab-grown,fine/house/other,IMAGE,gid://shopify/MediaImage/23900633202759,Round Shape Hidden Halo Engagement Ring (Lab Grown) - Laura Milman New York,Round Shape Hidden Halo Engagement Ring (Lab Grown) — view 2,identical-across-images
gid://shopify/Product/7274252927047,round-shape-hidden-halo-engagement-ring-lab-grown,fine/house/other,IMAGE,gid://shopify/MediaImage/23900633235527,Round Shape Hidden Halo Engagement Ring (Lab Grown) - Laura Milman New York,Round Shape Hidden Halo Engagement Ring (Lab Grown) — view 3,identical-across-images
gid://shopify/Product/7274252927047,round-shape-hidden-halo-engagement-ring-lab-grown,fine/house/other,IMAGE,gid://shopify/MediaImage/23900633268295,Round Shape Hidden Halo Engagement Ring (Lab Grown) - Laura Milman New York,Round Shape Hidden Halo Engagement Ring (Lab Grown) — view 4,identical-across-images
gid://shopify/Product/7388803366983,diamond-pave-bangle-bracelet,fine/house/other,IMAGE,gid://shopify/MediaImage/24515361177671,Diamond Pavé Bangle Bracelet - Laura Milman New York,Diamond Pavé Bangle Bracelet in 18K White Gold by Laura Milman New York,identical-across-images
gid://shopify/Product/7388803366983,diamond-pave-bangle-bracelet,fine/house/other,IMAGE,gid://shopify/MediaImage/24515361636423,Diamond Pavé Bangle Bracelet - Laura Milman New York,Diamond Pavé Bangle Bracelet in 18K White Gold — view 2,identical-across-images
gid://shopify/Product/7388917137479,round-diamond-clarity-enhanced-engagement-ring,fine/house/other,IMAGE,gid://shopify/MediaImage/24517004722247,Round Diamond (Clarity Enhanced) Engagement Ring - Laura Milman New York,Round Diamond (Clarity Enhanced) Engagement Ring in 14K White Gold by Laura Milman New York,identical-across-images
gid://shopify/Product/7388917137479,round-diamond-clarity-enhanced-engagement-ring,fine/house/other,IMAGE,gid://shopify/MediaImage/24517004755015,Round Diamond (Clarity Enhanced) Engagement Ring - Laura Milman New York,Round Diamond (Clarity Enhanced) Engagement Ring in 14K White Gold — view 2,identical-across-images
gid://shopify/Product/7388917137479,round-diamond-clarity-enhanced-engagement-ring,fine/house/other,IMAGE,gid://shopify/MediaImage/24517004689479,Round Diamond (Clarity Enhanced) Engagement Ring - Laura Milman New York,Round Diamond (Clarity Enhanced) Engagement Ring in 14K White Gold — view 3,identical-across-images
gid://shopify/Product/7405404487751,mens-wedding-band-1,fine/house/other,IMAGE,gid://shopify/MediaImage/24596454146119,Men's Wedding Band 1 - Laura Milman New York,Carved Checkerboard Wedding Band in 14K or 18K Gold by Laura Milman New York,low-title-overlap
gid://shopify/Product/7405407502407,mens-wedding-band-1-copy,fine/house/other,IMAGE,gid://shopify/MediaImage/24596506738759,Men's Wedding Band 2 - Laura Milman New York,Carved Block Panel Wedding Band in 14K or 18K Gold by Laura Milman New York,low-title-overlap
gid://shopify/Product/7405407862855,mens-wedding-band-3,fine/house/other,IMAGE,gid://shopify/MediaImage/24596518862919,Men's Wedding Band 3 - Laura Milman New York,Carved Emblem Wedding Band in 14K or 18K Gold by Laura Milman New York,low-title-overlap
gid://shopify/Product/7405408026695,mens-wedding-band-4,fine/house/other,IMAGE,gid://shopify/MediaImage/24596521812039,Men's Wedding Band 4 - Laura Milman New York,Greek Key Wedding Band in 14K or 18K Gold by Laura Milman New York,low-title-overlap
gid://shopify/Product/7405408157767,mens-wedding-band-5,fine/house/other,IMAGE,gid://shopify/MediaImage/24596524728391,Men's Wedding Band 5 - Laura Milman New York,Hebrew Lettering Wedding Band in 14K or 18K Gold by Laura Milman New York,low-title-overlap
gid://shopify/Product/7405408387143,mens-wedding-band-6,fine/house/other,IMAGE,gid://shopify/MediaImage/24596530856007,Men's Wedding Band 6 - Laura Milman New York,Celtic Trinity Knot Wedding Band in 14K or 18K Gold by Laura Milman New York,low-title-overlap
gid://shopify/Product/7405409042503,mens-wedding-band-8,fine/house/other,IMAGE,gid://shopify/MediaImage/24596544225351,Men's Wedding Band 8 - Laura Milman New York,Paw Print Wedding Band in 14K or 18K Gold by Laura Milman New York,low-title-overlap
gid://shopify/Product/7415257890887,mens-wedding-band-9,fine/house/other,IMAGE,gid://shopify/MediaImage/24664278597703,Men's Wedding Band 9 - Laura Milman New York,Carved Lattice Wedding Band in 14K or 18K Gold by Laura Milman New York,low-title-overlap
gid://shopify/Product/7415259693127,mens-wedding-band-10,fine/house/other,IMAGE,gid://shopify/MediaImage/24664281350215,Men's Wedding Band 10 - Laura Milman New York,Celtic Braid Wedding Band in 14K or 18K Gold by Laura Milman New York,low-title-overlap
gid://shopify/Product/7415269523527,mens-wedding-band-12,fine/house/other,IMAGE,gid://shopify/MediaImage/24664293998663,Men's Wedding Band 12 - Laura Milman New York,Chevron Cut Wedding Band in 14K or 18K Gold by Laura Milman New York,low-title-overlap
gid://shopify/Product/7415272734791,mens-wedding-band-13,fine/house/other,IMAGE,gid://shopify/MediaImage/24664298324039,Men's Wedding Band 13 - Laura Milman New York,Celtic Heart Knot Wedding Band in 14K or 18K Gold by Laura Milman New York,low-title-overlap
gid://shopify/Product/7415302684743,mens-wedding-band-14,fine/house/other,IMAGE,gid://shopify/MediaImage/24664355766343,Men's Wedding Band 14 - Laura Milman New York,Celtic Infinity Knot Wedding Band in 14K or 18K Gold by Laura Milman New York,low-title-overlap
gid://shopify/Product/7415303110727,mens-wedding-band-15,fine/house/other,IMAGE,gid://shopify/MediaImage/24664361828423,Men's Wedding Band 15 - Laura Milman New York,Carved Chain Link Wedding Band in 14K or 18K Gold by Laura Milman New York,low-title-overlap
gid://shopify/Product/7415303176263,mens-wedding-band-16,fine/house/other,IMAGE,gid://shopify/MediaImage/24664367104071,Men's Wedding Band 16 - Laura Milman New York,Carved Cross Wedding Band in 14K or 18K Gold by Laura Milman New York,low-title-overlap
gid://shopify/Product/7415303536711,mens-wedding-band-17,fine/house/other,IMAGE,gid://shopify/MediaImage/24664372445255,Men's Wedding Band 17 - Laura Milman New York,Celtic Spiral Wedding Band in 14K or 18K Gold by Laura Milman New York,low-title-overlap
gid://shopify/Product/7415303667783,mens-wedding-band-18,fine/house/other,IMAGE,gid://shopify/MediaImage/24664374476871,Men's Wedding Band 18 - Laura Milman New York,Carved Crossed Arrow Wedding Band in 14K or 18K Gold by Laura Milman New York,low-title-overlap
gid://shopify/Product/7415303897159,mens-wedding-band-19,fine/house/other,IMAGE,gid://shopify/MediaImage/24664378507335,Men's Wedding Band 19 - Laura Milman New York,Carved Wave Wedding Band in 14K or 18K Gold by Laura Milman New York,low-title-overlap
gid://shopify/Product/7415304126535,mens-wedding-band-20,fine/house/other,IMAGE,gid://shopify/MediaImage/24664384569415,Men's Wedding Band 20 - Laura Milman New York,Carved Infinity Ribbon Wedding Band in 14K or 18K Gold by Laura Milman New York,low-title-overlap
gid://shopify/Product/7415305076807,mens-wedding-band-21,fine/house/other,IMAGE,gid://shopify/MediaImage/24664394989639,Men's Wedding Band 21 - Laura Milman New York,Carved Serpentine Wedding Band in 14K or 18K Gold by Laura Milman New York,low-title-overlap
gid://shopify/Product/7415305371719,mens-wedding-band-22,fine/house/other,IMAGE,gid://shopify/MediaImage/24664395284551,Men's Wedding Band 22 - Laura Milman New York,Carved Rope Twist Wedding Band in 14K or 18K Gold by Laura Milman New York,low-title-overlap
gid://shopify/Product/7415305404487,mens-wedding-band-23,fine/house/other,IMAGE,gid://shopify/MediaImage/24664396595271,Men's Wedding Band 23 - Laura Milman New York,Carved Chevron Wedding Band in 14K or 18K Gold by Laura Milman New York,low-title-overlap
gid://shopify/Product/7415305666631,mens-wedding-band-24,fine/house/other,IMAGE,gid://shopify/MediaImage/24664396890183,Men's Wedding Band 24 - Laura Milman New York,Carved Quatrefoil Wedding Band in 14K or 18K Gold by Laura Milman New York,low-title-overlap
gid://shopify/Product/7415306059847,mens-wedding-band-25,fine/house/other,IMAGE,gid://shopify/MediaImage/24664397021255,Men's Wedding Band 25 - Laura Milman New York,Celtic Knotwork Wedding Band in 14K or 18K Gold by Laura Milman New York,low-title-overlap
gid://shopify/Product/7415306092615,mens-wedding-band-26,fine/house/other,IMAGE,gid://shopify/MediaImage/24664397578311,Men's Wedding Band 26 - Laura Milman New York,Claddagh Wedding Band in 14K or 18K Gold by Laura Milman New York,low-title-overlap
gid://shopify/Product/7415307042887,mens-wedding-band-29,fine/house/other,IMAGE,gid://shopify/MediaImage/24664398135367,Men's Wedding Band 29 - Laura Milman New York,Diamond-Cut Floral Wedding Band in 14K or 18K Gold by Laura Milman New York,low-title-overlap
gid://shopify/Product/7417080807495,mens-wedding-band-30,fine/house/other,IMAGE,gid://shopify/MediaImage/24674823995463,Men's Wedding Band 30 - Laura Milman New York,Diamond-Cut Lattice Wedding Band in 14K or 18K Gold by Laura Milman New York,low-title-overlap
gid://shopify/Product/7417081135175,mens-wedding-band-31,fine/house/other,IMAGE,gid://shopify/MediaImage/24674827501639,Men's Wedding Band 31 - Laura Milman New York,Fluted Edge Wedding Band in 14K or 18K Gold by Laura Milman New York,low-title-overlap
gid://shopify/Product/7417081364551,mens-wedding-band-32,fine/house/other,IMAGE,gid://shopify/MediaImage/24674827796551,Men's Wedding Band 32 - Laura Milman New York,Beaded Edge Domed Wedding Band in 14K or 18K Gold by Laura Milman New York,low-title-overlap
gid://shopify/Product/7417081397319,mens-wedding-band-33,fine/house/other,IMAGE,gid://shopify/MediaImage/24674827993159,Men's Wedding Band 33 - Laura Milman New York,Faceted Satin Wedding Band in 14K or 18K Gold by Laura Milman New York,low-title-overlap
gid://shopify/Product/7417081462855,mens-wedding-band-34,fine/house/other,IMAGE,gid://shopify/MediaImage/24674828255303,Men's Wedding Band 34 - Laura Milman New York,Diamond-Cut Diagonal Wedding Band in 14K or 18K Gold by Laura Milman New York,low-title-overlap
gid://shopify/Product/7417081593927,mens-wedding-band-35,fine/house/other,IMAGE,gid://shopify/MediaImage/24674828845127,Men's Wedding Band 35 - Laura Milman New York,Carved Scroll Wedding Band in 14K or 18K Gold by Laura Milman New York,low-title-overlap
gid://shopify/Product/7417081593927,mens-wedding-band-35,fine/house/other,IMAGE,gid://shopify/MediaImage/25919054741575,Carved wedding band shown in 14K rose gold,Carved Scroll Wedding Band in 14K or 18K Gold — view 2,low-title-overlap
gid://shopify/Product/7417081593927,mens-wedding-band-35,fine/house/other,IMAGE,gid://shopify/MediaImage/25919054774343,Carved wedding band shown in 14K white gold,Carved Scroll Wedding Band in 14K or 18K Gold — view 3,low-title-overlap
gid://shopify/Product/7417081659463,mens-wedding-band-36,fine/house/other,IMAGE,gid://shopify/MediaImage/24674829271111,Men's Wedding Band 36 - Laura Milman New York,Crosshatch Milgrain Wedding Band in 14K or 18K Gold by Laura Milman New York,low-title-overlap
gid://shopify/Product/7417081724999,mens-wedding-band-37,fine/house/other,IMAGE,gid://shopify/MediaImage/24674829729863,Men's Wedding Band 37 - Laura Milman New York,Dual Channel Diagonal Texture Wedding Band in 14K or 18K Gold by Laura Milman New York,low-title-overlap
gid://shopify/Product/7417081856071,mens-wedding-band-38,fine/house/other,IMAGE,gid://shopify/MediaImage/24674829992007,Men's Wedding Band 38 - Laura Milman New York,Silk Finish Wedding Band in 14K or 18K Gold by Laura Milman New York,low-title-overlap
gid://shopify/Product/7417081954375,mens-wedding-band-39,fine/house/other,IMAGE,gid://shopify/MediaImage/24674841591879,Men's Wedding Band 39 - Laura Milman New York,Engraved Paisley Wedding Band in 14K or 18K Gold by Laura Milman New York,low-title-overlap
gid://shopify/Product/7417083232327,mens-wedding-band-40,fine/house/other,IMAGE,gid://shopify/MediaImage/24674840412231,Men's Wedding Band 40 - Laura Milman New York,Diagonal Fluted Wedding Band in 14K or 18K Gold by Laura Milman New York,low-title-overlap
gid://shopify/Product/7417083396167,mens-wedding-band-41,fine/house/other,IMAGE,gid://shopify/MediaImage/24674842050631,Men's Wedding Band 41 - Laura Milman New York,Diamond-Cut Crosshatch Wedding Band in 14K or 18K Gold by Laura Milman New York,low-title-overlap
gid://shopify/Product/7417083756615,mens-wedding-band-42,fine/house/other,IMAGE,gid://shopify/MediaImage/24674842804295,Men's Wedding Band 42 - Laura Milman New York,Granulated Scroll Wedding Band in 14K or 18K Gold by Laura Milman New York,low-title-overlap
gid://shopify/Product/7417083887687,mens-wedding-band-43,fine/house/other,IMAGE,gid://shopify/MediaImage/24674843099207,Men's Wedding Band 43 - Laura Milman New York,Vertical Fluted Wedding Band in 14K or 18K Gold by Laura Milman New York,low-title-overlap
gid://shopify/Product/7417084051527,mens-wedding-band-44,fine/house/other,IMAGE,gid://shopify/MediaImage/24674843295815,Men's Wedding Band 44 - Laura Milman New York,Wide Celtic Knot Wedding Band in 14K or 18K Gold by Laura Milman New York,low-title-overlap
gid://shopify/Product/7417084346439,mens-wedding-band-45,fine/house/other,IMAGE,gid://shopify/MediaImage/24674843689031,Men's Wedding Band 45 - Laura Milman New York,Carved Dot Wedding Band in 14K or 18K Gold by Laura Milman New York,low-title-overlap
gid://shopify/Product/7417084641351,mens-wedding-band-46,fine/house/other,IMAGE,gid://shopify/MediaImage/24674848538695,Men's Wedding Band 46 - Laura Milman New York,Wood Grain Texture Wedding Band in 14K or 18K Gold by Laura Milman New York,low-title-overlap
gid://shopify/Product/7417085067335,mens-wedding-band-47,fine/house/other,IMAGE,gid://shopify/MediaImage/24674853027911,Men's Wedding Band 47 - Laura Milman New York,Lined Satin Wedding Band in 14K or 18K Gold by Laura Milman New York,low-title-overlap
gid://shopify/Product/7417085165639,mens-wedding-band-48,fine/house/other,IMAGE,gid://shopify/MediaImage/24674853519431,Men's Wedding Band 48 - Laura Milman New York,Woven Crosshatch Wedding Band in 14K or 18K Gold by Laura Milman New York,low-title-overlap
gid://shopify/Product/7417085493319,mens-wedding-band-49,fine/house/other,IMAGE,gid://shopify/MediaImage/24674854502471,Men's Wedding Band 49 - Laura Milman New York,Ribbed Groove Wedding Band in 14K or 18K Gold by Laura Milman New York,low-title-overlap
gid://shopify/Product/7417085624391,mens-wedding-band-50,fine/house/other,IMAGE,gid://shopify/MediaImage/24674854699079,Men's Wedding Band 50 - Laura Milman New York,Carved Celtic Floral Wedding Band in 14K or 18K Gold by Laura Milman New York,low-title-overlap
gid://shopify/Product/7417085755463,mens-wedding-band-51,fine/house/other,IMAGE,gid://shopify/MediaImage/24674855092295,Men's Wedding Band 51 - Laura Milman New York,Beaded Circle Wedding Band in 14K or 18K Gold by Laura Milman New York,low-title-overlap
gid://shopify/Product/7417085853767,mens-wedding-band-52,fine/house/other,IMAGE,gid://shopify/MediaImage/24674855354439,Men's Wedding Band 52 - Laura Milman New York,Engraved Scroll Wedding Band in 14K or 18K Gold by Laura Milman New York,low-title-overlap
gid://shopify/Product/7417085952071,mens-wedding-band-53,fine/house/other,IMAGE,gid://shopify/MediaImage/24674855813191,Men's Wedding Band 53 - Laura Milman New York,Carved Swirl Wedding Band in 14K or 18K Gold by Laura Milman New York,low-title-overlap
gid://shopify/Product/7417086017607,mens-wedding-band-54,fine/house/other,IMAGE,gid://shopify/MediaImage/24674856075335,Men's Wedding Band 54 - Laura Milman New York,Fine Crosshatch Wedding Band in 14K or 18K Gold by Laura Milman New York,low-title-overlap
gid://shopify/Product/7417086181447,mens-wedding-band-55,fine/house/other,IMAGE,gid://shopify/MediaImage/24674856435783,Men's Wedding Band 55 - Laura Milman New York,Fluted Milgrain Wedding Band in 14K or 18K Gold by Laura Milman New York,low-title-overlap
gid://shopify/Product/7417086246983,mens-wedding-band-56,fine/house/other,IMAGE,gid://shopify/MediaImage/24674856697927,Men's Wedding Band 56 - Laura Milman New York,Basketweave Block Wedding Band in 14K or 18K Gold by Laura Milman New York,low-title-overlap
gid://shopify/Product/7417086345287,mens-wedding-band-57,fine/house/other,IMAGE,gid://shopify/MediaImage/24674858172487,Custom Name Men's Wedding Band 5 - Laura Milman New York,Roman Numeral Date Wedding Band in 14K or 18K Gold by Laura Milman New York,identical-across-images;low-title-overlap
gid://shopify/Product/7417086345287,mens-wedding-band-57,fine/house/other,IMAGE,gid://shopify/MediaImage/24674858238023,Custom Name Men's Wedding Band 5 - Laura Milman New York,Roman Numeral Date Wedding Band in 14K or 18K Gold — view 2,identical-across-images;low-title-overlap
gid://shopify/Product/7417086705735,mens-wedding-band-59,fine/house/other,IMAGE,gid://shopify/MediaImage/24674858598471,Men's Wedding Band 59 - Laura Milman New York,Dense Celtic Knot Wedding Band in 14K or 18K Gold by Laura Milman New York,low-title-overlap
gid://shopify/Product/7417086771271,mens-wedding-band-60,fine/house/other,IMAGE,gid://shopify/MediaImage/24674858795079,Men's Wedding Band 60 - Laura Milman New York,Open Celtic Knot Wedding Band in 14K or 18K Gold by Laura Milman New York,low-title-overlap
gid://shopify/Product/7417086804039,mens-wedding-band-61,fine/house/other,IMAGE,gid://shopify/MediaImage/24674858991687,Men's Wedding Band 61 - Laura Milman New York,Beaded Texture Wedding Band in 14K or 18K Gold by Laura Milman New York,low-title-overlap
gid://shopify/Product/7417086935111,mens-wedding-band-62,fine/house/other,IMAGE,gid://shopify/MediaImage/24674860499015,Men's Wedding Band 62 - Laura Milman New York,Textured Wave Wedding Band in 14K or 18K Gold by Laura Milman New York,low-title-overlap
gid://shopify/Product/7417087033415,mens-wedding-band-63,fine/house/other,IMAGE,gid://shopify/MediaImage/24674865807431,Men's Wedding Band 63 - Laura Milman New York,Beaded Diagonal Wedding Band in 14K or 18K Gold by Laura Milman New York,low-title-overlap
gid://shopify/Product/7417088245831,mens-wedding-band-64,fine/house/other,IMAGE,gid://shopify/MediaImage/24674866200647,Men's Wedding Band 64 - Laura Milman New York,Beaded Column Wedding Band in 14K or 18K Gold by Laura Milman New York,low-title-overlap
gid://shopify/Product/7417088376903,mens-wedding-band-65,fine/house/other,IMAGE,gid://shopify/MediaImage/24674866692167,Men's Wedding Band 65 - Laura Milman New York,Carved Filigree Wedding Band in 14K or 18K Gold by Laura Milman New York,low-title-overlap
gid://shopify/Product/7417088409671,mens-wedding-band-66,fine/house/other,IMAGE,gid://shopify/MediaImage/24674867052615,Men's Wedding Band 66 - Laura Milman New York,Woven Celtic Lattice Wedding Band in 14K or 18K Gold by Laura Milman New York,low-title-overlap
gid://shopify/Product/7417088507975,mens-wedding-band-67,fine/house/other,IMAGE,gid://shopify/MediaImage/24674867314759,Men's Wedding Band 67 - Laura Milman New York,Argyle Diamond-Cut Wedding Band in 14K or 18K Gold by Laura Milman New York,low-title-overlap
gid://shopify/Product/7417088606279,mens-wedding-band-68,fine/house/other,IMAGE,gid://shopify/MediaImage/24674867675207,Men's Wedding Band 68 - Laura Milman New York,Diamond-Cut Braid Wedding Band in 14K or 18K Gold by Laura Milman New York,low-title-overlap
gid://shopify/Product/7417088966727,mens-wedding-band-69,fine/house/other,IMAGE,gid://shopify/MediaImage/24674870329415,Men's Wedding Band 69 - Laura Milman New York,Engraved Fan Wedding Band in 14K or 18K Gold by Laura Milman New York,low-title-overlap
gid://shopify/Product/7417089327175,mens-wedding-band-70,fine/house/other,IMAGE,gid://shopify/MediaImage/24674871803975,Men's Wedding Band 70 - Laura Milman New York,Split Texture Wedding Band in 14K or 18K Gold by Laura Milman New York,low-title-overlap
gid://shopify/Product/7417089720391,mens-wedding-band-71,fine/house/other,IMAGE,gid://shopify/MediaImage/24674873671751,Men's Wedding Band 71 - Laura Milman New York,Engraved Floral Wedding Band in 14K or 18K Gold by Laura Milman New York,low-title-overlap
gid://shopify/Product/7417091391559,mens-wedding-band-72,fine/house/other,IMAGE,gid://shopify/MediaImage/24674876620871,Men's Wedding Band 72 - Laura Milman New York,Engraved Leaf Wedding Band in 14K or 18K Gold by Laura Milman New York,low-title-overlap
gid://shopify/Product/7417091424327,mens-wedding-band-73,fine/house/other,IMAGE,gid://shopify/MediaImage/24674877341767,Men's Wedding Band 73 - Laura Milman New York,Diagonal Beaded Stripe Wedding Band in 14K or 18K Gold by Laura Milman New York,low-title-overlap
gid://shopify/Product/7417091686471,mens-wedding-band-74,fine/house/other,IMAGE,gid://shopify/MediaImage/24674878259271,Men's Wedding Band 74 - Laura Milman New York,Split Finish Wedding Band in 14K or 18K Gold by Laura Milman New York,low-title-overlap
gid://shopify/Product/7417091752007,mens-wedding-band-75,fine/house/other,IMAGE,gid://shopify/MediaImage/24674879144007,Men's Wedding Band 75 - Laura Milman New York,Diamond-Cut Argyle Wedding Band in 14K or 18K Gold by Laura Milman New York,low-title-overlap
gid://shopify/Product/7417091784775,mens-wedding-band-76,fine/house/other,IMAGE,gid://shopify/MediaImage/24674880028743,Men's Wedding Band 76 - Laura Milman New York,Celtic Knot Wedding Band in 14K or 18K Gold by Laura Milman New York,low-title-overlap
gid://shopify/Product/7417092210759,mens-wedding-band-77,fine/house/other,IMAGE,gid://shopify/MediaImage/24674881732679,Men's Wedding Band 77 - Laura Milman New York,Bold Celtic Knot Wedding Band in 14K or 18K Gold by Laura Milman New York,low-title-overlap
gid://shopify/Product/7417092341831,mens-wedding-band-78,fine/house/other,IMAGE,gid://shopify/MediaImage/24674883207239,Men's Wedding Band 78 - Laura Milman New York,Trinity Knot Panel Wedding Band in 14K or 18K Gold by Laura Milman New York,low-title-overlap
gid://shopify/Product/7417092472903,mens-wedding-band-79,fine/house/other,IMAGE,gid://shopify/MediaImage/24674885140551,Men's Wedding Band 79 - Laura Milman New York,Faceted Block Wedding Band in 14K or 18K Gold by Laura Milman New York,low-title-overlap
gid://shopify/Product/7417092669511,mens-wedding-band-80,fine/house/other,IMAGE,gid://shopify/MediaImage/24674886975559,Men's Wedding Band 80 - Laura Milman New York,Milgrain Block Wedding Band in 14K or 18K Gold by Laura Milman New York,low-title-overlap
gid://shopify/Product/7417092767815,mens-wedding-band-81,fine/house/other,IMAGE,gid://shopify/MediaImage/24674887860295,Men's Wedding Band 81 - Laura Milman New York,Celtic Vine Wedding Band in 14K or 18K Gold by Laura Milman New York,low-title-overlap
gid://shopify/Product/7418501660743,mens-wedding-band-82,fine/house/other,IMAGE,gid://shopify/MediaImage/24680542896199,Men's Wedding Band 82 - Laura Milman New York,Carved Zigzag Wedding Band in 14K or 18K Gold by Laura Milman New York,low-title-overlap
gid://shopify/Product/7418501922887,mens-wedding-band-83,fine/house/other,IMAGE,gid://shopify/MediaImage/24680543846471,Men's Wedding Band 83 - Laura Milman New York,Carved Scroll Wave Wedding Band in 14K or 18K Gold by Laura Milman New York,low-title-overlap
gid://shopify/Product/7418502021191,mens-wedding-band-84,fine/house/other,IMAGE,gid://shopify/MediaImage/24680544305223,Men's Wedding Band 84 - Laura Milman New York,Sandblast Milgrain Wedding Band in 14K or 18K Gold by Laura Milman New York,low-title-overlap
gid://shopify/Product/7418502086727,mens-wedding-band-85,fine/house/other,IMAGE,gid://shopify/MediaImage/24680545058887,Men's Wedding Band 85 - Laura Milman New York,Carved Vine Scroll Wedding Band in 14K or 18K Gold by Laura Milman New York,low-title-overlap
gid://shopify/Product/7418502119495,mens-wedding-band-86,fine/house/other,IMAGE,gid://shopify/MediaImage/24680545550407,Men's Wedding Band 86 - Laura Milman New York,Carved Brick Wedding Band in 14K or 18K Gold by Laura Milman New York,low-title-overlap
gid://shopify/Product/7418502217799,mens-wedding-band-87,fine/house/other,IMAGE,gid://shopify/MediaImage/24680546271303,Men's Wedding Band 87 - Laura Milman New York,Carved Paisley Wedding Band in 14K or 18K Gold by Laura Milman New York,low-title-overlap
gid://shopify/Product/7418502283335,mens-wedding-band-88,fine/house/other,IMAGE,gid://shopify/MediaImage/24680546730055,Men's Wedding Band 88 - Laura Milman New York,Argyle Diamond Wedding Band in 14K or 18K Gold by Laura Milman New York,low-title-overlap
gid://shopify/Product/7418502381639,mens-wedding-band-89,fine/house/other,IMAGE,gid://shopify/MediaImage/24680547450951,Men's Wedding Band 89 - Laura Milman New York,Linen Texture Wedding Band in 14K or 18K Gold by Laura Milman New York,low-title-overlap
gid://shopify/Product/7418502479943,mens-wedding-band-90,fine/house/other,IMAGE,gid://shopify/MediaImage/24680547778631,Men's Wedding Band 90 - Laura Milman New York,Staggered Brick Wedding Band in 14K or 18K Gold by Laura Milman New York,low-title-overlap
gid://shopify/Product/7418502578247,mens-wedding-band-91,fine/house/other,IMAGE,gid://shopify/MediaImage/24680548302919,Men's Wedding Band 91 - Laura Milman New York,Woven Mesh Wedding Band in 14K or 18K Gold by Laura Milman New York,low-title-overlap
gid://shopify/Product/7418502742087,mens-wedding-band-92,fine/house/other,IMAGE,gid://shopify/MediaImage/24680549089351,Men's Wedding Band 92 - Laura Milman New York,Celtic Heart Wedding Band in 14K or 18K Gold by Laura Milman New York,low-title-overlap
gid://shopify/Product/7418502840391,mens-wedding-band-93,fine/house/other,IMAGE,gid://shopify/MediaImage/24680549548103,Men's Wedding Band 93 - Laura Milman New York,Celtic Scroll Wedding Band in 14K or 18K Gold by Laura Milman New York,low-title-overlap
gid://shopify/Product/7418502971463,mens-wedding-band-94,fine/house/other,IMAGE,gid://shopify/MediaImage/24680549810247,Men's Wedding Band 94 - Laura Milman New York,Tribal Geometric Wedding Band in 14K or 18K Gold by Laura Milman New York,low-title-overlap
gid://shopify/Product/7418503004231,mens-wedding-band-95,fine/house/other,IMAGE,gid://shopify/MediaImage/24680549875783,Men's Wedding Band 95 - Laura Milman New York,Carved Filigree Scroll Wedding Band in 14K or 18K Gold by Laura Milman New York,low-title-overlap
gid://shopify/Product/7418503135303,mens-wedding-band-96,fine/house/other,IMAGE,gid://shopify/MediaImage/24680550170695,Men's Wedding Band 96 - Laura Milman New York,Celtic Braid Wedding Band in 14K or 18K Gold by Laura Milman New York,low-title-overlap
gid://shopify/Product/7418503168071,mens-wedding-band-97,fine/house/other,IMAGE,gid://shopify/MediaImage/24680550465607,Men's Wedding Band 97 - Laura Milman New York,Basketweave Texture Wedding Band in 14K or 18K Gold by Laura Milman New York,low-title-overlap
gid://shopify/Product/7418503397447,mens-wedding-band-98,fine/house/other,IMAGE,gid://shopify/MediaImage/24680551678023,Men's Wedding Band 98 - Laura Milman New York,Carved Infinity Wedding Band in 14K or 18K Gold by Laura Milman New York,low-title-overlap
gid://shopify/Product/7418503462983,mens-wedding-band-99,fine/house/other,IMAGE,gid://shopify/MediaImage/24680551874631,Men's Wedding Band 99 - Laura Milman New York,Greek Key Wedding Band in 14K or 18K Gold by Laura Milman New York,low-title-overlap
gid://shopify/Product/7418503495751,mens-wedding-band-100,fine/house/other,IMAGE,gid://shopify/MediaImage/24680557084743,Men's Wedding Band 100 - Laura Milman New York,Carved Cross Wedding Band in 14K or 18K Gold by Laura Milman New York,low-title-overlap
gid://shopify/Product/7418503594055,mens-wedding-band-101,fine/house/other,IMAGE,gid://shopify/MediaImage/24680553414727,Men's Wedding Band 101 - Laura Milman New York,Carved Scroll Wedding Band in 14K or 18K Gold by Laura Milman New York,low-title-overlap
gid://shopify/Product/7418506018887,mens-wedding-band-102,fine/house/other,IMAGE,gid://shopify/MediaImage/24680563736647,Men's Wedding Band 102 - Laura Milman New York,Carved Geometric Wedding Band in 14K or 18K Gold by Laura Milman New York,low-title-overlap
gid://shopify/Product/7418506084423,mens-wedding-band-103,fine/house/other,IMAGE,gid://shopify/MediaImage/24680564162631,Men's Wedding Band 103 - Laura Milman New York,Spiral Edge Wedding Band in 14K or 18K Gold by Laura Milman New York,low-title-overlap
gid://shopify/Product/7418506215495,mens-wedding-band-104,fine/house/other,IMAGE,gid://shopify/MediaImage/24680564424775,Men's Wedding Band 104 - Laura Milman New York,Coil Edge Wedding Band in 14K or 18K Gold by Laura Milman New York,low-title-overlap
gid://shopify/Product/7418506281031,mens-wedding-band-105,fine/house/other,IMAGE,gid://shopify/MediaImage/24680564654151,Men's Wedding Band 105 - Laura Milman New York,Celtic Heart Infinity Wedding Band in 14K or 18K Gold by Laura Milman New York,low-title-overlap
gid://shopify/Product/7418506313799,mens-wedding-band-106,fine/house/other,IMAGE,gid://shopify/MediaImage/24680564916295,Men's Wedding Band 106 - Laura Milman New York,Floral Scroll Wedding Band in 14K or 18K Gold by Laura Milman New York,low-title-overlap
gid://shopify/Product/7418506379335,mens-wedding-band-107,fine/house/other,IMAGE,gid://shopify/MediaImage/24680565112903,Men's Wedding Band 107 - Laura Milman New York,Greek Key Triangle Wedding Band in 14K or 18K Gold by Laura Milman New York,low-title-overlap
gid://shopify/Product/7418506444871,mens-wedding-band-108,fine/house/other,IMAGE,gid://shopify/MediaImage/24680565276743,Men's Wedding Band 108 - Laura Milman New York,Diamond-Cut Crosshatch Wedding Band in 14K or 18K Gold by Laura Milman New York,low-title-overlap
gid://shopify/Product/7418506477639,mens-wedding-band-109,fine/house/other,IMAGE,gid://shopify/MediaImage/24680565407815,Men's Wedding Band 109 - Laura Milman New York,Celtic Knot Wedding Band in 14K or 18K Gold by Laura Milman New York,low-title-overlap
gid://shopify/Product/7418506510407,mens-wedding-band-110,fine/house/other,IMAGE,gid://shopify/MediaImage/24680565571655,Men's Wedding Band 110 - Laura Milman New York,Faith Hope Love Wedding Band in 14K or 18K Gold by Laura Milman New York,low-title-overlap
gid://shopify/Product/7444631453767,good-luck-clover-charm-pendant-lab-grown,fine/house/other,IMAGE,gid://shopify/MediaImage/24718681505863,Good Luck Clover Charm Pendant (Lab Grown) - Laura Milman New York,Lab-Grown Good Luck Clover Charm Diamond Pendant in 14K Yellow Gold by Laura Milman New York,identical-across-images
gid://shopify/Product/7444631453767,good-luck-clover-charm-pendant-lab-grown,fine/house/other,IMAGE,gid://shopify/MediaImage/24718681833543,Good Luck Clover Charm Pendant (Lab Grown) - Laura Milman New York,Lab-Grown Good Luck Clover Charm Diamond Pendant in 14K Yellow Gold — view 2,identical-across-images
gid://shopify/Product/7444631879751,mother-of-pearl-pendant-with-rubies-lab-grown,fine/house/other,IMAGE,gid://shopify/MediaImage/24831033704519,Mother of Pearl Pendant with Rubies (Lab Grown) - Laura Milman New York,Mother of Pearl Pendant with Rubies (Lab Grown) by Laura Milman New York,identical-across-images
gid://shopify/Product/7444631879751,mother-of-pearl-pendant-with-rubies-lab-grown,fine/house/other,IMAGE,gid://shopify/MediaImage/24718689108039,Mother of Pearl Pendant with Rubies (Lab Grown) - Laura Milman New York,Mother of Pearl Pendant with Rubies (Lab Grown) — view 2,identical-across-images
gid://shopify/Product/7450435321927,fancy-chandelier-earrings-in-white-gold,fine/house/other,IMAGE,gid://shopify/MediaImage/24830993367111,Fancy Chandelier Earrings in White Gold - Laura Milman New York,Fancy Chandelier Earrings in White Gold by Laura Milman New York,identical-across-images
gid://shopify/Product/7450435321927,fancy-chandelier-earrings-in-white-gold,fine/house/other,IMAGE,gid://shopify/MediaImage/24830993596487,Fancy Chandelier Earrings in White Gold - Laura Milman New York,Fancy Chandelier Earrings in White Gold — view 2,identical-across-images
gid://shopify/Product/7450437255239,fancy-drop-earrings-in-two-tone,fine/house/other,IMAGE,gid://shopify/MediaImage/24831001493575,Fancy Chandelier Earrings in Two-Tone - Laura Milman New York,Fancy Chandelier Earrings in Two-Tone by Laura Milman New York,identical-across-images
gid://shopify/Product/7450437255239,fancy-drop-earrings-in-two-tone,fine/house/other,IMAGE,gid://shopify/MediaImage/24831001919559,Fancy Chandelier Earrings in Two-Tone - Laura Milman New York,Fancy Chandelier Earrings in Two-Tone — view 2,identical-across-images
gid://shopify/Product/7450452459591,round-shape-stud-earrings-lab-grown,fine/house/other,IMAGE,gid://shopify/MediaImage/24831185944647,Round Shape Stud Earrings (Lab Grown) - Laura Milman New York,Lab-Grown Round Shape Stud Diamond Earrings in 14K Yellow Gold by Laura Milman New York,identical-across-images;missing
gid://shopify/Product/7450452459591,round-shape-stud-earrings-lab-grown,fine/house/other,IMAGE,gid://shopify/MediaImage/24831189286983,Round Shape Stud Earrings (Lab Grown) - Laura Milman New York,Lab-Grown Round Shape Stud Diamond Earrings in 14K Yellow Gold — view 2,identical-across-images;missing
gid://shopify/Product/7450452459591,round-shape-stud-earrings-lab-grown,fine/house/other,VIDEO,,,"Lab-Grown Round Shape Stud Diamond Earrings in 14K Yellow Gold — video, view 3",identical-across-images;missing
gid://shopify/Product/7450456653895,yellow-gold-bracelet-lab-grown,fine/house/other,IMAGE,gid://shopify/MediaImage/24831253774407,Yellow Gold Bracelet (Lab Grown) - Laura Milman New York,Lab-Grown Diamond Bracelet in Yellow Gold by Laura Milman New York,identical-across-images
gid://shopify/Product/7450456653895,yellow-gold-bracelet-lab-grown,fine/house/other,IMAGE,gid://shopify/MediaImage/24831253807175,Yellow Gold Bracelet (Lab Grown) - Laura Milman New York,Lab-Grown Diamond Bracelet in Yellow Gold — view 2,identical-across-images
gid://shopify/Product/7450482540615,mens-wedding-band-beveled-matte-finish,fine/house/other,IMAGE,gid://shopify/MediaImage/24831385075783,Men's Wedding Band Beveled Matte Finish - Laura Milman New York,Beveled Satin Wedding Band with Milgrain in 14K or 18K Gold by Laura Milman New York,low-title-overlap
gid://shopify/Product/7450488504391,mens-wedding-band-with-beveled-matte-finish-milgrain-copy,fine/house/other,IMAGE,gid://shopify/MediaImage/24831505891399,Men's Wedding Band with Beveled Matte Finish & Milgrain (Copy) - Laura Milman New York,Brushed Flat Wedding Band in 14K or 18K Gold by Laura Milman New York,low-title-overlap
gid://shopify/Product/7450488668231,mens-wedding-band-with-beveled-matte-finish-milgrain-copy-copy,fine/house/other,IMAGE,gid://shopify/MediaImage/24831508480071,Men's Wedding Band with Beveled Matte Finish & Milgrain (Copy) (Copy) - Laura Milman New York,Modern Split Groove Satin Wedding Band in 14K or 18K Gold by Laura Milman New York,low-title-overlap
gid://shopify/Product/7450489749575,mens-wedding-band-with-beveled-matte-finish-milgrain-copy-copy-copy,fine/house/other,IMAGE,gid://shopify/MediaImage/24831511953479,Men's Wedding Band with Beveled Matte Finish & Milgrain (Copy 2 - Laura Milman New York,Classic Satin Wedding Band with Polished Edges in 14K or 18K Gold by Laura Milman New York,low-title-overlap
gid://shopify/Product/7450491912263,mens-wedding-band-with-beveled-matte-finish-milgrain-copy-3,fine/house/other,IMAGE,gid://shopify/MediaImage/24831515754567,Men's Wedding Band with Beveled Matte Finish & Milgrain (Copy 3 - Laura Milman New York,Two-Tone Satin Wedding Band with Gold Accent Channels by Laura Milman New York,low-title-overlap
gid://shopify/Product/7450492371015,mens-wedding-band-with-beveled-matte-finish-milgrain-copy-5,fine/house/other,IMAGE,gid://shopify/MediaImage/24831517687879,Men's Wedding Band with Beveled Matte Finish & Milgrain (Copy 5 - Laura Milman New York,Two-Tone Satin Center Wedding Band by Laura Milman New York,low-title-overlap
gid://shopify/Product/7450492469319,mens-wedding-band-with-beveled-matte-finish-milgrain-copy-6,fine/house/other,IMAGE,gid://shopify/MediaImage/24831518441543,Men's Wedding Band with Beveled Matte Finish & Milgrain (Copy 6 - Laura Milman New York,Two-Tone Hammered Wedding Band in 14K or 18K Gold by Laura Milman New York,low-title-overlap
gid://shopify/Product/7450493419591,mens-wedding-band-with-beveled-matte-finish-milgrain-copy-7,fine/house/other,IMAGE,gid://shopify/MediaImage/24831521554503,Men's Wedding Band with Beveled Matte Finish & Milgrain (Copy 7 - Laura Milman New York,Hammered Two-Tone Triple Channel Wedding Band by Laura Milman New York,low-title-overlap
gid://shopify/Product/7450493681735,mens-wedding-band-with-beveled-matte-finish-milgrain-copy-8,fine/house/other,IMAGE,gid://shopify/MediaImage/24831523061831,Men's Wedding Band with Beveled Matte Finish & Milgrain (Copy 8 - Laura Milman New York,Two-Tone Satin Wedding Band in 14K or 18K Gold by Laura Milman New York,low-title-overlap
gid://shopify/Product/7450493943879,mens-wedding-band-with-beveled-matte-finish-milgrain-copy-9,fine/house/other,IMAGE,gid://shopify/MediaImage/24831525519431,Men's Wedding Band with Beveled Matte Finish & Milgrain (Copy 9 - Laura Milman New York,Double Groove Satin Wedding Band in 14K or 18K Gold by Laura Milman New York,low-title-overlap
gid://shopify/Product/7450507083847,mens-wedding-band-with-beveled-matte-finish-milgrain-copy-11,fine/house/other,IMAGE,gid://shopify/MediaImage/24831610978375,Men's Wedding Band with Beveled Matte Finish & Milgrain (Copy 11 - Laura Milman New York,Classic Satin Wedding Band with Polished Grooves in 14K or 18K Gold by Laura Milman New York,low-title-overlap
gid://shopify/Product/7450508165191,mens-wedding-band-with-beveled-matte-finish-milgrain-copy-11-copy,fine/house/other,IMAGE,gid://shopify/MediaImage/24831613501511,Men's Wedding Band with Beveled Matte Finish & Milgrain (Copy 12 - Laura Milman New York,Classic Satin Band with Comfort Fit Design in 14K or 18K Gold by Laura Milman New York,low-title-overlap
gid://shopify/Product/7450509082695,mens-wedding-band-with-beveled-matte-finish-milgrain-copy-13,fine/house/other,IMAGE,gid://shopify/MediaImage/24831614582855,Men's Wedding Band with Beveled Matte Finish & Milgrain (Copy 13 - Laura Milman New York,Satin Band with Polished Side Accents in 14K or 18K Gold by Laura Milman New York,low-title-overlap
gid://shopify/Product/7450509738055,mens-wedding-band-with-beveled-matte-finish-milgrain-copy-14,fine/house/other,IMAGE,gid://shopify/MediaImage/24831616811079,Men's Wedding Band with Beveled Matte Finish & Milgrain (Copy 14 - Laura Milman New York,Satin Band with Milgrain Edge Detail in 14K or 18K Gold by Laura Milman New York,identical-across-images;low-title-overlap
gid://shopify/Product/7450509738055,mens-wedding-band-with-beveled-matte-finish-milgrain-copy-14,fine/house/other,IMAGE,gid://shopify/MediaImage/24854363537479,Men's Wedding Band with Beveled Matte Finish & Milgrain (Copy 14 - Laura Milman New York,Satin Band with Milgrain Edge Detail in 14K or 18K Gold — view 2,identical-across-images;low-title-overlap
gid://shopify/Product/7450509836359,mens-wedding-band-with-beveled-matte-finish-milgrain-copy-15,fine/house/other,IMAGE,gid://shopify/MediaImage/24831617531975,Men's Wedding Band with Beveled Matte Finish & Milgrain (Copy 15 - Laura Milman New York,Wide Satin Band with Polished Edges in 14K or 18K Gold by Laura Milman New York,low-title-overlap
gid://shopify/Product/7450510000199,mens-wedding-band-with-beveled-matte-finish-milgrain-copy-16,fine/house/other,IMAGE,gid://shopify/MediaImage/24831618252871,Men's Wedding Band with Beveled Matte Finish & Milgrain (Copy 16 - Laura Milman New York,Triple Groove Satin Wedding Band in 14K or 18K Gold by Laura Milman New York,low-title-overlap
gid://shopify/Product/7450510098503,mens-wedding-band-with-beveled-matte-finish-milgrain-copy-17,fine/house/other,IMAGE,gid://shopify/MediaImage/24831618580551,Men's Wedding Band with Beveled Matte Finish & Milgrain (Copy 17 - Laura Milman New York,Satin Band with Polished Groove Edges in 14K or 18K Gold by Laura Milman New York,low-title-overlap
gid://shopify/Product/7450510262343,mens-wedding-band-with-beveled-matte-finish-milgrain-copy-18,fine/house/other,IMAGE,gid://shopify/MediaImage/24831619170375,Men's Wedding Band with Beveled Matte Finish & Milgrain (Copy 18 - Laura Milman New York,Wide Satin Comfort Fit Band in 14K or 18K Gold by Laura Milman New York,low-title-overlap
gid://shopify/Product/7450510524487,mens-wedding-band-with-beveled-matte-finish-milgrain-copy-19,fine/house/other,IMAGE,gid://shopify/MediaImage/24831620251719,Men's Wedding Band with Beveled Matte Finish & Milgrain (Copy 19 - Laura Milman New York,Satin Band with Triple Groove Detail in 14K or 18K Gold by Laura Milman New York,low-title-overlap
gid://shopify/Product/7450517274695,elegant-gold-bangle-with-diamond-accents,fine/house/other,IMAGE,gid://shopify/MediaImage/24831667437639,Elegant gold bangle with diamond accents - Laura Milman New York,Elegant gold bangle with diamond accents by Laura Milman New York,identical-across-images
gid://shopify/Product/7450517274695,elegant-gold-bangle-with-diamond-accents,fine/house/other,IMAGE,gid://shopify/MediaImage/24831667404871,Elegant gold bangle with diamond accents - Laura Milman New York,Elegant gold bangle with diamond accents — view 2,identical-across-images
gid://shopify/Product/7454763253831,green-emerald-and-diamond-drop-earrings,fine/house/other,IMAGE,gid://shopify/MediaImage/24861921247303,Green Emerald and Diamond Drop Earrings - Laura Milman New York,Green Emerald and Diamond Drop Earrings by Laura Milman New York,identical-across-images
gid://shopify/Product/7454763253831,green-emerald-and-diamond-drop-earrings,fine/house/other,IMAGE,gid://shopify/MediaImage/24861921869895,Green Emerald and Diamond Drop Earrings - Laura Milman New York,Green Emerald and Diamond Drop Earrings — view 2,identical-across-images
gid://shopify/Product/7454822629447,garnet-and-diamond-pendant-lab-grown,fine/house/other,IMAGE,gid://shopify/MediaImage/24862261575751,Garnet and Diamond Pendant (Lab Grown) - Laura Milman New York,Lab-Grown Garnet and Diamond Pendant in 18K White Gold by Laura Milman New York,identical-across-images
gid://shopify/Product/7454822629447,garnet-and-diamond-pendant-lab-grown,fine/house/other,IMAGE,gid://shopify/MediaImage/24862261739591,Garnet and Diamond Pendant (Lab Grown) - Laura Milman New York,Lab-Grown Garnet and Diamond Pendant in 18K White Gold — view 2,identical-across-images
gid://shopify/Product/7454828757063,traditional-diamond-studs-lab-grown,fine/house/other,IMAGE,gid://shopify/MediaImage/24862313709639,Traditional Diamond Studs - 4 Prongs (Lab Grown) - Laura Milman New York,Lab-Grown Traditional Diamond Studs - 4 Prongs in 14K White Gold by Laura Milman New York,identical-across-images
gid://shopify/Product/7454828757063,traditional-diamond-studs-lab-grown,fine/house/other,IMAGE,gid://shopify/MediaImage/24862313644103,Traditional Diamond Studs - 4 Prongs (Lab Grown) - Laura Milman New York,Lab-Grown Traditional Diamond Studs - 4 Prongs in 14K White Gold — view 2,identical-across-images
gid://shopify/Product/7473502289991,black-and-white-diamond-eternity-band,fine/house/other,IMAGE,gid://shopify/MediaImage/24977352032327,Black and White Diamond Eternity Band - Laura Milman New York,Black and White Diamond Eternity Band by Laura Milman New York,identical-across-images
gid://shopify/Product/7473502289991,black-and-white-diamond-eternity-band,fine/house/other,IMAGE,gid://shopify/MediaImage/24977351999559,Black and White Diamond Eternity Band - Laura Milman New York,Black and White Diamond Eternity Band — view 2,identical-across-images
gid://shopify/Product/7473507401799,black-and-white-diamond-drop-earrings,fine/house/other,IMAGE,gid://shopify/MediaImage/24977365631047,Black and White Diamond Drop Earrings - Laura Milman New York,Black and White Diamond Drop Earrings by Laura Milman New York,identical-across-images
gid://shopify/Product/7473507401799,black-and-white-diamond-drop-earrings,fine/house/other,IMAGE,gid://shopify/MediaImage/24977365925959,Black and White Diamond Drop Earrings - Laura Milman New York,Black and White Diamond Drop Earrings — view 2,identical-across-images
gid://shopify/Product/7481350619207,chimento-diamond-pendant-necklace,fine/house/other,IMAGE,gid://shopify/MediaImage/25034749411399,Chimento Diamond Pendant Necklace - Laura Milman New York,Chimento Diamond Pendant Necklace by Laura Milman New York,identical-across-images
gid://shopify/Product/7481350619207,chimento-diamond-pendant-necklace,fine/house/other,IMAGE,gid://shopify/MediaImage/25034749673543,Chimento Diamond Pendant Necklace - Laura Milman New York,Chimento Diamond Pendant Necklace — view 2,identical-across-images
gid://shopify/Product/7481350619207,chimento-diamond-pendant-necklace,fine/house/other,IMAGE,gid://shopify/MediaImage/25034749804615,Chimento Diamond Pendant Necklace - Laura Milman New York,Chimento Diamond Pendant Necklace — view 3,identical-across-images
gid://shopify/Product/7506260525127,mens-wedding-band-28,fine/house/other,IMAGE,gid://shopify/MediaImage/25239095836743,Men's Wedding Band 20 - Laura Milman New York,Polished White Metal Band with Dual Milgrain Edges by Laura Milman New York,low-title-overlap
gid://shopify/Product/7506263572551,mens-wedding-band-20-copy,fine/house/other,IMAGE,gid://shopify/MediaImage/25239104094279,Men's Wedding Band 21 - Laura Milman New York,Hammered White Metal Band with Polished Edges by Laura Milman New York,low-title-overlap
gid://shopify/Product/7506266521671,mens-wedding-band-58,fine/house/other,IMAGE,gid://shopify/MediaImage/25239109926983,Men's Wedding Band 22 - Laura Milman New York,Satin White Metal Band with Double Milgrain Center Detail by Laura Milman New York,low-title-overlap
gid://shopify/Product/7506273599559,mens-wedding-band-111,fine/house/other,IMAGE,gid://shopify/MediaImage/25239127883847,Men's Wedding Band 23 - Laura Milman New York,Satin White Metal Band with Dual Milgrain Edges by Laura Milman New York,low-title-overlap
gid://shopify/Product/7506274549831,mens-wedding-band-112,fine/house/other,IMAGE,gid://shopify/MediaImage/25239145578567,Men's Wedding Band 24 - Laura Milman New York,Satin White Metal Band with Faceted Polished Edges by Laura Milman New York,low-title-overlap
gid://shopify/Product/7506285494343,mens-wedding-band-113,fine/house/other,IMAGE,gid://shopify/MediaImage/25239169695815,Men's Wedding Band 25 - Laura Milman New York,Hammered White Metal Band with Polished Side Rails by Laura Milman New York,low-title-overlap
gid://shopify/Product/7506286641223,mens-wedding-band-114,fine/house/other,IMAGE,gid://shopify/MediaImage/25239176151111,Men's Wedding Band 26 - Laura Milman New York,Frost Textured Wedding Band in 14K or 18K Gold by Laura Milman New York,low-title-overlap
gid://shopify/Product/7506287001671,mens-wedding-band-115,fine/house/other,IMAGE,gid://shopify/MediaImage/25239180345415,Men's Wedding Band 27 - Laura Milman New York,Hammered White Metal Band with Polished Edges by Laura Milman New York,low-title-overlap
gid://shopify/Product/7506289262663,mens-wedding-band-116,fine/house/other,IMAGE,gid://shopify/MediaImage/25239184932935,Men's Wedding Band 28 - Laura Milman New York,Wide Brushed White Metal Band with Soft Contour by Laura Milman New York,low-title-overlap
gid://shopify/Product/7506291425351,mens-wedding-band-117,fine/house/other,IMAGE,gid://shopify/MediaImage/25239195385927,Men's Wedding Band 29 - Laura Milman New York,Classic Satin Finish White Metal Band by Laura Milman New York,low-title-overlap
gid://shopify/Product/7506292539463,mens-wedding-band-118,fine/house/other,IMAGE,gid://shopify/MediaImage/25239223861319,Men's Wedding Band 30 - Laura Milman New York,Polished White Metal Band with Braided Center Detail by Laura Milman New York,low-title-overlap
gid://shopify/Product/7506293293127,mens-wedding-band-119,fine/house/other,IMAGE,gid://shopify/MediaImage/25239224287303,Men's Wedding Band 31 - Laura Milman New York,Two-Tone Style White Metal Band with Satin and Polished Contrast by Laura Milman New York,low-title-overlap
gid://shopify/Product/7506293489735,mens-wedding-band-120,fine/house/other,IMAGE,gid://shopify/MediaImage/25239224680519,Men's Wedding Band 32 - Laura Milman New York,Modern Brushed White Metal Band with Dual Groove Detail by Laura Milman New York,low-title-overlap
gid://shopify/Product/7508702593095,mens-wedding-band-121,fine/house/other,IMAGE,gid://shopify/MediaImage/25252823040071,Men's Wedding Band with Brushed Satin Finish with Polished Groove Detailing - Laura Milman New York,Brushed Satin Wedding Band with Polished Grooves in 14K or 18K Gold by Laura Milman New York,identical-across-images
gid://shopify/Product/7508702593095,mens-wedding-band-121,fine/house/other,IMAGE,gid://shopify/MediaImage/25252138680391,Men's Wedding Band with Brushed Satin Finish with Polished Groove Detailing - Laura Milman New York,Brushed Satin Wedding Band with Polished Grooves in 14K or 18K Gold — view 2,identical-across-images
gid://shopify/Product/7508704002119,mens-wedding-band-125,fine/house/other,IMAGE,gid://shopify/MediaImage/25252163584071,Two-Tone Brushed & Polished Men's Wedding Band – Yellow & White Gold - Laura Milman New York,Two-Tone Brushed and Polished Wedding Band in 14K or 18K Gold by Laura Milman New York,identical-across-images
gid://shopify/Product/7508704002119,mens-wedding-band-125,fine/house/other,IMAGE,gid://shopify/MediaImage/25252816945223,Two-Tone Brushed & Polished Men's Wedding Band – Yellow & White Gold - Laura Milman New York,Two-Tone Brushed and Polished Wedding Band in 14K or 18K Gold — view 2,identical-across-images
gid://shopify/Product/7509936734279,bvlgari-circa-1990-18k-two-tone-bvlgari-circa-1990-18k-two-tone-bb-26-2t-26mm-dial-quartz-watch-watch-j10321,watch,IMAGE,gid://shopify/MediaImage/25259993989191,Pre-Owned Bvlgari Circa 1990 18K Two Tone Bvlgari Circa 1990 18K Two Tone BB 26 2T 26mm Dial Quartz Watch Watch - Bvlgari Watch,Pre-Owned Bvlgari Circa 1990 18K Two Tone Bvlgari Circa 1990 18K Two Tone BB 26 2T 26mm Dial Quartz Watch Watch,over-125-chars
gid://shopify/Product/7509936734279,bvlgari-circa-1990-18k-two-tone-bvlgari-circa-1990-18k-two-tone-bb-26-2t-26mm-dial-quartz-watch-watch-j10321,watch,IMAGE,gid://shopify/MediaImage/25259994021959,Pre-Owned Bvlgari Circa 1990 18K Two Tone Bvlgari Circa 1990 18K Two Tone BB 26 2T 26mm Dial Quartz Watch Watch view 2 - Bvlgari,Pre-Owned Bvlgari Circa 1990 18K Two Tone Bvlgari Circa 1990 18K Two Tone BB 26 2T 26mm Dial Quartz Watch Watch — view 2,over-125-chars
gid://shopify/Product/7509936734279,bvlgari-circa-1990-18k-two-tone-bvlgari-circa-1990-18k-two-tone-bb-26-2t-26mm-dial-quartz-watch-watch-j10321,watch,IMAGE,gid://shopify/MediaImage/25259994054727,Pre-Owned Bvlgari Circa 1990 18K Two Tone Bvlgari Circa 1990 18K Two Tone BB 26 2T 26mm Dial Quartz Watch Watch view 3 - Bvlgari,Pre-Owned Bvlgari Circa 1990 18K Two Tone Bvlgari Circa 1990 18K Two Tone BB 26 2T 26mm Dial Quartz Watch Watch — view 3,over-125-chars
gid://shopify/Product/7509936734279,bvlgari-circa-1990-18k-two-tone-bvlgari-circa-1990-18k-two-tone-bb-26-2t-26mm-dial-quartz-watch-watch-j10321,watch,IMAGE,gid://shopify/MediaImage/25259994087495,Pre-Owned Bvlgari Circa 1990 18K Two Tone Bvlgari Circa 1990 18K Two Tone BB 26 2T 26mm Dial Quartz Watch Watch view 4 - Bvlgari,Pre-Owned Bvlgari Circa 1990 18K Two Tone Bvlgari Circa 1990 18K Two Tone BB 26 2T 26mm Dial Quartz Watch Watch — view 4,over-125-chars
gid://shopify/Product/7509936734279,bvlgari-circa-1990-18k-two-tone-bvlgari-circa-1990-18k-two-tone-bb-26-2t-26mm-dial-quartz-watch-watch-j10321,watch,IMAGE,gid://shopify/MediaImage/25259994120263,Pre-Owned Bvlgari Circa 1990 18K Two Tone Bvlgari Circa 1990 18K Two Tone BB 26 2T 26mm Dial Quartz Watch Watch view 5 - Bvlgari,Pre-Owned Bvlgari Circa 1990 18K Two Tone Bvlgari Circa 1990 18K Two Tone BB 26 2T 26mm Dial Quartz Watch Watch — view 5,over-125-chars
gid://shopify/Product/7509957148743,van-cleef-arpels-18k-rose-gold-charms-carnelian-dial-38mm-double-row-diamond-bezel-watch-rr9406,watch,IMAGE,gid://shopify/MediaImage/25260084494407,Pre-Owned Van Cleef & Arpels 18K Rose Gold Charms Carnelian Dial 38mm Double Row Diamond Bezel Women Watch - Van Cleef & Arpels Watch,Pre-Owned Van Cleef & Arpels 18K Rose Gold Charms Carnelian Dial 38mm Double Row Diamond Bezel Women Watch,over-125-chars
gid://shopify/Product/7509957148743,van-cleef-arpels-18k-rose-gold-charms-carnelian-dial-38mm-double-row-diamond-bezel-watch-rr9406,watch,IMAGE,gid://shopify/MediaImage/25260084527175,Pre-Owned Van Cleef & Arpels 18K Rose Gold Charms Carnelian Dial 38mm Double Row Diamond Bezel Women Watch view 2 - Van Cleef & Arpels,Pre-Owned Van Cleef & Arpels 18K Rose Gold Charms Carnelian Dial 38mm Double Row Diamond Bezel Women Watch — view 2,over-125-chars
gid://shopify/Product/7509957148743,van-cleef-arpels-18k-rose-gold-charms-carnelian-dial-38mm-double-row-diamond-bezel-watch-rr9406,watch,IMAGE,gid://shopify/MediaImage/25260084559943,Pre-Owned Van Cleef & Arpels 18K Rose Gold Charms Carnelian Dial 38mm Double Row Diamond Bezel Women Watch view 3 - Van Cleef & Arpels,Pre-Owned Van Cleef & Arpels 18K Rose Gold Charms Carnelian Dial 38mm Double Row Diamond Bezel Women Watch — view 3,over-125-chars
gid://shopify/Product/7509957148743,van-cleef-arpels-18k-rose-gold-charms-carnelian-dial-38mm-double-row-diamond-bezel-watch-rr9406,watch,IMAGE,gid://shopify/MediaImage/25260084592711,Pre-Owned Van Cleef & Arpels 18K Rose Gold Charms Carnelian Dial 38mm Double Row Diamond Bezel Women Watch view 4 - Van Cleef & Arpels,Pre-Owned Van Cleef & Arpels 18K Rose Gold Charms Carnelian Dial 38mm Double Row Diamond Bezel Women Watch — view 4,over-125-chars
gid://shopify/Product/7509957476423,van-cleef-arpels-18k-yellow-gold-32mm-charm-diamond-bezel-alligator-blue-strap-watch-rr9229,watch,IMAGE,gid://shopify/MediaImage/25260085805127,Pre-Owned Van Cleef & Arpels 18K Yellow Gold 32mm Charm Diamond Bezel Alligator Blue Strap Women Watch - Van Cleef & Arpels Watch,Pre-Owned Van Cleef & Arpels 18K Yellow Gold 32mm Charm Diamond Bezel Alligator Blue Strap Women Watch,over-125-chars
gid://shopify/Product/7509957476423,van-cleef-arpels-18k-yellow-gold-32mm-charm-diamond-bezel-alligator-blue-strap-watch-rr9229,watch,IMAGE,gid://shopify/MediaImage/25260085837895,Pre-Owned Van Cleef & Arpels 18K Yellow Gold 32mm Charm Diamond Bezel Alligator Blue Strap Women Watch view 2 - Van Cleef & Arpels,Pre-Owned Van Cleef & Arpels 18K Yellow Gold 32mm Charm Diamond Bezel Alligator Blue Strap Women Watch — view 2,over-125-chars
gid://shopify/Product/7509957476423,van-cleef-arpels-18k-yellow-gold-32mm-charm-diamond-bezel-alligator-blue-strap-watch-rr9229,watch,IMAGE,gid://shopify/MediaImage/25260085870663,Pre-Owned Van Cleef & Arpels 18K Yellow Gold 32mm Charm Diamond Bezel Alligator Blue Strap Women Watch view 3 - Van Cleef & Arpels,Pre-Owned Van Cleef & Arpels 18K Yellow Gold 32mm Charm Diamond Bezel Alligator Blue Strap Women Watch — view 3,over-125-chars
gid://shopify/Product/7509957476423,van-cleef-arpels-18k-yellow-gold-32mm-charm-diamond-bezel-alligator-blue-strap-watch-rr9229,watch,IMAGE,gid://shopify/MediaImage/25260085903431,Pre-Owned Van Cleef & Arpels 18K Yellow Gold 32mm Charm Diamond Bezel Alligator Blue Strap Women Watch view 4 - Van Cleef & Arpels,Pre-Owned Van Cleef & Arpels 18K Yellow Gold 32mm Charm Diamond Bezel Alligator Blue Strap Women Watch — view 4,over-125-chars
gid://shopify/Product/7582626938951,paperclip-inspired-bracelet,fine/house/other,IMAGE,gid://shopify/MediaImage/25558177808455,Paperclip Inspired Bracelet - Laura Milman New York,Paperclip Inspired Diamond Bracelet in 18K Yellow Gold by Laura Milman New York,identical-across-images
gid://shopify/Product/7582626938951,paperclip-inspired-bracelet,fine/house/other,IMAGE,gid://shopify/MediaImage/25558177775687,Paperclip Inspired Bracelet - Laura Milman New York,Paperclip Inspired Diamond Bracelet in 18K Yellow Gold — view 2,identical-across-images
gid://shopify/Product/7582628446279,dutch-marquise-engagement-ring-set,fine/house/other,IMAGE,gid://shopify/MediaImage/25558259302471,Dutch Marquise Engagement Ring (Set) - Laura Milman New York,Lab-Grown Dutch Marquise Diamond Ring Set in 14K Yellow Gold by Laura Milman New York,identical-across-images
gid://shopify/Product/7582628446279,dutch-marquise-engagement-ring-set,fine/house/other,IMAGE,gid://shopify/MediaImage/25558259499079,Dutch Marquise Engagement Ring (Set) - Laura Milman New York,Lab-Grown Dutch Marquise Diamond Ring Set in 14K Yellow Gold — view 2,identical-across-images
gid://shopify/Product/7582628446279,dutch-marquise-engagement-ring-set,fine/house/other,IMAGE,gid://shopify/MediaImage/25564217638983,Dutch Marquise Engagement Ring (Set) - Laura Milman New York,Lab-Grown Dutch Marquise Diamond Ring Set in 14K Yellow Gold — view 3,identical-across-images
gid://shopify/Product/7584547340359,lab-diamond-marquise-tennis-bracelet-6-65ct-bc14wtsmq650pin,fine/house/other,VIDEO,,Jewelry product video,Lab-Grown Marquise Diamond Tennis Bracelet in 14K White Gold — video,low-title-overlap
gid://shopify/Product/7584547340359,lab-diamond-marquise-tennis-bracelet-6-65ct-bc14wtsmq650pin,fine/house/other,IMAGE,gid://shopify/MediaImage/25564240543815,6.65 CT Marquise Lab Grown Diamond Tennis Bracelet in 14K White Gold,Lab-Grown Marquise Diamond Tennis Bracelet in 14K White Gold — view 2,low-title-overlap
gid://shopify/Product/7584547340359,lab-diamond-marquise-tennis-bracelet-6-65ct-bc14wtsmq650pin,fine/house/other,IMAGE,gid://shopify/MediaImage/25564240576583,6.65 CT Marquise Lab Grown Diamond Tennis Bracelet in 14K White Gold – close-up,Lab-Grown Marquise Diamond Tennis Bracelet in 14K White Gold — view 3,low-title-overlap
gid://shopify/Product/7584547340359,lab-diamond-marquise-tennis-bracelet-6-65ct-bc14wtsmq650pin,fine/house/other,IMAGE,gid://shopify/MediaImage/25564240609351,6.65 CT Marquise Lab Grown Diamond Tennis Bracelet in 14K White Gold – worn on wrist,Lab-Grown Marquise Diamond Tennis Bracelet in 14K White Gold — view 4,low-title-overlap
gid://shopify/Product/7584547373127,lab-diamond-pear-tennis-bracelet-8-61ct-bc14wtsps850pew,fine/house/other,VIDEO,,Jewelry product video,Lab Grown Pear Diamond Tennis Bracelet – 8.61 CT | 14K White Gold — video,low-title-overlap
gid://shopify/Product/7584547373127,lab-diamond-pear-tennis-bracelet-8-61ct-bc14wtsps850pew,fine/house/other,IMAGE,gid://shopify/MediaImage/25564240642119,8.61 CT Pear Lab Grown Diamond Tennis Bracelet in 14K White Gold,Lab Grown Pear Diamond Tennis Bracelet – 8.61 CT | 14K White Gold — view 2,low-title-overlap
gid://shopify/Product/7584547373127,lab-diamond-pear-tennis-bracelet-8-61ct-bc14wtsps850pew,fine/house/other,IMAGE,gid://shopify/MediaImage/25564240674887,8.61 CT Pear Lab Grown Diamond Tennis Bracelet in 14K White Gold – close-up,Lab Grown Pear Diamond Tennis Bracelet – 8.61 CT | 14K White Gold — view 3,low-title-overlap
gid://shopify/Product/7584547373127,lab-diamond-pear-tennis-bracelet-8-61ct-bc14wtsps850pew,fine/house/other,IMAGE,gid://shopify/MediaImage/25564240707655,8.61 CT Pear Lab Grown Diamond Tennis Bracelet in 14K White Gold – worn on wrist,Lab Grown Pear Diamond Tennis Bracelet – 8.61 CT | 14K White Gold — view 4,low-title-overlap
gid://shopify/Product/7584547733575,lab-grown-round-diamond-tennis-bracelet-054-ct-14k-white-gold-bc4494a,fine/house/other,VIDEO,,lab grown round diamond tennis bracelet 054 ct 14k white gold product video,Lab-Grown Round Diamond Tennis Bracelet in 14K White Gold — video,identical-across-images
gid://shopify/Product/7584547733575,lab-grown-round-diamond-tennis-bracelet-054-ct-14k-white-gold-bc4494a,fine/house/other,IMAGE,gid://shopify/MediaImage/25564242444359,0.54 CT Round Lab Grown Diamond Tennis Bracelet in 14K White Gold,Lab-Grown Round Diamond Tennis Bracelet in 14K White Gold — view 2,identical-across-images
gid://shopify/Product/7584547733575,lab-grown-round-diamond-tennis-bracelet-054-ct-14k-white-gold-bc4494a,fine/house/other,IMAGE,gid://shopify/MediaImage/25564242477127,0.54 CT Round Lab Grown Diamond Tennis Bracelet in 14K White Gold,Lab-Grown Round Diamond Tennis Bracelet in 14K White Gold — view 3,identical-across-images
gid://shopify/Product/7584547733575,lab-grown-round-diamond-tennis-bracelet-054-ct-14k-white-gold-bc4494a,fine/house/other,IMAGE,gid://shopify/MediaImage/25564242509895,0.54 CT Round Lab Grown Diamond Tennis Bracelet in 14K White Gold,Lab-Grown Round Diamond Tennis Bracelet in 14K White Gold — view 4,identical-across-images
gid://shopify/Product/7584547766343,lab-grown-round-diamond-station-bracelet-065-ct-14k-yellow-gold-bc2423,fine/house/other,VIDEO,,lab grown round diamond station bracelet 065 ct 14k yellow gold product video,Lab Grown Round Diamond Station Bracelet – 0.65 CT | 14K Yellow Gold — video,identical-across-images
gid://shopify/Product/7584547766343,lab-grown-round-diamond-station-bracelet-065-ct-14k-yellow-gold-bc2423,fine/house/other,IMAGE,gid://shopify/MediaImage/25564242542663,0.65 CT Round Lab Grown Diamond Station Bracelet in 14K Yellow Gold,Lab Grown Round Diamond Station Bracelet – 0.65 CT | 14K Yellow Gold — view 2,identical-across-images
gid://shopify/Product/7584547766343,lab-grown-round-diamond-station-bracelet-065-ct-14k-yellow-gold-bc2423,fine/house/other,IMAGE,gid://shopify/MediaImage/25564242575431,0.65 CT Round Lab Grown Diamond Station Bracelet in 14K Yellow Gold,Lab Grown Round Diamond Station Bracelet – 0.65 CT | 14K Yellow Gold — view 3,identical-across-images
gid://shopify/Product/7584547766343,lab-grown-round-diamond-station-bracelet-065-ct-14k-yellow-gold-bc2423,fine/house/other,IMAGE,gid://shopify/MediaImage/25564242608199,0.65 CT Round Lab Grown Diamond Station Bracelet in 14K Yellow Gold,Lab Grown Round Diamond Station Bracelet – 0.65 CT | 14K Yellow Gold — view 4,identical-across-images
gid://shopify/Product/7584578961479,lab-grown-round-diamond-c-hoop-earrings-287-ct-14k-yellow-gold-er1578,fine/house/other,VIDEO,,lab grown round diamond c hoop earrings 287 ct 14k yellow gold product video,Lab-Grown Round Diamond C Hoop Earrings in 14K Yellow Gold — video,identical-across-images
gid://shopify/Product/7584578961479,lab-grown-round-diamond-c-hoop-earrings-287-ct-14k-yellow-gold-er1578,fine/house/other,IMAGE,gid://shopify/MediaImage/25564421619783,2.87 CT Round Lab Grown Diamond C Hoop Earrings in 14K Yellow Gold,Lab-Grown Round Diamond C Hoop Earrings in 14K Yellow Gold — view 2,identical-across-images
gid://shopify/Product/7584578961479,lab-grown-round-diamond-c-hoop-earrings-287-ct-14k-yellow-gold-er1578,fine/house/other,IMAGE,gid://shopify/MediaImage/25564421652551,2.87 CT Round Lab Grown Diamond C Hoop Earrings in 14K Yellow Gold,Lab-Grown Round Diamond C Hoop Earrings in 14K Yellow Gold — view 3,identical-across-images
gid://shopify/Product/7584578961479,lab-grown-round-diamond-c-hoop-earrings-287-ct-14k-yellow-gold-er1578,fine/house/other,IMAGE,gid://shopify/MediaImage/25564421685319,2.87 CT Round Lab Grown Diamond C Hoop Earrings in 14K Yellow Gold,Lab-Grown Round Diamond C Hoop Earrings in 14K Yellow Gold — view 4,identical-across-images
gid://shopify/Product/7584578961479,lab-grown-round-diamond-c-hoop-earrings-287-ct-14k-yellow-gold-er1578,fine/house/other,IMAGE,gid://shopify/MediaImage/25564421718087,2.87 CT Round Lab Grown Diamond C Hoop Earrings in 14K Yellow Gold,Lab-Grown Round Diamond C Hoop Earrings in 14K Yellow Gold — view 5,identical-across-images
gid://shopify/Product/7584578994247,lab-grown-round-diamond-hoop-earrings-103-ct-14k-white-gold-er8771,fine/house/other,VIDEO,,lab grown round diamond hoop earrings 103 ct 14k white gold er8771 product video,Lab-Grown Round Diamond Hoop Earrings in 14K White Gold — video,identical-across-images
gid://shopify/Product/7584578994247,lab-grown-round-diamond-hoop-earrings-103-ct-14k-white-gold-er8771,fine/house/other,IMAGE,gid://shopify/MediaImage/25564421783623,1.03 CT Round Lab Grown Diamond Hoop Earrings in 14K White Gold,Lab-Grown Round Diamond Hoop Earrings in 14K White Gold — view 2,identical-across-images
gid://shopify/Product/7584578994247,lab-grown-round-diamond-hoop-earrings-103-ct-14k-white-gold-er8771,fine/house/other,IMAGE,gid://shopify/MediaImage/25564421816391,1.03 CT Round Lab Grown Diamond Hoop Earrings in 14K White Gold,Lab-Grown Round Diamond Hoop Earrings in 14K White Gold — view 3,identical-across-images
gid://shopify/Product/7584578994247,lab-grown-round-diamond-hoop-earrings-103-ct-14k-white-gold-er8771,fine/house/other,IMAGE,gid://shopify/MediaImage/25564421849159,1.03 CT Round Lab Grown Diamond Hoop Earrings in 14K White Gold,Lab-Grown Round Diamond Hoop Earrings in 14K White Gold — view 4,identical-across-images
gid://shopify/Product/7584579027015,lab-grown-round-diamond-hoop-earrings-278-ct-14k-yellow-gold-er7651,fine/house/other,VIDEO,,lab grown round diamond hoop earrings 278 ct 14k yellow gold er7651 product video,Lab-Grown Round Diamond Hoop Earrings in 14K Yellow Gold — video,identical-across-images
gid://shopify/Product/7584579027015,lab-grown-round-diamond-hoop-earrings-278-ct-14k-yellow-gold-er7651,fine/house/other,IMAGE,gid://shopify/MediaImage/25564421947463,2.78 CT Round Lab Grown Diamond Hoop Earrings in 14K Yellow Gold,Lab-Grown Round Diamond Hoop Earrings in 14K Yellow Gold — view 2,identical-across-images
gid://shopify/Product/7584579027015,lab-grown-round-diamond-hoop-earrings-278-ct-14k-yellow-gold-er7651,fine/house/other,IMAGE,gid://shopify/MediaImage/25564421980231,2.78 CT Round Lab Grown Diamond Hoop Earrings in 14K Yellow Gold,Lab-Grown Round Diamond Hoop Earrings in 14K Yellow Gold — view 3,identical-across-images
gid://shopify/Product/7584579027015,lab-grown-round-diamond-hoop-earrings-278-ct-14k-yellow-gold-er7651,fine/house/other,IMAGE,gid://shopify/MediaImage/25564422012999,2.78 CT Round Lab Grown Diamond Hoop Earrings in 14K Yellow Gold,Lab-Grown Round Diamond Hoop Earrings in 14K Yellow Gold — view 4,identical-across-images
gid://shopify/Product/7584579027015,lab-grown-round-diamond-hoop-earrings-278-ct-14k-yellow-gold-er7651,fine/house/other,IMAGE,gid://shopify/MediaImage/25564422045767,2.78 CT Round Lab Grown Diamond Hoop Earrings in 14K Yellow Gold,Lab-Grown Round Diamond Hoop Earrings in 14K Yellow Gold — view 5,identical-across-images
gid://shopify/Product/7584579059783,lab-grown-round-diamond-hoop-earrings-101-ct-14k-yellow-gold-er9257,fine/house/other,VIDEO,,lab grown round diamond hoop earrings 101 ct 14k yellow gold product video,Lab-Grown Round Diamond Hoop Earrings in 14K Yellow Gold — video,identical-across-images
gid://shopify/Product/7584579059783,lab-grown-round-diamond-hoop-earrings-101-ct-14k-yellow-gold-er9257,fine/house/other,IMAGE,gid://shopify/MediaImage/25564422209607,1.01 CT Round Lab Grown Diamond Hoop Earrings in 14K Yellow Gold,Lab-Grown Round Diamond Hoop Earrings in 14K Yellow Gold — view 2,identical-across-images
gid://shopify/Product/7584579059783,lab-grown-round-diamond-hoop-earrings-101-ct-14k-yellow-gold-er9257,fine/house/other,IMAGE,gid://shopify/MediaImage/25564422242375,1.01 CT Round Lab Grown Diamond Hoop Earrings in 14K Yellow Gold,Lab-Grown Round Diamond Hoop Earrings in 14K Yellow Gold — view 3,identical-across-images
gid://shopify/Product/7584579059783,lab-grown-round-diamond-hoop-earrings-101-ct-14k-yellow-gold-er9257,fine/house/other,IMAGE,gid://shopify/MediaImage/25564422275143,1.01 CT Round Lab Grown Diamond Hoop Earrings in 14K Yellow Gold,Lab-Grown Round Diamond Hoop Earrings in 14K Yellow Gold — view 4,identical-across-images
gid://shopify/Product/7584579092551,lab-grown-round-diamond-hoop-earrings-434-ct-14k-white-gold-er17745,fine/house/other,VIDEO,,lab grown round diamond hoop earrings 434 ct 14k white gold product video,Lab-Grown Round Diamond Hoop Earrings in 14K White Gold — video,identical-across-images
gid://shopify/Product/7584579092551,lab-grown-round-diamond-hoop-earrings-434-ct-14k-white-gold-er17745,fine/house/other,IMAGE,gid://shopify/MediaImage/25564422340679,4.34 CT Round Lab Grown Diamond Hoop Earrings in 14K White Gold,Lab-Grown Round Diamond Hoop Earrings in 14K White Gold — view 2,identical-across-images
gid://shopify/Product/7584579092551,lab-grown-round-diamond-hoop-earrings-434-ct-14k-white-gold-er17745,fine/house/other,IMAGE,gid://shopify/MediaImage/25564422373447,4.34 CT Round Lab Grown Diamond Hoop Earrings in 14K White Gold,Lab-Grown Round Diamond Hoop Earrings in 14K White Gold — view 3,identical-across-images
gid://shopify/Product/7584579092551,lab-grown-round-diamond-hoop-earrings-434-ct-14k-white-gold-er17745,fine/house/other,IMAGE,gid://shopify/MediaImage/25564422406215,4.34 CT Round Lab Grown Diamond Hoop Earrings in 14K White Gold,Lab-Grown Round Diamond Hoop Earrings in 14K White Gold — view 4,identical-across-images
gid://shopify/Product/7584579256391,lab-grown-round-diamond-huggie-earrings-201-ct-14k-yellow-gold-er7955,fine/house/other,VIDEO,,lab grown round diamond huggie earrings 201 ct 14k yellow gold er7955 product video,Lab-Grown Round Diamond Huggie Earrings in 14K Yellow Gold — video,identical-across-images
gid://shopify/Product/7584579256391,lab-grown-round-diamond-huggie-earrings-201-ct-14k-yellow-gold-er7955,fine/house/other,IMAGE,gid://shopify/MediaImage/25564422930503,2.01 CT Round Lab Grown Diamond Huggie Earrings in 14K Yellow Gold,Lab-Grown Round Diamond Huggie Earrings in 14K Yellow Gold — view 2,identical-across-images
gid://shopify/Product/7584579256391,lab-grown-round-diamond-huggie-earrings-201-ct-14k-yellow-gold-er7955,fine/house/other,IMAGE,gid://shopify/MediaImage/25564422963271,2.01 CT Round Lab Grown Diamond Huggie Earrings in 14K Yellow Gold,Lab-Grown Round Diamond Huggie Earrings in 14K Yellow Gold — view 3,identical-across-images
gid://shopify/Product/7584579256391,lab-grown-round-diamond-huggie-earrings-201-ct-14k-yellow-gold-er7955,fine/house/other,IMAGE,gid://shopify/MediaImage/25564422996039,2.01 CT Round Lab Grown Diamond Huggie Earrings in 14K Yellow Gold,Lab-Grown Round Diamond Huggie Earrings in 14K Yellow Gold — view 4,identical-across-images
gid://shopify/Product/7584579256391,lab-grown-round-diamond-huggie-earrings-201-ct-14k-yellow-gold-er7955,fine/house/other,IMAGE,gid://shopify/MediaImage/25564423028807,2.01 CT Round Lab Grown Diamond Huggie Earrings in 14K Yellow Gold,Lab-Grown Round Diamond Huggie Earrings in 14K Yellow Gold — view 5,identical-across-images
gid://shopify/Product/7584579289159,lab-grown-round-diamond-huggie-earrings-387-ct-14k-yellow-gold-er8915,fine/house/other,VIDEO,,lab grown round diamond huggie earrings 387 ct 14k yellow gold product video,Lab-Grown Round Diamond Huggie Earrings in 14K Yellow Gold — video,identical-across-images
gid://shopify/Product/7584579289159,lab-grown-round-diamond-huggie-earrings-387-ct-14k-yellow-gold-er8915,fine/house/other,IMAGE,gid://shopify/MediaImage/25564423061575,3.87 CT Round Lab Grown Diamond Huggie Earrings in 14K Yellow Gold,Lab-Grown Round Diamond Huggie Earrings in 14K Yellow Gold — view 2,identical-across-images
gid://shopify/Product/7584579289159,lab-grown-round-diamond-huggie-earrings-387-ct-14k-yellow-gold-er8915,fine/house/other,IMAGE,gid://shopify/MediaImage/25564423094343,3.87 CT Round Lab Grown Diamond Huggie Earrings in 14K Yellow Gold,Lab-Grown Round Diamond Huggie Earrings in 14K Yellow Gold — view 3,identical-across-images
gid://shopify/Product/7584579289159,lab-grown-round-diamond-huggie-earrings-387-ct-14k-yellow-gold-er8915,fine/house/other,IMAGE,gid://shopify/MediaImage/25564423127111,3.87 CT Round Lab Grown Diamond Huggie Earrings in 14K Yellow Gold,Lab-Grown Round Diamond Huggie Earrings in 14K Yellow Gold — view 4,identical-across-images
gid://shopify/Product/7584579289159,lab-grown-round-diamond-huggie-earrings-387-ct-14k-yellow-gold-er8915,fine/house/other,IMAGE,gid://shopify/MediaImage/25564423159879,3.87 CT Round Lab Grown Diamond Huggie Earrings in 14K Yellow Gold,Lab-Grown Round Diamond Huggie Earrings in 14K Yellow Gold — view 5,identical-across-images
gid://shopify/Product/7584579321927,lab-grown-round-diamond-huggie-earrings-1-ct-14k-yellow-gold-er12156,fine/house/other,VIDEO,,lab grown round diamond huggie earrings 1 ct 14k yellow gold product video,Lab-Grown Round Diamond Huggie Earrings in 14K Yellow Gold — video,identical-across-images
gid://shopify/Product/7584579321927,lab-grown-round-diamond-huggie-earrings-1-ct-14k-yellow-gold-er12156,fine/house/other,IMAGE,gid://shopify/MediaImage/25564423356487,1 CT Round Lab Grown Diamond Huggie Earrings in 14K Yellow Gold,Lab-Grown Round Diamond Huggie Earrings in 14K Yellow Gold — view 2,identical-across-images
gid://shopify/Product/7584579321927,lab-grown-round-diamond-huggie-earrings-1-ct-14k-yellow-gold-er12156,fine/house/other,IMAGE,gid://shopify/MediaImage/25564423389255,1 CT Round Lab Grown Diamond Huggie Earrings in 14K Yellow Gold,Lab-Grown Round Diamond Huggie Earrings in 14K Yellow Gold — view 3,identical-across-images
gid://shopify/Product/7584579321927,lab-grown-round-diamond-huggie-earrings-1-ct-14k-yellow-gold-er12156,fine/house/other,IMAGE,gid://shopify/MediaImage/25564423422023,1 CT Round Lab Grown Diamond Huggie Earrings in 14K Yellow Gold,Lab-Grown Round Diamond Huggie Earrings in 14K Yellow Gold — view 4,identical-across-images
gid://shopify/Product/7584579354695,lab-grown-round-diamond-huggie-earrings-126-ct-14k-yellow-gold-er12149,fine/house/other,VIDEO,,lab grown round diamond huggie earrings 126 ct 14k yellow gold product video,Lab-Grown Round Diamond Huggie Earrings in 14K Yellow Gold — video,identical-across-images
gid://shopify/Product/7584579354695,lab-grown-round-diamond-huggie-earrings-126-ct-14k-yellow-gold-er12149,fine/house/other,IMAGE,gid://shopify/MediaImage/25564423454791,1.26 CT Round Lab Grown Diamond Huggie Earrings in 14K Yellow Gold,Lab-Grown Round Diamond Huggie Earrings in 14K Yellow Gold — view 2,identical-across-images
gid://shopify/Product/7584579354695,lab-grown-round-diamond-huggie-earrings-126-ct-14k-yellow-gold-er12149,fine/house/other,IMAGE,gid://shopify/MediaImage/25564423487559,1.26 CT Round Lab Grown Diamond Huggie Earrings in 14K Yellow Gold,Lab-Grown Round Diamond Huggie Earrings in 14K Yellow Gold — view 3,identical-across-images
gid://shopify/Product/7584579354695,lab-grown-round-diamond-huggie-earrings-126-ct-14k-yellow-gold-er12149,fine/house/other,IMAGE,gid://shopify/MediaImage/25564423520327,1.26 CT Round Lab Grown Diamond Huggie Earrings in 14K Yellow Gold,Lab-Grown Round Diamond Huggie Earrings in 14K Yellow Gold — view 4,identical-across-images
gid://shopify/Product/7584579354695,lab-grown-round-diamond-huggie-earrings-126-ct-14k-yellow-gold-er12149,fine/house/other,IMAGE,gid://shopify/MediaImage/25564423553095,1.26 CT Round Lab Grown Diamond Huggie Earrings in 14K Yellow Gold,Lab-Grown Round Diamond Huggie Earrings in 14K Yellow Gold — view 5,identical-across-images
gid://shopify/Product/7584579387463,lab-grown-round-diamond-huggie-earrings-189-ct-14k-white-gold-er11896,fine/house/other,VIDEO,,lab grown round diamond huggie earrings 189 ct 14k white gold product video,Lab-Grown Round Diamond Huggie Earrings in 14K White Gold — video,identical-across-images
gid://shopify/Product/7584579387463,lab-grown-round-diamond-huggie-earrings-189-ct-14k-white-gold-er11896,fine/house/other,IMAGE,gid://shopify/MediaImage/25564423585863,1.89 CT Round Lab Grown Diamond Huggie Earrings in 14K White Gold,Lab-Grown Round Diamond Huggie Earrings in 14K White Gold — view 2,identical-across-images
gid://shopify/Product/7584579387463,lab-grown-round-diamond-huggie-earrings-189-ct-14k-white-gold-er11896,fine/house/other,IMAGE,gid://shopify/MediaImage/25564423618631,1.89 CT Round Lab Grown Diamond Huggie Earrings in 14K White Gold,Lab-Grown Round Diamond Huggie Earrings in 14K White Gold — view 3,identical-across-images
gid://shopify/Product/7584579387463,lab-grown-round-diamond-huggie-earrings-189-ct-14k-white-gold-er11896,fine/house/other,IMAGE,gid://shopify/MediaImage/25564423651399,1.89 CT Round Lab Grown Diamond Huggie Earrings in 14K White Gold,Lab-Grown Round Diamond Huggie Earrings in 14K White Gold — view 4,identical-across-images
gid://shopify/Product/7584579387463,lab-grown-round-diamond-huggie-earrings-189-ct-14k-white-gold-er11896,fine/house/other,IMAGE,gid://shopify/MediaImage/25564423684167,1.89 CT Round Lab Grown Diamond Huggie Earrings in 14K White Gold,Lab-Grown Round Diamond Huggie Earrings in 14K White Gold — view 5,identical-across-images
gid://shopify/Product/7584579420231,lab-grown-round-diamond-huggie-earrings-1-ct-14k-yellow-gold-er12395,fine/house/other,VIDEO,,lab grown round diamond huggie earrings 1 ct 14k yellow gold product video,Lab-Grown Round Diamond Huggie Earrings in 14K Yellow Gold — video,identical-across-images
gid://shopify/Product/7584579420231,lab-grown-round-diamond-huggie-earrings-1-ct-14k-yellow-gold-er12395,fine/house/other,IMAGE,gid://shopify/MediaImage/25564423716935,1 CT Round Lab Grown Diamond Huggie Earrings in 14K Yellow Gold,Lab-Grown Round Diamond Huggie Earrings in 14K Yellow Gold — view 2,identical-across-images
gid://shopify/Product/7584579420231,lab-grown-round-diamond-huggie-earrings-1-ct-14k-yellow-gold-er12395,fine/house/other,IMAGE,gid://shopify/MediaImage/25564423749703,1 CT Round Lab Grown Diamond Huggie Earrings in 14K Yellow Gold,Lab-Grown Round Diamond Huggie Earrings in 14K Yellow Gold — view 3,identical-across-images
gid://shopify/Product/7584579420231,lab-grown-round-diamond-huggie-earrings-1-ct-14k-yellow-gold-er12395,fine/house/other,IMAGE,gid://shopify/MediaImage/25564423782471,1 CT Round Lab Grown Diamond Huggie Earrings in 14K Yellow Gold,Lab-Grown Round Diamond Huggie Earrings in 14K Yellow Gold — view 4,identical-across-images
gid://shopify/Product/7584579420231,lab-grown-round-diamond-huggie-earrings-1-ct-14k-yellow-gold-er12395,fine/house/other,IMAGE,gid://shopify/MediaImage/25564423815239,1 CT Round Lab Grown Diamond Huggie Earrings in 14K Yellow Gold,Lab-Grown Round Diamond Huggie Earrings in 14K Yellow Gold — view 5,identical-across-images
gid://shopify/Product/7584579452999,lab-grown-round-diamond-huggie-earrings-041-ct-14k-white-gold-er12533,fine/house/other,VIDEO,,lab grown round diamond huggie earrings 041 ct 14k white gold product video,Lab-Grown Round Diamond Huggie Earrings in 14K White Gold — video,identical-across-images
gid://shopify/Product/7584579452999,lab-grown-round-diamond-huggie-earrings-041-ct-14k-white-gold-er12533,fine/house/other,IMAGE,gid://shopify/MediaImage/25564423848007,0.41 CT Round Lab Grown Diamond Huggie Earrings in 14K White Gold,Lab-Grown Round Diamond Huggie Earrings in 14K White Gold — view 2,identical-across-images
gid://shopify/Product/7584579452999,lab-grown-round-diamond-huggie-earrings-041-ct-14k-white-gold-er12533,fine/house/other,IMAGE,gid://shopify/MediaImage/25564423880775,0.41 CT Round Lab Grown Diamond Huggie Earrings in 14K White Gold,Lab-Grown Round Diamond Huggie Earrings in 14K White Gold — view 3,identical-across-images
gid://shopify/Product/7584579452999,lab-grown-round-diamond-huggie-earrings-041-ct-14k-white-gold-er12533,fine/house/other,IMAGE,gid://shopify/MediaImage/25564423913543,0.41 CT Round Lab Grown Diamond Huggie Earrings in 14K White Gold,Lab-Grown Round Diamond Huggie Earrings in 14K White Gold — view 4,identical-across-images
gid://shopify/Product/7584579452999,lab-grown-round-diamond-huggie-earrings-041-ct-14k-white-gold-er12533,fine/house/other,IMAGE,gid://shopify/MediaImage/25564423946311,0.41 CT Round Lab Grown Diamond Huggie Earrings in 14K White Gold,Lab-Grown Round Diamond Huggie Earrings in 14K White Gold — view 5,identical-across-images
gid://shopify/Product/7584579485767,lab-grown-round-diamond-huggie-earrings-246-ct-14k-yellow-gold-er18392,fine/house/other,VIDEO,,lab grown round diamond huggie earrings 246 ct 14k yellow gold product video,Lab-Grown Round Diamond Huggie Earrings in 14K Yellow Gold — video,identical-across-images
gid://shopify/Product/7584579485767,lab-grown-round-diamond-huggie-earrings-246-ct-14k-yellow-gold-er18392,fine/house/other,IMAGE,gid://shopify/MediaImage/25564423979079,2.46 CT Round Lab Grown Diamond Huggie Earrings in 14K Yellow Gold,Lab-Grown Round Diamond Huggie Earrings in 14K Yellow Gold — view 2,identical-across-images
gid://shopify/Product/7584579485767,lab-grown-round-diamond-huggie-earrings-246-ct-14k-yellow-gold-er18392,fine/house/other,IMAGE,gid://shopify/MediaImage/25564424011847,2.46 CT Round Lab Grown Diamond Huggie Earrings in 14K Yellow Gold,Lab-Grown Round Diamond Huggie Earrings in 14K Yellow Gold — view 3,identical-across-images
gid://shopify/Product/7584579485767,lab-grown-round-diamond-huggie-earrings-246-ct-14k-yellow-gold-er18392,fine/house/other,IMAGE,gid://shopify/MediaImage/25564424044615,2.46 CT Round Lab Grown Diamond Huggie Earrings in 14K Yellow Gold,Lab-Grown Round Diamond Huggie Earrings in 14K Yellow Gold — view 4,identical-across-images
gid://shopify/Product/7584579485767,lab-grown-round-diamond-huggie-earrings-246-ct-14k-yellow-gold-er18392,fine/house/other,IMAGE,gid://shopify/MediaImage/25564424077383,2.46 CT Round Lab Grown Diamond Huggie Earrings in 14K Yellow Gold,Lab-Grown Round Diamond Huggie Earrings in 14K Yellow Gold — view 5,identical-across-images
gid://shopify/Product/7584579551303,lab-grown-emerald-diamond-huggie-earrings-037-ct-14k-white-gold-er17793,fine/house/other,VIDEO,,lab grown emerald diamond huggie earrings 037 ct 14k white gold product video,Lab-Grown Emerald Diamond Huggie Earrings in 14K White Gold — video,identical-across-images
gid://shopify/Product/7584579551303,lab-grown-emerald-diamond-huggie-earrings-037-ct-14k-white-gold-er17793,fine/house/other,IMAGE,gid://shopify/MediaImage/25564424110151,0.37 CT Emerald Lab Grown Diamond Huggie Earrings in 14K White Gold,Lab-Grown Emerald Diamond Huggie Earrings in 14K White Gold — view 2,identical-across-images
gid://shopify/Product/7584579551303,lab-grown-emerald-diamond-huggie-earrings-037-ct-14k-white-gold-er17793,fine/house/other,IMAGE,gid://shopify/MediaImage/25564424142919,0.37 CT Emerald Lab Grown Diamond Huggie Earrings in 14K White Gold,Lab-Grown Emerald Diamond Huggie Earrings in 14K White Gold — view 3,identical-across-images
gid://shopify/Product/7584579551303,lab-grown-emerald-diamond-huggie-earrings-037-ct-14k-white-gold-er17793,fine/house/other,IMAGE,gid://shopify/MediaImage/25564424175687,0.37 CT Emerald Lab Grown Diamond Huggie Earrings in 14K White Gold,Lab-Grown Emerald Diamond Huggie Earrings in 14K White Gold — view 4,identical-across-images
gid://shopify/Product/7584579551303,lab-grown-emerald-diamond-huggie-earrings-037-ct-14k-white-gold-er17793,fine/house/other,IMAGE,gid://shopify/MediaImage/25564424208455,0.37 CT Emerald Lab Grown Diamond Huggie Earrings in 14K White Gold,Lab-Grown Emerald Diamond Huggie Earrings in 14K White Gold — view 5,identical-across-images
gid://shopify/Product/7584579616839,lab-grown-emerald-diamond-huggie-earrings-041-ct-14k-yellow-gold-er17790,fine/house/other,VIDEO,,lab grown emerald diamond huggie earrings 041 ct 14k yellow gold product video,Lab-Grown Emerald Diamond Huggie Earrings in 14K Yellow Gold — video,identical-across-images
gid://shopify/Product/7584579616839,lab-grown-emerald-diamond-huggie-earrings-041-ct-14k-yellow-gold-er17790,fine/house/other,IMAGE,gid://shopify/MediaImage/25564424470599,0.41 CT Emerald Lab Grown Diamond Huggie Earrings in 14K Yellow Gold,Lab-Grown Emerald Diamond Huggie Earrings in 14K Yellow Gold — view 2,identical-across-images
gid://shopify/Product/7584579616839,lab-grown-emerald-diamond-huggie-earrings-041-ct-14k-yellow-gold-er17790,fine/house/other,IMAGE,gid://shopify/MediaImage/25564424503367,0.41 CT Emerald Lab Grown Diamond Huggie Earrings in 14K Yellow Gold,Lab-Grown Emerald Diamond Huggie Earrings in 14K Yellow Gold — view 3,identical-across-images
gid://shopify/Product/7584579616839,lab-grown-emerald-diamond-huggie-earrings-041-ct-14k-yellow-gold-er17790,fine/house/other,IMAGE,gid://shopify/MediaImage/25564424536135,0.41 CT Emerald Lab Grown Diamond Huggie Earrings in 14K Yellow Gold,Lab-Grown Emerald Diamond Huggie Earrings in 14K Yellow Gold — view 4,identical-across-images
gid://shopify/Product/7584579616839,lab-grown-emerald-diamond-huggie-earrings-041-ct-14k-yellow-gold-er17790,fine/house/other,IMAGE,gid://shopify/MediaImage/25564424568903,0.41 CT Emerald Lab Grown Diamond Huggie Earrings in 14K Yellow Gold,Lab-Grown Emerald Diamond Huggie Earrings in 14K Yellow Gold — view 5,identical-across-images
gid://shopify/Product/7584579911751,lab-grown-pear-diamond-drop-earrings-056-ct-14k-two-tone-er10454,fine/house/other,VIDEO,,lab grown pear diamond drop earrings 056 ct 14k two tone product video,Lab-Grown Pear Diamond Drop Earrings in 14K Two Tone Gold — video,identical-across-images
gid://shopify/Product/7584579911751,lab-grown-pear-diamond-drop-earrings-056-ct-14k-two-tone-er10454,fine/house/other,IMAGE,gid://shopify/MediaImage/25564426567751,0.56 CT Pear Lab Grown Diamond Drop Earrings in 14K Two Tone,Lab-Grown Pear Diamond Drop Earrings in 14K Two Tone Gold — view 2,identical-across-images
gid://shopify/Product/7584579911751,lab-grown-pear-diamond-drop-earrings-056-ct-14k-two-tone-er10454,fine/house/other,IMAGE,gid://shopify/MediaImage/25564426600519,0.56 CT Pear Lab Grown Diamond Drop Earrings in 14K Two Tone,Lab-Grown Pear Diamond Drop Earrings in 14K Two Tone Gold — view 3,identical-across-images
gid://shopify/Product/7584579911751,lab-grown-pear-diamond-drop-earrings-056-ct-14k-two-tone-er10454,fine/house/other,IMAGE,gid://shopify/MediaImage/25564426633287,0.56 CT Pear Lab Grown Diamond Drop Earrings in 14K Two Tone,Lab-Grown Pear Diamond Drop Earrings in 14K Two Tone Gold — view 4,identical-across-images
gid://shopify/Product/7584579911751,lab-grown-pear-diamond-drop-earrings-056-ct-14k-two-tone-er10454,fine/house/other,IMAGE,gid://shopify/MediaImage/25564426666055,0.56 CT Pear Lab Grown Diamond Drop Earrings in 14K Two Tone,Lab-Grown Pear Diamond Drop Earrings in 14K Two Tone Gold — view 5,identical-across-images
gid://shopify/Product/7584579944519,lab-grown-emerald-diamond-drop-earrings-108-ct-14k-yellow-gold-er16205,fine/house/other,VIDEO,,lab grown emerald diamond drop earrings 108 ct 14k yellow gold product video,Lab-Grown Emerald Diamond Drop Earrings in 14K Yellow Gold — video,identical-across-images
gid://shopify/Product/7584579944519,lab-grown-emerald-diamond-drop-earrings-108-ct-14k-yellow-gold-er16205,fine/house/other,IMAGE,gid://shopify/MediaImage/25564426698823,1.08 CT Emerald Lab Grown Diamond Drop Earrings in 14K Yellow Gold,Lab-Grown Emerald Diamond Drop Earrings in 14K Yellow Gold — view 2,identical-across-images
gid://shopify/Product/7584579944519,lab-grown-emerald-diamond-drop-earrings-108-ct-14k-yellow-gold-er16205,fine/house/other,IMAGE,gid://shopify/MediaImage/25564426731591,1.08 CT Emerald Lab Grown Diamond Drop Earrings in 14K Yellow Gold,Lab-Grown Emerald Diamond Drop Earrings in 14K Yellow Gold — view 3,identical-across-images
gid://shopify/Product/7584579944519,lab-grown-emerald-diamond-drop-earrings-108-ct-14k-yellow-gold-er16205,fine/house/other,IMAGE,gid://shopify/MediaImage/25564426764359,1.08 CT Emerald Lab Grown Diamond Drop Earrings in 14K Yellow Gold,Lab-Grown Emerald Diamond Drop Earrings in 14K Yellow Gold — view 4,identical-across-images
gid://shopify/Product/7584579944519,lab-grown-emerald-diamond-drop-earrings-108-ct-14k-yellow-gold-er16205,fine/house/other,IMAGE,gid://shopify/MediaImage/25564426797127,1.08 CT Emerald Lab Grown Diamond Drop Earrings in 14K Yellow Gold,Lab-Grown Emerald Diamond Drop Earrings in 14K Yellow Gold — view 5,identical-across-images
gid://shopify/Product/7584579977287,lab-grown-round-diamond-drop-earrings-314-ct-14k-yellow-gold-er12619,fine/house/other,VIDEO,,lab grown round diamond drop earrings 314 ct 14k yellow gold product video,Lab-Grown Round Diamond Drop Earrings in 14K Yellow Gold — video,identical-across-images
gid://shopify/Product/7584579977287,lab-grown-round-diamond-drop-earrings-314-ct-14k-yellow-gold-er12619,fine/house/other,IMAGE,gid://shopify/MediaImage/25564426862663,3.14 CT Round Lab Grown Diamond Drop Earrings in 14K Yellow Gold,Lab-Grown Round Diamond Drop Earrings in 14K Yellow Gold — view 2,identical-across-images
gid://shopify/Product/7584579977287,lab-grown-round-diamond-drop-earrings-314-ct-14k-yellow-gold-er12619,fine/house/other,IMAGE,gid://shopify/MediaImage/25564426895431,3.14 CT Round Lab Grown Diamond Drop Earrings in 14K Yellow Gold,Lab-Grown Round Diamond Drop Earrings in 14K Yellow Gold — view 3,identical-across-images
gid://shopify/Product/7584579977287,lab-grown-round-diamond-drop-earrings-314-ct-14k-yellow-gold-er12619,fine/house/other,IMAGE,gid://shopify/MediaImage/25564426928199,3.14 CT Round Lab Grown Diamond Drop Earrings in 14K Yellow Gold,Lab-Grown Round Diamond Drop Earrings in 14K Yellow Gold — view 4,identical-across-images
gid://shopify/Product/7584579977287,lab-grown-round-diamond-drop-earrings-314-ct-14k-yellow-gold-er12619,fine/house/other,IMAGE,gid://shopify/MediaImage/25564426960967,3.14 CT Round Lab Grown Diamond Drop Earrings in 14K Yellow Gold,Lab-Grown Round Diamond Drop Earrings in 14K Yellow Gold — view 5,identical-across-images
gid://shopify/Product/7584580075591,lab-grown-round-diamond-hoop-earrings-201-ct-sterling-silver-er18711,fine/house/other,VIDEO,,lab grown round diamond hoop earrings 201 ct sterling silver product video,Lab-Grown Round Diamond Hoop Earrings in Sterling Silver — video,identical-across-images
gid://shopify/Product/7584580075591,lab-grown-round-diamond-hoop-earrings-201-ct-sterling-silver-er18711,fine/house/other,IMAGE,gid://shopify/MediaImage/25564427321415,2.01 CT Round Lab Grown Diamond Hoop Earrings in Sterling Silver,Lab-Grown Round Diamond Hoop Earrings in Sterling Silver — view 2,identical-across-images
gid://shopify/Product/7584580075591,lab-grown-round-diamond-hoop-earrings-201-ct-sterling-silver-er18711,fine/house/other,IMAGE,gid://shopify/MediaImage/25564427354183,2.01 CT Round Lab Grown Diamond Hoop Earrings in Sterling Silver,Lab-Grown Round Diamond Hoop Earrings in Sterling Silver — view 3,identical-across-images
gid://shopify/Product/7584580075591,lab-grown-round-diamond-hoop-earrings-201-ct-sterling-silver-er18711,fine/house/other,IMAGE,gid://shopify/MediaImage/25564427386951,2.01 CT Round Lab Grown Diamond Hoop Earrings in Sterling Silver,Lab-Grown Round Diamond Hoop Earrings in Sterling Silver — view 4,identical-across-images
gid://shopify/Product/7584580075591,lab-grown-round-diamond-hoop-earrings-201-ct-sterling-silver-er18711,fine/house/other,IMAGE,gid://shopify/MediaImage/25564427419719,2.01 CT Round Lab Grown Diamond Hoop Earrings in Sterling Silver,Lab-Grown Round Diamond Hoop Earrings in Sterling Silver — view 5,identical-across-images
gid://shopify/Product/7584583090247,lab-grown-marquise-diamond-stud-earrings-067-ct-14k-white-gold-er18519,fine/house/other,VIDEO,,lab grown marquise diamond stud earrings 067 ct 14k white gold product video,Lab-Grown Marquise Diamond Stud Earrings in 14K White Gold — video,identical-across-images
gid://shopify/Product/7584583090247,lab-grown-marquise-diamond-stud-earrings-067-ct-14k-white-gold-er18519,fine/house/other,IMAGE,gid://shopify/MediaImage/25564429516871,0.67 CT Marquise Lab Grown Diamond Stud Earrings in 14K White Gold,Lab-Grown Marquise Diamond Stud Earrings in 14K White Gold — view 2,identical-across-images
gid://shopify/Product/7584583090247,lab-grown-marquise-diamond-stud-earrings-067-ct-14k-white-gold-er18519,fine/house/other,IMAGE,gid://shopify/MediaImage/25564429549639,0.67 CT Marquise Lab Grown Diamond Stud Earrings in 14K White Gold,Lab-Grown Marquise Diamond Stud Earrings in 14K White Gold — view 3,identical-across-images
gid://shopify/Product/7584583090247,lab-grown-marquise-diamond-stud-earrings-067-ct-14k-white-gold-er18519,fine/house/other,IMAGE,gid://shopify/MediaImage/25564429582407,0.67 CT Marquise Lab Grown Diamond Stud Earrings in 14K White Gold,Lab-Grown Marquise Diamond Stud Earrings in 14K White Gold — view 4,identical-across-images
gid://shopify/Product/7584583090247,lab-grown-marquise-diamond-stud-earrings-067-ct-14k-white-gold-er18519,fine/house/other,IMAGE,gid://shopify/MediaImage/25564429615175,0.67 CT Marquise Lab Grown Diamond Stud Earrings in 14K White Gold,Lab-Grown Marquise Diamond Stud Earrings in 14K White Gold — view 5,identical-across-images
gid://shopify/Product/7584583221319,lab-grown-round-diamond-symbol-earrings-003-ct-18k-yellow-gold-er8398,fine/house/other,VIDEO,,lab grown round diamond symbol earrings 003 ct 18k yellow gold product video,Lab-Grown Round Diamond Symbol Earrings in 18K Yellow Gold — video,identical-across-images
gid://shopify/Product/7584583221319,lab-grown-round-diamond-symbol-earrings-003-ct-18k-yellow-gold-er8398,fine/house/other,IMAGE,gid://shopify/MediaImage/25564429680711,0.03 CT Round Lab Grown Diamond Symbol Earrings in 18K Yellow Gold,Lab-Grown Round Diamond Symbol Earrings in 18K Yellow Gold — view 2,identical-across-images
gid://shopify/Product/7584583221319,lab-grown-round-diamond-symbol-earrings-003-ct-18k-yellow-gold-er8398,fine/house/other,IMAGE,gid://shopify/MediaImage/25564429713479,0.03 CT Round Lab Grown Diamond Symbol Earrings in 18K Yellow Gold,Lab-Grown Round Diamond Symbol Earrings in 18K Yellow Gold — view 3,identical-across-images
gid://shopify/Product/7584583221319,lab-grown-round-diamond-symbol-earrings-003-ct-18k-yellow-gold-er8398,fine/house/other,IMAGE,gid://shopify/MediaImage/25564429746247,0.03 CT Round Lab Grown Diamond Symbol Earrings in 18K Yellow Gold,Lab-Grown Round Diamond Symbol Earrings in 18K Yellow Gold — view 4,identical-across-images
gid://shopify/Product/7584583221319,lab-grown-round-diamond-symbol-earrings-003-ct-18k-yellow-gold-er8398,fine/house/other,IMAGE,gid://shopify/MediaImage/25564429779015,0.03 CT Round Lab Grown Diamond Symbol Earrings in 18K Yellow Gold,Lab-Grown Round Diamond Symbol Earrings in 18K Yellow Gold — view 5,identical-across-images
gid://shopify/Product/7584583352391,lab-grown-emerald-diamond-toi-et-moi-earrings-177-ct-14k-white-gold-er7618,fine/house/other,VIDEO,,lab grown emerald diamond toi et moi earrings 177 ct 14k white gold product video,Lab-Grown Emerald Diamond Toi et Moi Earrings in 14K White Gold — video,identical-across-images
gid://shopify/Product/7584583352391,lab-grown-emerald-diamond-toi-et-moi-earrings-177-ct-14k-white-gold-er7618,fine/house/other,IMAGE,gid://shopify/MediaImage/25564429811783,1.77 CT Emerald Lab Grown Diamond Toi et Moi Earrings in 14K White Gold,Lab-Grown Emerald Diamond Toi et Moi Earrings in 14K White Gold — view 2,identical-across-images
gid://shopify/Product/7584583352391,lab-grown-emerald-diamond-toi-et-moi-earrings-177-ct-14k-white-gold-er7618,fine/house/other,IMAGE,gid://shopify/MediaImage/25564429844551,1.77 CT Emerald Lab Grown Diamond Toi et Moi Earrings in 14K White Gold,Lab-Grown Emerald Diamond Toi et Moi Earrings in 14K White Gold — view 3,identical-across-images
gid://shopify/Product/7584583352391,lab-grown-emerald-diamond-toi-et-moi-earrings-177-ct-14k-white-gold-er7618,fine/house/other,IMAGE,gid://shopify/MediaImage/25564429877319,1.77 CT Emerald Lab Grown Diamond Toi et Moi Earrings in 14K White Gold,Lab-Grown Emerald Diamond Toi et Moi Earrings in 14K White Gold — view 4,identical-across-images
gid://shopify/Product/7584583352391,lab-grown-emerald-diamond-toi-et-moi-earrings-177-ct-14k-white-gold-er7618,fine/house/other,IMAGE,gid://shopify/MediaImage/25564429910087,1.77 CT Emerald Lab Grown Diamond Toi et Moi Earrings in 14K White Gold,Lab-Grown Emerald Diamond Toi et Moi Earrings in 14K White Gold — view 5,identical-across-images
gid://shopify/Product/7597302710343,diamond-pave-huggie-earrings-1,fine/house/other,IMAGE,gid://shopify/MediaImage/25650118033479,,Diamond Pavé Huggie Earrings in 18K White Gold by Laura Milman New York,missing
gid://shopify/Product/7597305397319,rose-gold-diamond-drop-earrings,fine/house/other,IMAGE,gid://shopify/MediaImage/25650202640455,,Diamond Drop Earrings in 14K Rose Gold by Laura Milman New York,missing
gid://shopify/Product/7597340491847,rose-gold-cluster-diamond-teardrop-earrings,fine/house/other,IMAGE,gid://shopify/MediaImage/25650924093511,,Cluster Diamond Teardrop Earrings in 18K Rose Gold by Laura Milman New York,missing
gid://shopify/Product/7597346979911,diamond-pear-drop-earrings-lab-grown,fine/house/other,IMAGE,gid://shopify/MediaImage/25651226869831,,Lab-Grown Pear and Round Diamond Drop Earrings in White Gold by Laura Milman New York,missing
gid://shopify/Product/7597871169607,diamond-halo-drop-earrings,fine/house/other,IMAGE,gid://shopify/MediaImage/25655802658887,,Diamond Halo Drop Earrings in White Gold by Laura Milman New York,missing
gid://shopify/Product/7599064318023,rose-gold-diamond-chandelier-earrings,fine/house/other,IMAGE,gid://shopify/MediaImage/25666816770119,,Diamond Chandelier Earrings in Rose Gold by Laura Milman New York,missing
gid://shopify/Product/7599288549447,diamond-bar-drop-earrings,fine/house/other,IMAGE,gid://shopify/MediaImage/25667921215559,,Diamond Bar Drop Earrings in White Gold by Laura Milman New York,missing
gid://shopify/Product/7599324168263,diamond-fringe-statement-earrings,fine/house/other,IMAGE,gid://shopify/MediaImage/25668458283079,,Diamond Fringe Statement Earrings in White Gold by Laura Milman New York,missing
gid://shopify/Product/7599339143239,ruby-diamond-stud-earrings,fine/house/other,IMAGE,gid://shopify/MediaImage/25668766236743,,Ruby & Diamond Stud Earrings in Yellow Gold by Laura Milman New York,missing
gid://shopify/Product/7645293379655,jacob-amp-company-limited-edition-five-time-zone-automatic-h-24,watch,IMAGE,gid://shopify/MediaImage/26038419423303,,Jacob & Co. Limited Edition Five Time Zone Automatic H-24,identical-across-images;missing
gid://shopify/Product/7645293379655,jacob-amp-company-limited-edition-five-time-zone-automatic-h-24,watch,IMAGE,gid://shopify/MediaImage/26038435512391,,Jacob & Co. Limited Edition Five Time Zone Automatic H-24 — view 2,identical-across-images;missing
gid://shopify/Product/7645293379655,jacob-amp-company-limited-edition-five-time-zone-automatic-h-24,watch,IMAGE,gid://shopify/MediaImage/26038435577927,,Jacob & Co. Limited Edition Five Time Zone Automatic H-24 — view 3,identical-across-images;missing
gid://shopify/Product/7645293379655,jacob-amp-company-limited-edition-five-time-zone-automatic-h-24,watch,IMAGE,gid://shopify/MediaImage/26038435643463,,Jacob & Co. Limited Edition Five Time Zone Automatic H-24 — view 4,identical-across-images;missing
gid://shopify/Product/7647043092551,jacob-company-epic-ii-automatic-chronograph-watch,watch,IMAGE,gid://shopify/MediaImage/26057384755271,,Jacob & Co. Epic II Automatic Chronograph Watch,identical-across-images;missing
gid://shopify/Product/7647043092551,jacob-company-epic-ii-automatic-chronograph-watch,watch,IMAGE,gid://shopify/MediaImage/26057386065991,,Jacob & Co. Epic II Automatic Chronograph Watch — view 2,identical-across-images;missing
gid://shopify/Product/7647043092551,jacob-company-epic-ii-automatic-chronograph-watch,watch,IMAGE,gid://shopify/MediaImage/26057386098759,,Jacob & Co. Epic II Automatic Chronograph Watch — view 3,identical-across-images;missing
gid://shopify/Product/7647043092551,jacob-company-epic-ii-automatic-chronograph-watch,watch,IMAGE,gid://shopify/MediaImage/26057386033223,,Jacob & Co. Epic II Automatic Chronograph Watch — view 4,identical-across-images;missing
gid://shopify/Product/7647117443143,jacob-company-five-time-zone-watch,watch,IMAGE,gid://shopify/MediaImage/26057735929927,,Jacob & Co. Five Time Zone Watch,identical-across-images;missing
gid://shopify/Product/7647117443143,jacob-company-five-time-zone-watch,watch,IMAGE,gid://shopify/MediaImage/26057733636167,,Jacob & Co. Five Time Zone Watch — view 2,identical-across-images;missing
gid://shopify/Product/7647117443143,jacob-company-five-time-zone-watch,watch,IMAGE,gid://shopify/MediaImage/26057733668935,,Jacob & Co. Five Time Zone Watch — view 3,identical-across-images;missing
gid://shopify/Product/7647117443143,jacob-company-five-time-zone-watch,watch,IMAGE,gid://shopify/MediaImage/26057733701703,,Jacob & Co. Five Time Zone Watch — view 4,identical-across-images;missing
gid://shopify/Product/7647130026055,jacob-amp-company-ghost-collection-digital-watch-with-diamonds,watch,IMAGE,gid://shopify/MediaImage/26057838723143,,Jacob & Co. Ghost Collection Digital Watch with Diamonds,identical-across-images;missing
gid://shopify/Product/7647130026055,jacob-amp-company-ghost-collection-digital-watch-with-diamonds,watch,IMAGE,gid://shopify/MediaImage/26057842458695,,Jacob & Co. Ghost Collection Digital Watch with Diamonds — view 2,identical-across-images;missing
gid://shopify/Product/7647130026055,jacob-amp-company-ghost-collection-digital-watch-with-diamonds,watch,IMAGE,gid://shopify/MediaImage/26057842491463,,Jacob & Co. Ghost Collection Digital Watch with Diamonds — view 3,identical-across-images;missing
gid://shopify/Product/7647130026055,jacob-amp-company-ghost-collection-digital-watch-with-diamonds,watch,IMAGE,gid://shopify/MediaImage/26057842524231,,Jacob & Co. Ghost Collection Digital Watch with Diamonds — view 4,identical-across-images;missing
gid://shopify/Product/7647228788807,jacob-company-automatic-chronograph-watch,watch,IMAGE,gid://shopify/MediaImage/26059121492039,,Jacob & Co. Automatic Chronograph Watch,identical-across-images;missing
gid://shopify/Product/7647228788807,jacob-company-automatic-chronograph-watch,watch,IMAGE,gid://shopify/MediaImage/26059131682887,,Jacob & Co. Automatic Chronograph Watch — view 2,identical-across-images;missing
gid://shopify/Product/7647228788807,jacob-company-automatic-chronograph-watch,watch,IMAGE,gid://shopify/MediaImage/26059128307783,,Jacob & Co. Automatic Chronograph Watch — view 3,identical-across-images;missing
gid://shopify/Product/7647228788807,jacob-company-automatic-chronograph-watch,watch,IMAGE,gid://shopify/MediaImage/26059134795847,,Jacob & Co. Automatic Chronograph Watch — view 4,identical-across-images;missing
gid://shopify/Product/7647241109575,jacob-company-five-time-zone-watch-diamond-bezel,watch,IMAGE,gid://shopify/MediaImage/26059580538951,,Jacob & Co. Five Time Zone Watch (Diamond Bezel),missing
gid://shopify/Product/7647276269639,jacob-amp-company-five-time-zone-watch-40mm,watch,IMAGE,gid://shopify/MediaImage/26059999510599,,Jacob & Co. Five Time Zone Watch - 40mm,identical-across-images;missing
gid://shopify/Product/7647276269639,jacob-amp-company-five-time-zone-watch-40mm,watch,IMAGE,gid://shopify/MediaImage/26059993186375,,Jacob & Co. Five Time Zone Watch - 40mm — view 2,identical-across-images;missing
gid://shopify/Product/7647276269639,jacob-amp-company-five-time-zone-watch-40mm,watch,IMAGE,gid://shopify/MediaImage/26059994136647,,Jacob & Co. Five Time Zone Watch - 40mm — view 3,identical-across-images;missing
gid://shopify/Product/7647276269639,jacob-amp-company-five-time-zone-watch-40mm,watch,IMAGE,gid://shopify/MediaImage/26059993219143,,Jacob & Co. Five Time Zone Watch - 40mm — view 4,identical-across-images;missing
gid://shopify/Product/7647277187143,jacob-company-five-time-zone-watch-40mm-diamond-bezel,watch,IMAGE,gid://shopify/MediaImage/26060028051527,,Jacob & Co. Five Time Zone Watch - 40mm (Diamond Bezel),missing
gid://shopify/Product/7647551815751,men-s-diamond-band-crafted-in-matte-and-polished-yellow-gold,fine/house/other,IMAGE,gid://shopify/MediaImage/26063353675847,,Matte and Polished Diamond Band in 18K Yellow Gold by Laura Milman New York,missing
gid://shopify/Product/7647589007431,jacob-company-epic-1-automatic-chronograph-watch,watch,IMAGE,gid://shopify/MediaImage/26063746760775,,Jacob & Co. Epic 1 Automatic Chronograph Watch,identical-across-images;missing
gid://shopify/Product/7647589007431,jacob-company-epic-1-automatic-chronograph-watch,watch,IMAGE,gid://shopify/MediaImage/26063747022919,,Jacob & Co. Epic 1 Automatic Chronograph Watch — view 2,identical-across-images;missing
gid://shopify/Product/7647589007431,jacob-company-epic-1-automatic-chronograph-watch,watch,IMAGE,gid://shopify/MediaImage/26063747645511,,Jacob & Co. Epic 1 Automatic Chronograph Watch — view 3,identical-across-images;missing
gid://shopify/Product/7647598772295,ruby-and-diamond-statement-ring,fine/house/other,IMAGE,gid://shopify/MediaImage/26063813017671,,Ruby and Diamond Statement Ring in 18K White Gold by Laura Milman New York,missing
gid://shopify/Product/7647602245703,contemporary-diamond-statement-ring,fine/house/other,IMAGE,gid://shopify/MediaImage/26063827468359,,Contemporary Diamond Statement Ring by Laura Milman New York,missing
gid://shopify/Product/7647611715655,riviera-lab-grown-diamond-necklace,fine/house/other,IMAGE,gid://shopify/MediaImage/26063918170183,,Lab-Grown Riviera Diamond Necklace in 14K White Gold by Laura Milman New York,missing
gid://shopify/Product/7649433649223,lab-grown-diamond-drop-earrings,fine/house/other,IMAGE,gid://shopify/MediaImage/26074293960775,,Lab-Grown Diamond Drop Earrings in 14K White Gold,missing
gid://shopify/Product/7649435385927,luxury-drop-earrings-with-lab-grown-diamonds,fine/house/other,IMAGE,gid://shopify/MediaImage/26074310574151,,Lab-Grown Diamond Drop Earrings in 14K White Gold,missing
gid://shopify/Product/7649440104519,chandelier-earrings-with-lab-grown-diamonds,fine/house/other,IMAGE,gid://shopify/MediaImage/26074328825927,,Lab-Grown Diamond Chandelier Earrings in 14K White Gold,missing
gid://shopify/Product/7649455538247,marquise-and-pear-shape-lab-grown-diamond-drop-earrings,fine/house/other,IMAGE,gid://shopify/MediaImage/26074398031943,,Lab-Grown Marquise and Pear Diamond Earrings in 14K Yellow Gold,missing
gid://shopify/Product/7649467793479,marquise-lab-grown-diamond-engagement-ring,fine/house/other,IMAGE,gid://shopify/MediaImage/26074444562503,,Lab-Grown Marquise Diamond Engagement Ring in 14K Yellow Gold,missing
gid://shopify/Product/7649477099591,three-stone-lab-grown-diamond-engagement-ring,fine/house/other,IMAGE,gid://shopify/MediaImage/26074516324423,,Lab-Grown Three Stone Diamond Engagement Ring in 14K White Gold,missing
gid://shopify/Product/7649495023687,diamond-lariat-necklace,fine/house/other,IMAGE,gid://shopify/MediaImage/26074575601735,,Diamond Lariat Necklace in 18K White Gold,missing
gid://shopify/Product/9073629528135,round-hidden-halo-engagement-ring-setting-in-14k-yellow-gold-0-08-ct,fine/house/other,VIDEO,,Jewelry product video,Hidden Halo Engagement Ring Setting in 14K Yellow Gold by Laura Milman New York — video,low-title-overlap
gid://shopify/Product/9073629528135,round-hidden-halo-engagement-ring-setting-in-14k-yellow-gold-0-08-ct,fine/house/other,IMAGE,gid://shopify/MediaImage/34255324119111,Round Hidden Halo Engagement Ring Setting in 14K Yellow Gold – 0.08 CT — Laura Milman New York,Hidden Halo Engagement Ring Setting in 14K Yellow Gold — view 2,low-title-overlap
gid://shopify/Product/9073629528135,round-hidden-halo-engagement-ring-setting-in-14k-yellow-gold-0-08-ct,fine/house/other,IMAGE,gid://shopify/MediaImage/34255324151879,Round Hidden Halo Engagement Ring Setting in 14K Yellow Gold – 0.08 CT view 2,Hidden Halo Engagement Ring Setting in 14K Yellow Gold — view 3,low-title-overlap
gid://shopify/Product/9073629528135,round-hidden-halo-engagement-ring-setting-in-14k-yellow-gold-0-08-ct,fine/house/other,IMAGE,gid://shopify/MediaImage/34255324184647,Round Hidden Halo Engagement Ring Setting in 14K Yellow Gold – 0.08 CT view 3,Hidden Halo Engagement Ring Setting in 14K Yellow Gold — view 4,low-title-overlap
gid://shopify/Product/9073629528135,round-hidden-halo-engagement-ring-setting-in-14k-yellow-gold-0-08-ct,fine/house/other,IMAGE,gid://shopify/MediaImage/34255324217415,Round Hidden Halo Engagement Ring Setting in 14K Yellow Gold – 0.08 CT view 4,Hidden Halo Engagement Ring Setting in 14K Yellow Gold — view 5,low-title-overlap
gid://shopify/Product/9073631952967,round-hidden-halo-engagement-ring-setting-in-18k-yellow-gold-0-09-ct,fine/house/other,VIDEO,,Jewelry product video,Hidden Halo Engagement Ring Setting in 18K Yellow Gold by Laura Milman New York — video,low-title-overlap
gid://shopify/Product/9073631952967,round-hidden-halo-engagement-ring-setting-in-18k-yellow-gold-0-09-ct,fine/house/other,IMAGE,gid://shopify/MediaImage/34255325429831,Round Hidden Halo Engagement Ring Setting in 18K Yellow Gold – 0.09 CT — Laura Milman New York,Hidden Halo Engagement Ring Setting in 18K Yellow Gold — view 2,low-title-overlap
gid://shopify/Product/9073631952967,round-hidden-halo-engagement-ring-setting-in-18k-yellow-gold-0-09-ct,fine/house/other,IMAGE,gid://shopify/MediaImage/34255325462599,Round Hidden Halo Engagement Ring Setting in 18K Yellow Gold – 0.09 CT view 2,Hidden Halo Engagement Ring Setting in 18K Yellow Gold — view 3,low-title-overlap
gid://shopify/Product/9073631952967,round-hidden-halo-engagement-ring-setting-in-18k-yellow-gold-0-09-ct,fine/house/other,IMAGE,gid://shopify/MediaImage/34255325495367,Round Hidden Halo Engagement Ring Setting in 18K Yellow Gold – 0.09 CT view 3,Hidden Halo Engagement Ring Setting in 18K Yellow Gold — view 4,low-title-overlap
