id,handle,title,vendor,product_type,status,sku,qty,price,published,image_count,has_ebay_tag,has_backvault,has_lab_grown,ebay_condition,condition,tags
gid://shopify/Product/7633225580615,bv-cartier-dolphin-18k-yellow-gold-double-dolphin-diamond-ring-j10605,Cartier Dolphin 18K Yellow Gold Double Dolphin Diamond Ring,Cartier,Rings,ACTIVE,J10605,1,68100.00,true,6,true,true,false,3000,Excellent pre-owned condition; signed and authenticated,antique-estate|backvault-feed|Cartier|designer-jewelry|ebay|Rings
gid://shopify/Product/7633225613383,bv-cartier-diamond-elephant-18k-white-gold-walking-elephant-shirt-studs-and-cuff-links-j10604,Cartier Diamond Elephant 18K White Gold Walking Elephant Shirt Studs And Cuff Links,Cartier,Cufflinks,ACTIVE,J10604,1,27100.00,true,8,true,true,false,3000,Pre-owned; authenticated by Laura Milman New York,antique-estate|backvault-feed|Cartier|Cufflinks|designer-jewelry|ebay
gid://shopify/Product/7633225646151,bv-cartier-trinity-18k-tri-color-roller-bracelet-j10233,Cartier Trinity 18K Tri Color Roller Bracelet,Cartier,Bracelets,ACTIVE,J10233,1,29900.00,true,3,true,true,false,3000,Excellent pre-owned condition; signed and authenticated,antique-estate|backvault-feed|Bracelets|Cartier|designer-jewelry|ebay
gid://shopify/Product/7633225678919,bv-buccellati-18k-two-tone-capri-macri-7-sapphire-bangle-bracelet-j10536,Buccellati 18K Two Tone Capri Macri 7 Sapphire Bangle Bracelet,Buccellati,Bracelets,ACTIVE,J10536,1,27800.00,true,8,true,true,false,3000,Excellent pre-owned condition; signed and authenticated,antique-estate|backvault-feed|Bracelets|Buccellati|designer-jewelry|ebay
gid://shopify/Product/7633225744455,bv-buccellati-18k-two-tone-macri-capri-7-round-green-emerald-bangle-bracelet-j10535,Buccellati 18K Two Tone Macri Capri 7 Round Green Emerald Bangle Bracelet,Buccellati,Bracelets,ACTIVE,J10535,1,27800.00,true,7,true,true,false,3000,Excellent pre-owned condition; signed and authenticated,antique-estate|backvault-feed|Bracelets|Buccellati|designer-jewelry|ebay
gid://shopify/Product/7633225777223,bv-david-webb-18k-yellow-gold-black-enamel-open-link-bracelet-j10533,David Webb 18K Yellow Gold Black Enamel Open Link Bracelet,David Webb,Bracelets,ARCHIVED,J10533,0,36400.00,false,7,false,true,false,,Excellent pre-owned condition; signed and authenticated,antique-estate|backvault-feed|Bracelets|David Webb|designer-jewelry
gid://shopify/Product/7633225809991,bv-cartier-maillon-18k-yellow-gold-three-row-necklace-j10531,Cartier Maillon 18K Yellow Gold Three Row Necklace,Cartier,Necklaces,ACTIVE,J10531,1,36900.00,true,8,true,true,false,3000,Excellent pre-owned condition; signed and authenticated,antique-estate|backvault-feed|Cartier|designer-jewelry|ebay|Necklaces
gid://shopify/Product/7633225842759,bv-van-cleef-arpels-18k-yellow-gold-36-inches-georges-lenfant-chain-j10522,Van Cleef & Arpels 18K Yellow Gold 36 Inches Georges L'enfant Chain,Van Cleef & Arpels,Necklaces,ACTIVE,J10522,1,42100.00,true,8,true,true,false,3000,Excellent pre-owned condition; signed and authenticated,antique-estate|backvault-feed|designer-jewelry|ebay|Necklaces|Van Cleef & Arpels|Vintage
gid://shopify/Product/7633225875527,bv-hermes-18k-yellow-gold-link-chain-necklace-j10508,Hermès 18K Yellow Gold Link Chain Necklace,Hermès,Necklaces,ACTIVE,J10508,1,130500.00,true,8,true,true,false,3000,Pre-owned; authenticated by Laura Milman New York,antique-estate|backvault-feed|designer-jewelry|ebay|Hermès|Necklaces
gid://shopify/Product/7633225908295,bv-van-cleef-arpels-alhambra-18k-yellow-gold-magic-bracelet-j10526,Van Cleef & Arpels Alhambra 18K Yellow Gold Magic Bracelet,Van Cleef & Arpels,Bracelets,ACTIVE,J10526,1,10900.00,true,5,true,true,false,3000,Excellent pre-owned condition; signed and authenticated,antique-estate|backvault-feed|Bracelets|designer-jewelry|ebay|Van Cleef & Arpels
gid://shopify/Product/7633225973831,bv-david-webb-18k-yellow-gold-leopard-emerald-eyes-with-box-cuff-links-j10525,David Webb 18K Yellow Gold Leopard Emerald Eyes With Box Cuff Links,David Webb,Cufflinks,ACTIVE,J10525,1,10200.00,true,7,true,true,false,3000,Excellent pre-owned condition; signed and authenticated,antique-estate|backvault-feed|Cufflinks|David Webb|designer-jewelry|ebay
gid://shopify/Product/7633226006599,bv-bvlgari-serpenti-18k-yellow-gold-blackened-steel-circa-1965-jaeger-lecoultre-manual-watch-j10515,Pre-Owned Bvlgari Serpenti 18K Yellow Gold Blackened Steel Circa 1965 Jaeger Lecoultre Manual Watch,Bvlgari,Watch,ACTIVE,J10515,1,48600.00,true,8,true,true,false,3000,Pre-owned; authenticated by Laura Milman New York,antique-estate|backvault-feed|Bvlgari|Circa 1965|designer-jewelry|ebay|Pre-Owned Watches|Watch|Watches
gid://shopify/Product/7633226072135,bv-david-webb-platinum-18k-yellow-gold-necklace-rr7432,David Webb Platinum & 18K Yellow Gold Necklace,David Webb,Necklaces,ACTIVE,RR7432,1,124000.00,true,6,true,true,false,3000,Excellent pre-owned condition; signed and authenticated,antique-estate|backvault-feed|David Webb|designer-jewelry|ebay|Necklaces
gid://shopify/Product/7633226104903,bv-bvlgari-parentesi-18k-yellow-gold-hematite-bangle-bracelet-j10512,Bvlgari Parentesi 18K Yellow Gold Hematite Bangle Bracelet,Bvlgari,Bracelets,ACTIVE,J10512,1,19300.00,true,6,true,true,false,3000,Very Good pre-owned condition; signed and authenticated,antique-estate|backvault-feed|Bracelets|Bvlgari|designer-jewelry|ebay
gid://shopify/Product/7633226170439,bv-bvlgari-parentesi-18k-yellow-gold-hoop-earrings-j10511,Bvlgari Parentesi 18K Yellow Gold Hoop Earrings,Bvlgari,Earrings,ACTIVE,J10511,1,11500.00,true,7,true,true,false,3000,Pre-owned; authenticated by Laura Milman New York,antique-estate|backvault-feed|Bvlgari|designer-jewelry|Earrings|ebay
gid://shopify/Product/7633226235975,bv-cartier-rouleaux-18k-white-gold-onyx-ruby-and-diamond-ring-j10510,"Cartier Rouleaux 18K White Gold Onyx, Ruby And Diamond Ring",Cartier,Rings,ACTIVE,J10510,1,35600.00,true,10,true,true,false,3000,Excellent pre-owned condition; signed and authenticated,antique-estate|backvault-feed|Cartier|designer-jewelry|ebay|Rings
gid://shopify/Product/7633226268743,bv-van-cleef-arpels-18k-rose-gold-charms-carnelian-dial-38mm-double-row-diamond-bezel-watch-rr9406,Pre-Owned Van Cleef & Arpels 18K Rose Gold Charms Carnelian Dial 38mm Double Row Diamond Bezel Watch,Van Cleef & Arpels,Watch,ACTIVE,RR9406,1,31000.00,true,4,true,true,false,3000,Excellent pre-owned condition; signed and authenticated,antique-estate|backvault-feed|designer-jewelry|ebay|Pre-Owned Watches|Van Cleef & Arpels|Watch|Watches
gid://shopify/Product/7633226301511,bv-cartier-tank-asymmetric-18k-white-gold-diamond-ladies-ref-2786-watch-j10493,Pre-Owned Cartier Tank Asymmetric 18K White Gold Diamond Ladies Ref 2786 Watch,Cartier,Watch,ARCHIVED,J10493,0,22100.00,false,7,false,true,false,3000,Excellent pre-owned condition; signed and authenticated,antique-estate|backvault-feed|Cartier|designer-jewelry|Pre-Owned Watches|Watch|Watches
gid://shopify/Product/7633226367047,bv-chopard-18k-yellow-gold-diamond-grid-ref-2044-manual-wind-onyx-ladies-watch-j10484,Pre-Owned Chopard 18K Yellow Gold Diamond Grid Ref 2044 Manual Wind Onyx Ladies Watch,Chopard,Watch,ACTIVE,J10484,1,23200.00,true,7,true,true,false,3000,Excellent pre-owned condition; signed and authenticated,antique-estate|backvault-feed|Chopard|designer-jewelry|ebay|Pre-Owned Watches|Vintage|Watch|Watches
gid://shopify/Product/7633226399815,bv-van-cleef-arpels-alhambra-18k-white-gold-diamond-magic-alhambra-16-motifs-necklace-j10316,Van Cleef & Arpels Alhambra 18K White Gold Diamond Magic Alhambra 16 Motifs Necklace,Van Cleef & Arpels,Necklaces,ACTIVE,J10316,1,188500.00,true,4,true,true,false,3000,Excellent pre-owned condition; signed and authenticated,antique-estate|backvault-feed|designer-jewelry|ebay|Necklaces|Van Cleef & Arpels
gid://shopify/Product/7633226465351,bv-david-webb-18k-yellow-gold-black-enamel-large-link-gold-stations-necklace-j10507,David Webb 18K Yellow Gold Black Enamel Large Link Gold Stations Necklace,David Webb,Necklaces,ACTIVE,J10507,1,85000.00,true,10,true,true,false,3000,Excellent pre-owned condition; signed and authenticated,antique-estate|backvault-feed|David Webb|designer-jewelry|ebay|Necklaces|Vintage
gid://shopify/Product/7633226498119,bv-cartier-18k-white-gold-diamond-c-ring-j10506,"Cartier 18K White Gold Diamond ""c"" Ring",Cartier,Rings,ACTIVE,J10506,1,14100.00,true,6,true,true,false,3000,Excellent pre-owned condition; signed and authenticated,antique-estate|backvault-feed|Cartier|Contemporary|designer-jewelry|ebay|Rings
gid://shopify/Product/7633226530887,bv-van-cleef-arpels-aries-18k-rose-gold-medallion-on-a-34-inch-chain-pendant-j10505,Van Cleef & Arpels Aries 18K Rose Gold Medallion On A 34 Inch Chain Pendant,Van Cleef & Arpels,Pendants,ACTIVE,J10505,1,27800.00,true,10,true,true,false,3000,Pre-owned; authenticated by Laura Milman New York,antique-estate|backvault-feed|designer-jewelry|ebay|Pendants|Van Cleef & Arpels
gid://shopify/Product/7633226563655,bv-david-webb-18k-yellow-gold-lapis-and-carved-coral-hammered-finish-earrings-j10503,David Webb 18K Yellow Gold Lapis And Carved Coral Scroll Disc Earrings,David Webb,Earrings,ACTIVE,J10503,1,48600.00,true,6,true,true,false,3000,Excellent pre-owned condition; signed and authenticated,antique-estate|backvault-feed|David Webb|designer-jewelry|Earrings|ebay
gid://shopify/Product/7633226629191,bv-graff-18k-white-gold-butterfly-green-emerald-limited-edition-32mm-dial-watch-j10501,Pre-Owned Graff 18K White Gold Butterfly Green Emerald Limited Edition 32mm Dial Watch,Graff,Watch,ACTIVE,J10501,1,111000.00,true,9,true,true,false,3000,Excellent pre-owned condition; signed and authenticated,antique-estate|backvault-feed|designer-jewelry|ebay|Graff|Pre-Owned Watches|Watch|Watches
gid://shopify/Product/7633226661959,bv-david-webb-18k-yellow-gold-scroll-crossover-fluted-bracelet-j10478,David Webb 18K Yellow Gold Scroll Crossover Fluted Bracelet,David Webb,Bracelets,ACTIVE,J10478,1,29200.00,true,7,true,true,false,3000,Very Good pre-owned condition; signed and authenticated,antique-estate|backvault-feed|Bracelets|David Webb|designer-jewelry|ebay
gid://shopify/Product/7633226760263,bv-david-webb-18k-yellow-gold-frog-with-ruby-eyes-brooch-j10470,David Webb 18K Yellow Gold Frog With Ruby Eyes Brooch,David Webb,Brooches,ACTIVE,J10470,1,16100.00,true,7,true,true,false,3000,Excellent pre-owned condition; signed and authenticated,antique-estate|backvault-feed|Brooches|David Webb|designer-jewelry|ebay
gid://shopify/Product/7633226793031,bv-ilias-lalaounis-vintage-18k-yellow-gold-double-ram-ruby-bracelet-j10469,Ilias Lalaounis Vintage 18K Yellow Gold Double Ram Ruby Bracelet,Ilias Lalaounis,Bracelets,ACTIVE,J10469,1,16700.00,true,8,true,true,false,3000,Excellent pre-owned condition; signed and authenticated,antique-estate|backvault-feed|Bracelets|designer-jewelry|ebay|Ilias Lalaounis|Vintage
gid://shopify/Product/7633226825799,bv-tiffany-co-18k-white-gold-t-collection-bangle-bracelet-j10468,"Tiffany & Co. 18K White Gold ""t"" Collection Bangle Bracelet",Tiffany & Co.,Bracelets,ACTIVE,J10468,1,2700.00,true,7,true,true,false,3000,Very Good pre-owned condition; signed and authenticated,antique-estate|backvault-feed|Bracelets|designer-jewelry|ebay|Tiffany & Co.
gid://shopify/Product/7633226891335,bv-cartier-18k-yellow-gold-classic-dome-eu-61-wedding-band-j10467,Cartier 18K Yellow Gold Classic Dome Eu 61 Wedding Band,Cartier,Rings,ACTIVE,J10467,1,1800.00,true,6,true,true,false,3000,Excellent pre-owned condition; signed and authenticated,antique-estate|backvault-feed|Cartier|designer-jewelry|ebay|Rings
gid://shopify/Product/7633226924103,bv-david-webb-vintage-18k-yellow-gold-purple-chalcedony-carved-beads-rock-crystal-necklace-j10465,David Webb Vintage 18K Yellow Gold Purple Chalcedony Carved Beads Rock Crystal Necklace,David Webb,Necklaces,ACTIVE,J10465,1,52500.00,true,5,true,true,false,3000,Pre-owned; authenticated by Laura Milman New York,antique-estate|backvault-feed|David Webb|designer-jewelry|ebay|Necklaces|Vintage
gid://shopify/Product/7633227022407,bv-tiffany-co-18k-yellow-gold-12-00cttw-round-diamond-vintage-bracelet-j10495,Tiffany & Co. 18K Yellow Gold 12.00cttw Round Diamond Vintage Bracelet,Tiffany & Co.,Bracelets,ACTIVE,J10495,1,46000.00,true,10,true,true,false,3000,Excellent pre-owned condition; signed and authenticated,antique-estate|backvault-feed|Bracelets|designer-jewelry|ebay|Tiffany & Co.|Vintage
gid://shopify/Product/7633227087943,bv-hermes-18k-rose-gold-16-link-medium-model-toggle-bracelet-j10494,Hermès 18K Rose Gold 16 Link Medium Model Toggle Bracelet,Hermès,Bracelets,ACTIVE,J10494,1,46000.00,true,5,true,true,false,3000,Excellent pre-owned condition; signed and authenticated,antique-estate|backvault-feed|Bracelets|designer-jewelry|ebay|Hermès
gid://shopify/Product/7633227120711,bv-van-cleef-arpels-alhambra-18k-rose-gold-20-motif-obsidian-necklace-j10463,Van Cleef & Arpels Alhambra 18K Rose Gold 20 Motif Obsidian Necklace,Van Cleef & Arpels,Necklaces,ACTIVE,J10463,1,68100.00,true,5,true,true,false,3000,Excellent pre-owned condition; signed and authenticated,antique-estate|backvault-feed|designer-jewelry|ebay|Necklaces|Van Cleef & Arpels
gid://shopify/Product/7633227153479,bv-tiffany-co-schlumberger-18k-yellow-gold-green-enamel-diamond-bracelet-j10458,Tiffany & Co. Schlumberger 18K Yellow Gold Green Enamel Diamond Bracelet,Tiffany & Co.,Bracelets,ACTIVE,J10458,1,81100.00,true,5,true,true,false,3000,Excellent pre-owned condition; signed and authenticated,antique-estate|backvault-feed|Bracelets|designer-jewelry|ebay|Tiffany & Co.|Vintage
gid://shopify/Product/7633227186247,bv-cartier-pasha-18k-yellow-gold-38mm-ref-1989-leather-accents-watch-j10492,Pre-Owned Cartier Pasha 18K Yellow Gold 38mm Ref.1989 Leather Accents Watch,Cartier,Watch,ACTIVE,J10492,1,25200.00,true,5,true,true,false,3000,Excellent pre-owned condition; signed and authenticated,antique-estate|backvault-feed|Cartier|designer-jewelry|ebay|Pre-Owned Watches|Watch|Watches
gid://shopify/Product/7633227219015,bv-bvlgari-18k-yellow-gold-bb-19-2t-quartz-watch-j10487,Pre-Owned Bvlgari 18K Yellow Gold Bb 19 2t Quartz Watch,Bvlgari,Watch,ACTIVE,J10487,1,10700.00,true,5,true,true,false,3000,Excellent pre-owned condition; signed and authenticated,antique-estate|backvault-feed|Bvlgari|designer-jewelry|ebay|Pre-Owned Watches|Watch|Watches
gid://shopify/Product/7633227251783,bv-van-cleef-arpels-alhambra-18k-rose-gold-five-motif-obsidian-bracelet-j10462,Van Cleef & Arpels Alhambra 18K Rose Gold Five Motif Obsidian Bracelet,Van Cleef & Arpels,Bracelets,ACTIVE,J10462,1,20500.00,true,5,true,true,false,3000,Excellent pre-owned condition; signed and authenticated,antique-estate|backvault-feed|Bracelets|designer-jewelry|ebay|Van Cleef & Arpels|Vintage
gid://shopify/Product/7633227284551,bv-cartier-pasha-18k-white-gold-32mm-dial-diamond-markers-2398-watch-j10461,Pre-Owned Cartier Pasha 18K White Gold 32mm Dial Diamond Markers #2398 Watch,Cartier,Watch,ACTIVE,J10461,1,11800.00,true,10,true,true,false,3000,Excellent pre-owned condition; signed and authenticated,antique-estate|backvault-feed|Cartier|designer-jewelry|ebay|Pre-Owned Watches|Watch|Watches
gid://shopify/Product/7633227350087,bv-david-webb-platinum-18k-yellow-gold-wave-with-rubies-emeralds-and-sapphires-ring-rr8366,"David Webb Platinum & 18K Yellow Gold Wave With Rubies, Emeralds And Sapphires Ring",David Webb,Rings,ACTIVE,RR8366,1,20900.00,true,4,true,true,false,3000,Excellent pre-owned condition; signed and authenticated,antique-estate|backvault-feed|David Webb|designer-jewelry|ebay|Modern|Rings
gid://shopify/Product/7633227382855,bv-david-webb-18k-yellow-gold-double-fish-with-ruby-eyes-bracelet-j10451,David Webb 18K Yellow Gold Double Fish With Ruby Eyes Bracelet,David Webb,Bracelets,ACTIVE,J10451,1,49200.00,true,7,true,true,false,3000,Excellent pre-owned condition; signed and authenticated,antique-estate|backvault-feed|Bracelets|David Webb|designer-jewelry|ebay
gid://shopify/Product/7633227415623,bv-tiffany-co-18k-yellow-gold-angela-cummings-1981-silver-inlay-bangle-bracelet-j10449,Tiffany & Co. 18K Yellow Gold Angela Cummings 1981 Silver Inlay Bangle Bracelet,Tiffany & Co.,Bracelets,ACTIVE,J10449,1,48600.00,true,5,true,true,false,3000,Excellent pre-owned condition; signed and authenticated,antique-estate|backvault-feed|Bracelets|designer-jewelry|ebay|Modern|Tiffany & Co.
gid://shopify/Product/7633227448391,bv-tiffany-co-schlumberger-18k-yellow-gold-red-enamel-banana-earrings-j10401,Tiffany & Co. Schlumberger 18K Yellow Gold Red Enamel Banana Earrings,Tiffany & Co.,Earrings,ACTIVE,J10401,1,10500.00,true,5,true,true,false,3000,Excellent pre-owned condition; signed and authenticated,antique-estate|backvault-feed|designer-jewelry|Earrings|ebay|Tiffany & Co.
gid://shopify/Product/7633227481159,bv-cartier-18k-yellow-gold-aldo-cipullo-1973-rock-crystal-earrings-j10337,Cartier 18K Yellow Gold Aldo Cipullo 1973 Rock Crystal Earrings,Cartier,Earrings,ACTIVE,J10337,1,18300.00,true,9,true,true,false,3000,Excellent pre-owned condition; signed and authenticated,antique-estate|backvault-feed|Cartier|designer-jewelry|Earrings|ebay|Modern
gid://shopify/Product/7633227513927,bv-cartier-panthere-18k-yellow-gold-double-spotted-collar-necklace-j10344,Cartier Panthere 18K Yellow Gold Double Spotted Collar Necklace,Cartier,Necklaces,ACTIVE,J10344,1,137000.00,true,5,true,true,false,3000,Excellent pre-owned condition; signed and authenticated,antique-estate|backvault-feed|Cartier|Contemporary|designer-jewelry|ebay|Necklaces
gid://shopify/Product/7633227546695,bv-david-webb-18k-yellow-gold-vintage-ram-with-green-emerald-and-diamonds-bangle-bracelet-j10452,David Webb 18K Yellow Gold Vintage Ram With Green Emerald And Diamonds Bangle Bracelet,David Webb,Bracelets,ACTIVE,J10452,1,62200.00,true,7,true,true,false,3000,Very Good pre-owned condition; signed and authenticated,antique-estate|backvault-feed|Bracelets|David Webb|designer-jewelry|ebay|Vintage
gid://shopify/Product/7633227579463,bv-cartier-18k-yellow-gold-panthere-on-a-black-cord-pendant-rr8928,Cartier 18K Yellow Gold Panthere On A Black Cord Pendant,Cartier,Pendants,ACTIVE,RR8928,1,35500.00,true,4,true,true,false,3000,Excellent pre-owned condition; signed and authenticated,antique-estate|backvault-feed|Cartier|designer-jewelry|ebay|Pendants
gid://shopify/Product/7633227612231,bv-cartier-love-18k-rose-gold-6-diamond-small-model-size-16-bracelet-j10214,Cartier Love 18K Rose Gold 6 Diamond Small Model Size 16 Bracelet,Cartier,Bracelets,ACTIVE,J10214,1,6700.00,true,4,true,true,false,3000,Excellent pre-owned condition; signed and authenticated,antique-estate|backvault-feed|Bracelets|Cartier|designer-jewelry|ebay
gid://shopify/Product/7633227644999,bv-van-cleef-arpels-alhambra-18k-rose-gold-grey-mother-of-pearl-and-diamonds-bracelet-j10146,Van Cleef & Arpels Alhambra 18K Rose Gold Grey Mop And Diamonds Bracelet,Van Cleef & Arpels,Bracelets,ACTIVE,J10146,1,15500.00,true,4,true,true,false,3000,Excellent pre-owned condition; signed and authenticated,antique-estate|backvault-feed|Bracelets|Circa 2022|designer-jewelry|ebay|Van Cleef & Arpels
gid://shopify/Product/7633227677767,bv-cartier-18k-white-gold-captive-35mm-diamond-dial-ref-3120-watch-rr9533,Pre-Owned Cartier 18K White Gold Captive 35mm Diamond Dial Ref 3120 Watch,Cartier,Watch,ACTIVE,RR9533,1,27100.00,true,5,true,true,false,3000,Excellent pre-owned condition; signed and authenticated,antique-estate|backvault-feed|Cartier|designer-jewelry|ebay|Pre-Owned Watches|Watch|Watches
gid://shopify/Product/7633227710535,bv-david-webb-leopard-platinum-18k-yellow-gold-spotted-bangle-diamond-bracelet-rr6236,David Webb Leopard Platinum & 18K Yellow Gold Spotted Bangle Diamond Bracelet,David Webb,Bracelets,ACTIVE,RR6236,1,52600.00,true,5,true,true,false,3000,Excellent pre-owned condition; signed and authenticated,antique-estate|backvault-feed|Bracelets|David Webb|designer-jewelry|ebay
gid://shopify/Product/7633227776071,bv-cartier-18k-white-gold-love-all-diamond-pave-black-ceramic-size-18-with-cert-bracelet-j10445,Cartier 18K White Gold Love All Diamond Pave Black Ceramic Size 18 With Cert Bracelet,Cartier,Bracelets,ACTIVE,J10445,1,48600.00,true,5,true,true,false,3000,Excellent pre-owned condition; signed and authenticated,antique-estate|backvault-feed|Bracelets|Cartier|designer-jewelry|ebay|Modern
gid://shopify/Product/7633227808839,bv-bvlgari-18k-yellow-gold-tubogas-30mm-dial-watch-j10444,Pre-Owned Bvlgari 18K Yellow Gold Tubogas 30mm Dial Watch,Bvlgari,Watch,ACTIVE,J10444,1,18700.00,true,3,true,true,false,3000,Excellent pre-owned condition; signed and authenticated,antique-estate|backvault-feed|Bvlgari|designer-jewelry|ebay|Pre-Owned Watches|Vintage|Watch|Watches
gid://shopify/Product/7633227841607,bv-van-cleef-arpels-18k-yellow-gold-coral-hear-key-brooch-j10443,Van Cleef & Arpels 18K Yellow Gold Coral Hear Key Brooch,Van Cleef & Arpels,Brooches,ACTIVE,J10443,1,8900.00,true,5,true,true,false,3000,Excellent pre-owned condition; signed and authenticated,antique-estate|backvault-feed|Brooches|designer-jewelry|ebay|Van Cleef & Arpels
gid://shopify/Product/7633227874375,bv-cartier-18k-two-tone-coffee-bean-16-inch-made-in-italy-necklace-j10441,Cartier 18K Two Tone Coffee Bean 16 Inch Made In Italy Necklace,Cartier,Necklaces,ACTIVE,J10441,1,17400.00,true,5,true,true,false,3000,Excellent pre-owned condition; signed and authenticated,antique-estate|backvault-feed|Cartier|designer-jewelry|ebay|Necklaces|Vintage
gid://shopify/Product/7633227907143,bv-cartier-18k-yellow-gold-starburst-cluster-vintage-retro-diamond-earrings-j10439,Cartier 18K Yellow Gold Starburst Cluster Vintage Retro Diamond Earrings,Cartier,Earrings,ACTIVE,J10439,1,74600.00,true,5,true,true,false,3000,Excellent pre-owned condition; signed and authenticated,antique-estate|backvault-feed|Cartier|designer-jewelry|Earrings|ebay|Vintage
gid://shopify/Product/7633227972679,bv-tiffany-co-18k-white-gold-diamond-metro-three-row-pave-bracelet-j10437,Tiffany & Co. 18K White Gold Diamond Metro Three Row Pave Bracelet,Tiffany & Co.,Bracelets,ACTIVE,J10437,1,16700.00,true,5,true,true,false,3000,Excellent pre-owned condition; signed and authenticated,antique-estate|backvault-feed|Bracelets|designer-jewelry|ebay|Modern|Tiffany & Co.
gid://shopify/Product/7633228038215,bv-tiffany-co-schlumberger-18k-yellow-gold-red-enamel-diamond-banana-earrings-j10407,Tiffany & Co. Schlumberger 18K Yellow Gold Red Enamel Diamond Banana Earrings,Tiffany & Co.,Earrings,ACTIVE,J10407,1,10200.00,true,5,true,true,false,3000,Excellent pre-owned condition; signed and authenticated,antique-estate|backvault-feed|designer-jewelry|Earrings|ebay|Tiffany & Co.
gid://shopify/Product/7633228070983,bv-tiffany-co-schlumberger-18k-yellow-gold-dot-losange-red-enamel-bangle-bracelet-j10406,Tiffany & Co. Schlumberger 18K Yellow Gold Dot Losange Red Enamel Bangle Bracelet,Tiffany & Co.,Bracelets,ACTIVE,J10406,1,62900.00,true,9,true,true,false,3000,Excellent pre-owned condition; signed and authenticated,antique-estate|backvault-feed|Bracelets|designer-jewelry|ebay|Tiffany & Co.|Vintage
gid://shopify/Product/7633228103751,bv-tiffany-co-victoria-platinum-diamond-and-sapphire-pendant-j10398,Tiffany & Co. Victoria Platinum Diamond And Sapphire Pendant,Tiffany & Co.,Pendants,ACTIVE,J10398,1,7600.00,true,5,true,true,false,3000,Excellent pre-owned condition; signed and authenticated,antique-estate|backvault-feed|designer-jewelry|ebay|Pendants|Tiffany & Co.
gid://shopify/Product/7633228136519,bv-tiffany-co-schlumberger-18k-yellow-gold-blue-enamel-ruby-and-diamond-banana-earrings-j10397,Tiffany & Co. Schlumberger 18K Yellow Gold Blue Enamel Ruby And Diamond Banana Earrings,Tiffany & Co.,Earrings,ACTIVE,J10397,1,20000.00,true,5,true,true,false,3000,Excellent pre-owned condition; signed and authenticated,antique-estate|backvault-feed|designer-jewelry|Earrings|ebay|Tiffany & Co.
gid://shopify/Product/7633228169287,bv-tiffany-co-schlumberger-18k-yellow-gold-vintage-croisillon-red-enamel-bracelet-j10396,Tiffany & Co. Schlumberger 18K Yellow Gold Vintage Croisillon Red Enamel Bracelet,Tiffany & Co.,Bracelets,ACTIVE,J10396,1,37500.00,true,5,true,true,false,3000,Excellent pre-owned condition; signed and authenticated,antique-estate|backvault-feed|Bracelets|designer-jewelry|ebay|Tiffany & Co.|Vintage
gid://shopify/Product/7633228202055,bv-david-webb-unicorn-platinum-18k-yellow-gold-unicorn-black-enamel-ruby-diamonds-brooch-rr3833,"David Webb Unicorn Platinum & 18K Yellow Gold Unicorn Black Enamel, Ruby, Diamonds Brooch",David Webb,Brooches,ACTIVE,RR3833,1,36200.00,true,4,true,true,false,3000,Excellent pre-owned condition; signed and authenticated,antique-estate|backvault-feed|Brooches|Circa 1965|David Webb|designer-jewelry|ebay
gid://shopify/Product/7633228267591,bv-bvlgari-zodiac-kingdom-coin-style-horoscope-pendant-j10419,Bvlgari Zodiac Kingdom Coin Style Horoscope Pendant,Bvlgari,Pendants,ACTIVE,J10419,1,10800.00,true,5,true,true,false,3000,Excellent pre-owned condition; signed and authenticated,antique-estate|backvault-feed|Bvlgari|designer-jewelry|ebay|Pendants
gid://shopify/Product/7633228300359,bv-bvlgari-18k-yellow-gold-monete-carthago-severus-ad-305-306-necklace-j10414,Bvlgari 18K Yellow Gold Monete Carthago-Severus Ad 305-306 Necklace,Bvlgari,Necklaces,ACTIVE,J10414,1,27800.00,true,10,true,true,false,3000,Excellent pre-owned condition; signed and authenticated,antique-estate|backvault-feed|Bvlgari|designer-jewelry|ebay|Modern|Necklaces
gid://shopify/Product/7633228333127,bv-david-webb-unicorn-18k-yellow-gold-white-enamel-diamonds-and-rubies-brooch-rr6488,"David Webb Unicorn 18K Yellow Gold White Enamel, Diamonds And Rubies Brooch",David Webb,Brooches,ACTIVE,RR6488,1,32600.00,true,5,true,true,false,3000,Excellent pre-owned condition; signed and authenticated,antique-estate|backvault-feed|Brooches|David Webb|designer-jewelry|ebay
gid://shopify/Product/7633228398663,bv-cartier-18k-yellow-gold-diamond-deux-tetes-croisees-ring-j10415,Cartier 18K Yellow Gold Diamond Deux Tetes Croisées Ring,Cartier,Rings,ACTIVE,J10415,1,43400.00,true,3,true,true,false,3000,Excellent pre-owned condition; signed and authenticated,antique-estate|backvault-feed|Cartier|designer-jewelry|ebay|Rings|Vintage
gid://shopify/Product/7633228431431,bv-cartier-18k-yellow-gold-five-charms-bracelet-j10413,Cartier 18K Yellow Gold Five Charms Bracelet,Cartier,Bracelets,ACTIVE,J10413,1,23900.00,true,10,true,true,false,3000,Excellent pre-owned condition; signed and authenticated,antique-estate|backvault-feed|Bracelets|Cartier|designer-jewelry|ebay
gid://shopify/Product/7633228496967,bv-van-cleef-arpels-18k-yellow-gold-5-multi-color-gem-stack-ring-j10411,Van Cleef & Arpels 18K Yellow Gold 5 Multi Color Gem Stack Ring,Van Cleef & Arpels,Rings,ACTIVE,J10411,1,19300.00,true,5,true,true,false,3000,Excellent pre-owned condition; signed and authenticated,antique-estate|backvault-feed|designer-jewelry|ebay|Rings|Van Cleef & Arpels
gid://shopify/Product/7633228529735,bv-cartier-18k-yellow-gold-vintage-panthere-ring-j10390,Cartier 18K Yellow Gold Vintage Panthere Ring,Cartier,Rings,ACTIVE,J10390,1,14100.00,true,5,true,true,false,3000,Excellent pre-owned condition; signed and authenticated,antique-estate|backvault-feed|Cartier|designer-jewelry|ebay|Rings|Vintage
gid://shopify/Product/7633228562503,bv-cartier-18k-rose-gold-happy-birthday-pendant-j10384,Cartier 18K Rose Gold Happy Birthday Pendant,Cartier,Pendants,ACTIVE,J10384,1,11500.00,true,5,true,true,false,3000,Excellent pre-owned condition; signed and authenticated,antique-estate|backvault-feed|Cartier|designer-jewelry|ebay|Modern|Pendants
gid://shopify/Product/7633228660807,bv-van-cleef-arpels-18k-yellow-gold-diamond-and-multi-gem-flower-motif-bangle-bracelet-j10360,Van Cleef & Arpels 18K Yellow Gold Diamond And Multi Gem Flower Motif Bangle Bracelet,Van Cleef & Arpels,Bracelets,ACTIVE,J10360,1,46000.00,true,5,true,true,false,3000,Excellent pre-owned condition; signed and authenticated,antique-estate|backvault-feed|Bracelets|designer-jewelry|ebay|Van Cleef & Arpels
gid://shopify/Product/7633228759111,bv-van-cleef-arpels-cadenas-18k-yellow-gold-diamond-five-row-ladies-bracelet-watch-j10355,Pre-Owned Van Cleef & Arpels Cadenas 18K Yellow Gold Diamond Five Row Bracelet Watch,Van Cleef & Arpels,Watch,ARCHIVED,J10355,0,29500.00,false,10,false,true,false,3000,Excellent pre-owned condition; signed and authenticated,antique-estate|backvault-feed|designer-jewelry|Pre-Owned Watches|Van Cleef & Arpels|Watch|Watches
gid://shopify/Product/7633228791879,bv-van-cleef-arpels-18k-yellow-gold-lapis-and-coral-33-inch-necklace-j10350,Van Cleef & Arpels 18K Yellow Gold Lapis And Coral 33 Inch Necklace,Van Cleef & Arpels,Necklaces,ACTIVE,J10350,1,29100.00,true,4,true,true,false,3000,Excellent pre-owned condition; signed and authenticated,antique-estate|backvault-feed|designer-jewelry|ebay|Necklaces|Van Cleef & Arpels
gid://shopify/Product/7633228824647,bv-van-cleef-arpels-18k-yellow-gold-1970s-lapis-and-coral-pendant-j10349,Van Cleef & Arpels 18K Yellow Gold 1970's Lapis And Coral Pendant,Van Cleef & Arpels,Pendants,ACTIVE,J10349,1,59000.00,true,4,true,true,false,3000,Excellent pre-owned condition; signed and authenticated,antique-estate|backvault-feed|designer-jewelry|ebay|Pendants|Van Cleef & Arpels
gid://shopify/Product/7633228857415,bv-cartier-tank-francaise-18k-yellow-gold-2-00cttw-round-diamond-11mm-wide-ring-j10348,Cartier Tank Francaise 18K Yellow Gold 2.00cttw Round Diamond 11mm Wide Ring,Cartier,Rings,ACTIVE,J10348,1,9400.00,true,5,true,true,false,3000,Excellent pre-owned condition; signed and authenticated,antique-estate|backvault-feed|Cartier|Contemporary|designer-jewelry|ebay|Rings
gid://shopify/Product/7633228890183,bv-van-cleef-arpels-circa-1980s-18k-white-gold-pave-diamond-hoop-1-00cttw-earrings-j10343,Van Cleef & Arpels Circa 1980's 18K White Gold Pave Diamond Hoop 1.00cttw Earrings,Van Cleef & Arpels,Earrings,ACTIVE,J10343,1,23200.00,true,4,true,true,false,3000,Excellent pre-owned condition; signed and authenticated,antique-estate|backvault-feed|Circa 1980|designer-jewelry|Earrings|ebay|Van Cleef & Arpels
gid://shopify/Product/7633228922951,bv-van-cleef-arpels-18k-white-gold-grey-mother-of-pearl-butterfly-necklace-j10330,Van Cleef & Arpels 18K White Gold Grey Mother Of Pearl Butterfly Necklace,Van Cleef & Arpels,Necklaces,ACTIVE,J10330,1,10500.00,true,4,true,true,false,3000,Excellent pre-owned condition; signed and authenticated,antique-estate|backvault-feed|designer-jewelry|ebay|Necklaces|Van Cleef & Arpels
gid://shopify/Product/7633228988487,bv-tiffany-co-schlumberger-18k-yellow-gold-croisillon-blue-enamel-bangle-bracelet-j10369,Tiffany & Co. Schlumberger 18K Yellow Gold Croisillon Blue Enamel Bangle Bracelet,Tiffany & Co.,Bracelets,ACTIVE,J10369,1,36900.00,true,5,true,true,false,3000,Excellent pre-owned condition; signed and authenticated,antique-estate|backvault-feed|Bracelets|designer-jewelry|ebay|Tiffany & Co.
gid://shopify/Product/7633229054023,bv-david-webb-platinum-18k-yellow-gold-buckle-cuff-red-enamel-diamond-bangle-bracelet-j10333,David Webb Platinum & 18K Yellow Gold Buckle Cuff Red Enamel Diamond Bangle Bracelet,David Webb,Bracelets,ACTIVE,J10333,1,42100.00,true,5,true,true,false,3000,Excellent pre-owned condition; signed and authenticated,antique-estate|backvault-feed|Bracelets|David Webb|designer-jewelry|ebay
gid://shopify/Product/7633229086791,bv-van-cleef-arpels-alhambra-18k-white-gold-magic-diamond-in-between-the-fingers-ring-j10329,Van Cleef & Arpels 18K White Gold Magic Diamond In Between The Fingers Ring,Van Cleef & Arpels,Rings,ACTIVE,J10329,1,19300.00,true,10,true,true,false,3000,Excellent pre-owned condition; signed and authenticated,antique-estate|backvault-feed|designer-jewelry|ebay|Rings|Van Cleef & Arpels
gid://shopify/Product/7633229119559,bv-bvlgari-bypass-enigma-diamond-spinning-bracelet-j10324,Bvlgari Bypass Enigma 18K Rose Gold White Gold Diamond Spinning Bracelet,Bvlgari,Bracelets,ACTIVE,J10324,1,14100.00,true,4,true,true,false,3000,Excellent pre-owned condition; signed and authenticated,antique-estate|backvault-feed|Bracelets|Bvlgari|designer-jewelry|ebay
gid://shopify/Product/7633229152327,bv-angela-cummings-18k-yellow-gold-black-onyx-knot-clip-earrings-j10296,Angela Cummings 18K Yellow Gold Black Onyx Knot Clip Earrings,Angela Cummings,Earrings,ACTIVE,J10296,1,7600.00,true,4,true,true,false,3000,Excellent pre-owned condition; signed and authenticated,Angela Cummings|antique-estate|backvault-feed|designer-jewelry|Earrings|ebay
gid://shopify/Product/7633229316167,bv-bvlgari-serpenti-18k-rose-gold-diamond-serpenti-tubogas-size-l-ring-j10285,Bvlgari Serpenti 18K Rose Gold Diamond Serpenti Tubogas Size L Ring,Bvlgari,Rings,ACTIVE,J10285,1,11500.00,true,4,true,true,false,3000,Excellent pre-owned condition; signed and authenticated,antique-estate|backvault-feed|Bvlgari|designer-jewelry|ebay|Rings
gid://shopify/Product/7633229348935,bv-van-cleef-arpels-rose-de-noel-18k-yellow-gold-1978-vintage-clip-on-coral-earrings-j10284,Van Cleef & Arpels Rose De Noel 18K Yellow Gold 1978 Vintage Clip On Coral Earrings,Van Cleef & Arpels,Earrings,ACTIVE,J10284,1,35600.00,true,7,true,true,false,3000,Very Good pre-owned condition; signed and authenticated,antique-estate|backvault-feed|designer-jewelry|Earrings|ebay|Van Cleef & Arpels|Vintage
gid://shopify/Product/7633229381703,bv-bvlgari-18k-yellow-gold-allegra-aquamarine-amethyst-pink-tourmaline-ring-j10282,Bvlgari 18K Yellow Gold Allegra Aquamarine Amethyst Pink Tourmaline Ring,Bvlgari,Rings,ACTIVE,J10282,1,8900.00,true,4,true,true,false,3000,Excellent pre-owned condition; signed and authenticated,antique-estate|backvault-feed|Bvlgari|designer-jewelry|ebay|Rings
gid://shopify/Product/7633229414471,bv-bvlgari-serpenti-18k-rose-gold-sp-p35g-black-dial-diamond-bezel-ladies-watch-j10326,Pre-Owned Bvlgari Serpenti 18K Rose Gold Sp P35g Black Dial Diamond Bezel Ladies Watch,Bvlgari,Watch,ACTIVE,J10326,1,35600.00,true,5,true,true,false,3000,Excellent pre-owned condition; signed and authenticated,antique-estate|backvault-feed|Bvlgari|designer-jewelry|ebay|Pre-Owned Watches|Watch|Watches
gid://shopify/Product/7633229447239,bv-bvlgari-quadrato-bvlgari-quadrato-22mm-square-dial-f1218-sq-22-2t-watch-watch-j10322,Pre-Owned Bvlgari Quadrato Bvlgari Quadrato 22mm Square Dial F1218 Sq 22 2t Watch Watch,Bvlgari,Watch,ACTIVE,J10322,1,11500.00,true,5,true,true,false,3000,Excellent pre-owned condition; signed and authenticated,antique-estate|backvault-feed|Bvlgari|designer-jewelry|ebay|Pre-Owned Watches|Vintage|Watch|Watches
gid://shopify/Product/7633229480007,bv-bvlgari-circa-1990-18k-two-tone-bvlgari-circa-1990-18k-two-tone-bb-26-2t-26mm-dial-quartz-watch-watch-j10321,Pre-Owned Bvlgari Circa 1990 18K Two Tone Bvlgari Circa 1990 18K Two Tone Bb 26 2t 26mm Dial Quartz Watch Watch,Bvlgari,Watch,ACTIVE,J10321,1,18700.00,true,5,true,true,false,3000,Excellent pre-owned condition; signed and authenticated,antique-estate|backvault-feed|Bvlgari|Circa 1990|designer-jewelry|ebay|Pre-Owned Watches|Watch|Watches
gid://shopify/Product/7633229545543,bv-cartier-18k-yellow-gold-panthere-black-ceramic-pendant-rr9966,Cartier 18K Yellow Gold Panthere Black Ceramic Pendant,Cartier,Pendants,ARCHIVED,RR9966,0,37000.00,false,4,false,true,false,,Excellent pre-owned condition; signed and authenticated,antique-estate|backvault-feed|Cartier|designer-jewelry|Pendants
gid://shopify/Product/7633229578311,bv-van-cleef-arpels-18k-yellow-gold-bouton-dor-pendant-detachable-brooch-clip-necklace-rr9930,Van Cleef & Arpels 18K Yellow Gold Bouton D'or Pendant Detachable Brooch Clip Necklace,Van Cleef & Arpels,Necklaces,ARCHIVED,RR9930,0,38600.00,false,8,false,true,false,,Excellent pre-owned condition; signed and authenticated,antique-estate|backvault-feed|designer-jewelry|Necklaces|Van Cleef & Arpels
gid://shopify/Product/7633229676615,bv-david-webb-collar-platinum-18k-yellow-gold-black-enamel-and-collar-necklace-rr9730,David Webb Collar Platinum & 18K Yellow Gold Black Enamel And Collar Necklace,David Webb,Necklaces,ACTIVE,RR9730,1,49200.00,true,5,true,true,false,3000,Excellent pre-owned condition; signed and authenticated,antique-estate|backvault-feed|David Webb|designer-jewelry|ebay|Necklaces
gid://shopify/Product/7633229709383,bv-chaumet-emerald-platinum-18k-yellow-gold-diamond-and-green-emerald-ladies-necklace-rr9679,Chaumet Emerald Platinum & 18K Yellow Gold Diamond And Green Emerald Ladies Necklace,Chaumet,Necklaces,ACTIVE,RR9679,1,79500.00,true,5,true,true,false,3000,Excellent pre-owned condition; signed and authenticated,antique-estate|backvault-feed|Chaumet|designer-jewelry|ebay|Necklaces|Vintage
gid://shopify/Product/7633229742151,bv-cartier-collar-18k-yellow-gold-fluted-twist-diamond-choker-necklace-rr9593,Cartier Collar 18K Yellow Gold Fluted Twist Diamond Choker Necklace,Cartier,Necklaces,ACTIVE,RR9593,1,33000.00,true,5,true,true,false,3000,Excellent pre-owned condition; signed and authenticated,antique-estate|backvault-feed|Cartier|designer-jewelry|ebay|Necklaces
gid://shopify/Product/7633229774919,bv-david-webb-18k-yellow-gold-hammered-link-long-convertible-necklace-rr9536,David Webb 18K Yellow Gold Hammered Link Long Convertible Necklace,David Webb,Necklaces,ACTIVE,RR9536,1,49200.00,true,5,true,true,false,3000,Excellent pre-owned condition; signed and authenticated,antique-estate|backvault-feed|David Webb|designer-jewelry|ebay|Necklaces
gid://shopify/Product/7633229807687,bv-david-webb-emerald-platinum-18k-yellow-gold-pear-shaped-green-emerald-and-diamond-vintage-necklace-rr9457,David Webb Emerald Platinum & 18K Yellow Gold Pear Shaped Green Emerald And Diamond Vintage Necklace,David Webb,Necklaces,ACTIVE,RR9457,1,176000.00,true,5,true,true,false,3000,Excellent pre-owned condition; signed and authenticated,antique-estate|backvault-feed|David Webb|designer-jewelry|ebay|Necklaces|Vintage
gid://shopify/Product/7633229840455,bv-david-webb-pearl-platinum-18k-yellow-gold-dusk-pearl-rock-crystal-diamond-white-enamel-necklace-rr9456,David Webb Pearl Platinum & 18K Yellow Gold Dusk Pearl Rock Crystal Diamond White Enamel Necklace,David Webb,Necklaces,ACTIVE,RR9456,1,120700.00,true,5,true,true,false,3000,Excellent pre-owned condition; signed and authenticated,antique-estate|backvault-feed|David Webb|designer-jewelry|ebay|Necklaces
gid://shopify/Product/7633229905991,bv-david-webb-coin-platinum-18k-yellow-gold-hammered-coin-necklace-rr9331,David Webb Coin Platinum & 18K Yellow Gold Hammered Coin Necklace,David Webb,Necklaces,ACTIVE,RR9331,1,28400.00,true,7,true,true,false,3000,Excellent pre-owned condition; signed and authenticated,antique-estate|backvault-feed|David Webb|designer-jewelry|ebay|Necklaces
gid://shopify/Product/7633229971527,bv-hermes-collar-18k-yellow-gold-woven-collar-necklace-rr9152,Hermès Collar 18K Yellow Gold Woven Collar Necklace,Hermès,Necklaces,ACTIVE,RR9152,1,37800.00,true,5,true,true,false,3000,Excellent pre-owned condition; signed and authenticated,antique-estate|backvault-feed|designer-jewelry|ebay|Hermès|Necklaces|Vintage
gid://shopify/Product/7633230004295,bv-cartier-18k-tri-color-bullseye-tricolor-pendant-rr9099,Cartier 18K Tri Color Bullseye Tricolor Pendant,Cartier,Pendants,ACTIVE,RR9099,1,6600.00,true,4,true,true,false,3000,Excellent pre-owned condition; signed and authenticated,antique-estate|backvault-feed|Cartier|designer-jewelry|ebay|Pendants
gid://shopify/Product/7633230069831,bv-david-webb-collar-platinum-18k-yellow-gold-black-enamel-diamond-collar-9-00cttw-necklace-rr9055,David Webb Collar Platinum & 18K Yellow Gold Black Enamel Diamond Collar 9.00cttw Necklace,David Webb,Necklaces,ACTIVE,RR9055,1,51200.00,true,4,true,true,false,3000,Excellent pre-owned condition; signed and authenticated,antique-estate|backvault-feed|David Webb|designer-jewelry|ebay|Necklaces
gid://shopify/Product/7633230102599,bv-david-webb-collar-platinum-18k-yellow-gold-diamond-sapphire-rock-crystal-choker-necklace-rr9039,David Webb Collar Platinum & 18K Yellow Gold Diamond Sapphire Rock Crystal Choker Necklace,David Webb,Necklaces,ACTIVE,RR9039,1,124000.00,true,4,true,true,false,3000,Excellent pre-owned condition; signed and authenticated,antique-estate|backvault-feed|David Webb|designer-jewelry|ebay|Necklaces
gid://shopify/Product/7633230135367,bv-tiffany-co-diamond-platinum-diamond-and-pearl-collar-necklace-rr8952,Tiffany & Co. Diamond Platinum Diamond And Pearl Collar Necklace,Tiffany & Co.,Necklaces,ACTIVE,RR8952,1,29700.00,true,7,true,true,false,3000,Excellent pre-owned condition; signed and authenticated,antique-estate|backvault-feed|designer-jewelry|ebay|Necklaces|Tiffany & Co.
gid://shopify/Product/7633230168135,bv-david-webb-jade-18k-yellow-gold-carved-jade-link-chain-necklace-rr8680,David Webb Jade 18K Yellow Gold Carved Jade Link Chain Necklace,David Webb,Necklaces,ACTIVE,RR8680,1,81700.00,true,4,true,true,false,3000,Excellent pre-owned condition; signed and authenticated,antique-estate|backvault-feed|David Webb|designer-jewelry|ebay|Necklaces
gid://shopify/Product/7633230200903,bv-cartier-diamond-18k-white-gold-three-tiered-ring-pave-set-pendant-pendant-rr8660,Cartier Diamond 18K White Gold Three Tiered Ring Pave Set Pendant Pendant,Cartier,Pendants,ACTIVE,RR8660,1,28400.00,true,5,true,true,false,3000,Excellent pre-owned condition; signed and authenticated,antique-estate|backvault-feed|Cartier|designer-jewelry|ebay|Pendants
gid://shopify/Product/7633230299207,bv-van-cleef-arpels-diamond-18k-white-gold-fleurette-necklace-rr8307,Van Cleef & Arpels Diamond 18K White Gold Fleurette Necklace,Van Cleef & Arpels,Necklaces,ACTIVE,RR8307,1,47900.00,true,5,true,true,false,3000,Excellent pre-owned condition; signed and authenticated,antique-estate|backvault-feed|designer-jewelry|ebay|Necklaces|Van Cleef & Arpels
gid://shopify/Product/7633230331975,bv-david-webb-collar-platinum-18k-yellow-gold-25-carat-diamond-collar-necklace-rr8178,David Webb Collar Platinum & 18K Yellow Gold 25 Carat Diamond Collar Necklace,David Webb,Necklaces,ACTIVE,RR8178,1,98000.00,true,4,true,true,false,3000,Excellent pre-owned condition; signed and authenticated,antique-estate|backvault-feed|David Webb|designer-jewelry|ebay|Necklaces
gid://shopify/Product/7633230364743,bv-david-webb-jade-platinum-18k-yellow-gold-jade-diamond-blue-enamel-necklace-rr8093,"David Webb Jade Platinum & 18K Yellow Gold Jade, Diamond, Blue Enamel Necklace",David Webb,Necklaces,ACTIVE,RR8093,1,290000.00,true,6,true,true,false,3000,Excellent pre-owned condition; signed and authenticated,antique-estate|backvault-feed|David Webb|designer-jewelry|ebay|Necklaces
gid://shopify/Product/7633230397511,bv-chopard-diamond-18k-white-gold-happy-spirit-floating-diamond-pendant-rr7955,Chopard Diamond 18K White Gold Happy Spirit Floating Diamond Pendant,Chopard,Pendants,ARCHIVED,RR7955,0,7400.00,false,5,false,true,false,,Good pre-owned condition; signed and authenticated,antique-estate|backvault-feed|Chopard|designer-jewelry|Pendants
gid://shopify/Product/7633230430279,bv-david-webb-turquoise-platinum-turquoise-and-diamond-necklace-rr7804,David Webb Turquoise Platinum Turquoise And Diamond Necklace,David Webb,Necklaces,ACTIVE,RR7804,1,241000.00,true,6,true,true,false,3000,Excellent pre-owned condition; signed and authenticated,antique-estate|backvault-feed|David Webb|designer-jewelry|ebay|Necklaces
gid://shopify/Product/7633230463047,bv-david-webb-coral-18k-yellow-gold-large-coral-balls-string-circa-1960s-necklace-rr6491,David Webb Coral 18K Yellow Gold Large Coral Balls String Circa 1960s Necklace,David Webb,Necklaces,ACTIVE,RR6491,1,97000.00,true,4,true,true,false,3000,Good pre-owned condition; signed and authenticated,antique-estate|backvault-feed|Circa 1960s|David Webb|designer-jewelry|ebay|Necklaces
gid://shopify/Product/7633230528583,bv-boucheron-music-platinum-1960s-111-carat-magnificent-musical-note-diamond-necklace-rr6421,Boucheron Music Platinum 1960s 111 Carat Magnificent Musical Note Diamond Necklace,Boucheron,Necklaces,ACTIVE,RR6421,1,371000.00,true,4,true,true,false,3000,Excellent pre-owned condition; signed and authenticated,antique-estate|backvault-feed|Boucheron|designer-jewelry|ebay|Necklaces
gid://shopify/Product/7633230594119,bv-david-webb-pearl-platinum-18k-yellow-gold-5-multi-colored-pearl-string-torsade-diamond-necklace-rr6370,David Webb Pearl Platinum & 18K Yellow Gold 5 Multi-Colored Pearl String Torsade Diamond Necklace,David Webb,Necklaces,ACTIVE,RR6370,1,36200.00,true,4,true,true,false,3000,Excellent pre-owned condition; signed and authenticated,antique-estate|backvault-feed|David Webb|designer-jewelry|ebay|Necklaces
gid://shopify/Product/7633230626887,bv-david-webb-pearl-platinum-18k-yellow-gold-baraque-pearl-and-diamond-collar-necklace-rr6368,David Webb Pearl Platinum & 18K Yellow Gold Baraque Pearl And Diamond Collar Necklace,David Webb,Necklaces,ACTIVE,RR6368,1,75500.00,true,6,true,true,false,3000,Excellent pre-owned condition; signed and authenticated,antique-estate|backvault-feed|David Webb|designer-jewelry|ebay|Necklaces
gid://shopify/Product/7633230659655,bv-aspery-platinum-flexible-27-carat-round-cut-diamond-bracelet-rr4836,Asprey Aspery Platinum Flexible 27 Carat Round Cut Diamond Bracelet,Asprey,Bracelets,ACTIVE,RR4836,1,55100.00,true,4,true,true,false,3000,Excellent pre-owned condition; signed and authenticated,antique-estate|Asprey|backvault-feed|Bracelets|designer-jewelry|ebay
gid://shopify/Product/7633230692423,bv-david-webb-tiger-eye-platinum-18k-yellow-gold-tiger-eye-station-chain-circa-1970-necklace-rr4046,David Webb Tiger Eye Platinum & 18K Yellow Gold Tiger Eye Station Chain Circa 1970 Necklace,David Webb,Necklaces,ACTIVE,RR4046,1,4000.00,true,1,true,true,false,3000,Excellent pre-owned condition; signed and authenticated,antique-estate|backvault-feed|Circa 1970|David Webb|designer-jewelry|ebay|Necklaces
gid://shopify/Product/7633230757959,bv-cartier-love-18k-rose-gold-size-18-bracelet-j10230,Cartier Love 18K Rose Gold Size 18 Bracelet,Cartier,Bracelets,ACTIVE,J10230,1,7300.00,true,5,true,true,false,3000,Excellent pre-owned condition; signed and authenticated,antique-estate|backvault-feed|Bracelets|Cartier|designer-jewelry|ebay
gid://shopify/Product/7633230790727,bv-cartier-love-18k-white-gold-10-diamonds-size-17-bracelet-j10229,Cartier Love 18K White Gold 10 Diamonds Size 17 Bracelet,Cartier,Bracelets,ACTIVE,J10229,1,18000.00,true,4,true,true,false,3000,Pre-owned; authenticated by Laura Milman New York,antique-estate|backvault-feed|Bracelets|Cartier|designer-jewelry|ebay
gid://shopify/Product/7633230823495,bv-david-webb-platinum-18k-yellow-gold-hammered-turquoise-cabochon-cut-cuff-bracelet-rr9396,David Webb Platinum & 18K Yellow Gold Hammered Turquoise Cabochon Cut Cuff Bracelet,David Webb,Bracelets,ACTIVE,RR9396,1,42700.00,true,4,true,true,false,3000,Excellent pre-owned condition; signed and authenticated,antique-estate|backvault-feed|Bracelets|David Webb|designer-jewelry|ebay
gid://shopify/Product/7633230856263,bv-david-webb-platinum-18k-yellow-gold-zebra-enamel-diamond-bracelet-rr3992,David Webb Platinum & 18K Yellow Gold Zebra Enamel Diamond Bracelet,David Webb,Bracelets,ACTIVE,RR3992,1,79100.00,true,1,true,true,false,3000,Good pre-owned condition; signed and authenticated,antique-estate|backvault-feed|Bracelets|David Webb|designer-jewelry|ebay
gid://shopify/Product/7633230921799,bv-cartier-juste-un-clou-18k-rose-gold-diamond-size-16-bracelet-j10217,Cartier Juste Un Clou 18K Rose Gold Diamond Size 16 Bracelet,Cartier,Bracelets,ACTIVE,J10217,1,14300.00,true,4,true,true,false,3000,Excellent pre-owned condition; signed and authenticated,antique-estate|backvault-feed|Bracelets|Cartier|designer-jewelry|ebay|Modern
gid://shopify/Product/7633230987335,bv-cartier-love-18k-white-gold-4-diamonds-size-17-bracelet-j10213,Cartier Love 18K White Gold 4 Diamonds Size 17 Bracelet,Cartier,Bracelets,ACTIVE,J10213,1,11200.00,true,4,true,true,false,3000,Excellent pre-owned condition; signed and authenticated,antique-estate|backvault-feed|Bracelets|Cartier|designer-jewelry|ebay|Modern
gid://shopify/Product/7633231085639,bv-cartier-juste-un-clou-18k-white-gold-diamond-size-18-bracelet-j10206,Cartier Juste Un Clou 18K White Gold Diamond Size 18 Bracelet,Cartier,Bracelets,ACTIVE,J10206,1,12500.00,true,4,true,true,false,3000,Pre-owned; authenticated by Laura Milman New York,antique-estate|backvault-feed|Bracelets|Cartier|designer-jewelry|ebay|Modern
gid://shopify/Product/7633231118407,bv-cartier-love-18k-white-gold-4-diamonds-size17-box-papers-bracelet-j10205,Cartier Love 18K White Gold 4 Diamonds Size17 Box & Papers Bracelet,Cartier,Bracelets,ACTIVE,J10205,1,11200.00,true,5,true,true,false,3000,Excellent pre-owned condition; signed and authenticated,antique-estate|backvault-feed|Bracelets|Cartier|designer-jewelry|ebay|Modern
gid://shopify/Product/7633231183943,bv-david-webb-18k-yellow-gold-rock-crystal-open-link-bracelet-j10306,David Webb 18K Yellow Gold Rock Crystal Open Link Bracelet,David Webb,Bracelets,ACTIVE,J10306,1,49200.00,true,6,true,true,false,3000,Excellent pre-owned condition; signed and authenticated,antique-estate|backvault-feed|Bracelets|David Webb|designer-jewelry|ebay
gid://shopify/Product/7633231216711,bv-tiffany-co-platinum-18k-gold-soleste-0-56ct-fancy-vivid-yellow-oval-cut-engagement-ring-j10303,"Tiffany & Co. Platinum, 18K Gold Soleste 0.56ct Fancy Vivid Yellow Oval Cut Engagement Ring",Tiffany & Co.,Rings,ACTIVE,J10303,1,12300.00,true,5,true,true,false,3000,Excellent pre-owned condition; signed and authenticated,antique-estate|backvault-feed|designer-jewelry|ebay|Rings|Tiffany & Co.
gid://shopify/Product/7633231249479,bv-cartier-18k-white-gold-trinity-dangle-black-ceramic-diamond-earrings-j10192,Cartier 18K White Gold Trinity Dangle Black Ceramic Diamond Earrings,Cartier,Earrings,ACTIVE,J10192,1,14000.00,true,4,true,true,false,3000,Excellent pre-owned condition; signed and authenticated,antique-estate|backvault-feed|Cartier|Contemporary|designer-jewelry|Earrings|ebay
gid://shopify/Product/7633231282247,bv-cartier-18k-white-gold-multirow-lignes-essentielles-ring-j10191,Cartier 18K White Gold Multirow Lignes Essentielles Ring,Cartier,Rings,ACTIVE,J10191,1,58500.00,true,4,true,true,false,3000,Excellent pre-owned condition; signed and authenticated,antique-estate|backvault-feed|Cartier|designer-jewelry|ebay|Rings
gid://shopify/Product/7633231347783,bv-cartier-18k-tri-color-small-model-all-pave-set-ring-j10190,Cartier 18K Tri Color Small Model All Pave Set Ring,Cartier,Rings,ACTIVE,J10190,1,17000.00,true,4,true,true,false,3000,Excellent pre-owned condition; signed and authenticated,antique-estate|backvault-feed|Cartier|designer-jewelry|ebay|Rings
gid://shopify/Product/7633231413319,bv-cartier-love-18k-white-gold-black-ceramic-motifs-ring-j10189,Cartier Love 18K White Gold Black Ceramic Motifs Ring,Cartier,Rings,ACTIVE,J10189,1,10400.00,true,4,true,true,false,3000,Excellent pre-owned condition; signed and authenticated,antique-estate|backvault-feed|Cartier|Contemporary|designer-jewelry|ebay|Rings
gid://shopify/Product/7633231446087,bv-cartier-love-18k-rose-gold-mini-pave-diamond-ring-j10185,Cartier Love 18K Rose Gold Mini Pave Diamond Ring,Cartier,Rings,ACTIVE,J10185,1,4700.00,true,5,true,true,false,3000,Excellent pre-owned condition; signed and authenticated,antique-estate|backvault-feed|Cartier|designer-jewelry|ebay|Modern|Rings
gid://shopify/Product/7633231478855,bv-cartier-juste-un-clou-18k-rose-gold-diamond-ring-j10183,Cartier Juste Un Clou 18K Rose Gold Diamond Ring,Cartier,Rings,ACTIVE,J10183,1,4300.00,true,4,true,true,false,3000,Excellent pre-owned condition; signed and authenticated,antique-estate|backvault-feed|Cartier|designer-jewelry|ebay|Modern|Rings
gid://shopify/Product/7633231511623,bv-cartier-love-18k-white-gold-mini-diamond-ring-j10180,Cartier Love 18K White Gold Mini Diamond Ring,Cartier,Rings,ACTIVE,J10180,1,4200.00,true,4,true,true,false,3000,Excellent pre-owned condition; signed and authenticated,antique-estate|backvault-feed|Cartier|designer-jewelry|ebay|Modern|Rings
gid://shopify/Product/7633231577159,bv-cartier-lanieres-18k-white-gold-lanieres-diamond-eu-52-ring-j10178,"Cartier Lanieres 18K White Gold Lanieres Diamond, Eu 52 Ring",Cartier,Rings,ACTIVE,J10178,1,9800.00,true,6,true,true,false,3000,Pre-owned; authenticated by Laura Milman New York,antique-estate|backvault-feed|Cartier|Contemporary|designer-jewelry|ebay|Rings
gid://shopify/Product/7633231675463,bv-cartier-love-18k-white-gold-classic-ring-j10176,Cartier Love 18K White Gold Classic Ring,Cartier,Rings,ACTIVE,J10176,1,2700.00,true,5,true,true,false,3000,Pre-owned; authenticated by Laura Milman New York,antique-estate|backvault-feed|Cartier|designer-jewelry|ebay|Modern|Rings
gid://shopify/Product/7633231708231,bv-cartier-love-18k-yellow-gold-3-diamond-size-54-ring-j10173,"Cartier Love 18K Yellow Gold 3 Diamond, Size 54 Ring",Cartier,Rings,ACTIVE,J10173,1,4400.00,true,5,true,true,false,3000,Excellent pre-owned condition; signed and authenticated,antique-estate|backvault-feed|Cartier|designer-jewelry|ebay|Modern|Rings
gid://shopify/Product/7633231740999,bv-cartier-juste-un-clou-18k-white-gold-diamond-tip-ring-j10171,Cartier Juste Un Clou 18K White Gold Diamond Tip Ring,Cartier,Rings,ACTIVE,J10171,1,4500.00,true,4,true,true,false,3000,Excellent pre-owned condition; signed and authenticated,antique-estate|backvault-feed|Cartier|designer-jewelry|ebay|Modern|Rings
gid://shopify/Product/7633231773767,bv-cartier-trinity-18k-tri-color-diamond-pave-ring-j10170,Cartier Trinity 18K Tri Color Diamond Pave Ring,Cartier,Rings,ACTIVE,J10170,1,8500.00,true,4,true,true,false,3000,Excellent pre-owned condition; signed and authenticated,antique-estate|backvault-feed|Cartier|designer-jewelry|ebay|Rings
gid://shopify/Product/7633231806535,bv-cartier-love-18k-white-gold-3-diamond-ring-j10168,Cartier Love 18K White Gold 3 Diamond Ring,Cartier,Rings,ACTIVE,J10168,1,5100.00,true,5,true,true,false,3000,Excellent pre-owned condition; signed and authenticated,antique-estate|backvault-feed|Cartier|designer-jewelry|ebay|Modern|Rings
gid://shopify/Product/7633231839303,bv-cartier-love-18k-white-gold-6-diamonds-size-18-bracelet-j10226,Cartier Love 18K White Gold 6 Diamonds Size 18 Bracelet,Cartier,Bracelets,ACTIVE,J10226,1,12500.00,true,4,true,true,false,3000,Excellent pre-owned condition; signed and authenticated,antique-estate|backvault-feed|Bracelets|Cartier|designer-jewelry|ebay
gid://shopify/Product/7633231872071,bv-cartier-love-18k-yellow-gold-4-diamonds-size-19-box-and-papers-bracelet-j10225,Cartier Love 18K Yellow Gold 4 Diamonds Size 19 Box And Papers Bracelet,Cartier,Bracelets,ACTIVE,J10225,1,10700.00,true,4,true,true,false,3000,Excellent pre-owned condition; signed and authenticated,antique-estate|backvault-feed|Bracelets|Cartier|designer-jewelry|ebay
gid://shopify/Product/7633231904839,bv-van-cleef-arpels-alhambra-18k-white-gold-diamond-bracelet-j10298,Van Cleef & Arpels Alhambra 18K White Gold Diamond Bracelet,Van Cleef & Arpels,Bracelets,ACTIVE,J10298,1,30500.00,true,4,true,true,false,3000,Excellent pre-owned condition; signed and authenticated,antique-estate|backvault-feed|Bracelets|designer-jewelry|ebay|Van Cleef & Arpels
gid://shopify/Product/7633231937607,bv-cartier-love-18k-white-gold-4-diamonds-size-17-with-certificate-bangle-bracelet-j10297,Cartier Love 18K White Gold 4 Diamonds Size 17 With Certificate Bangle Bracelet,Cartier,Bracelets,ACTIVE,J10297,1,12200.00,true,4,true,true,false,3000,Excellent pre-owned condition; signed and authenticated,antique-estate|backvault-feed|Bracelets|Cartier|designer-jewelry|ebay|Modern
gid://shopify/Product/7633231970375,bv-marina-b-lucilla-18k-yellow-gold-spinel-tanzanite-diamond-and-sapphires-earrings-j10295,"Marina B . Lucilla 18K Yellow Gold Spinel, Tanzanite, Diamond And Sapphires Earrings",Marina B,Earrings,ACTIVE,J10295,1,16100.00,true,4,true,true,false,3000,Excellent pre-owned condition; signed and authenticated,antique-estate|backvault-feed|designer-jewelry|Earrings|ebay|Marina B|Modern
gid://shopify/Product/7633232003143,bv-tiffany-co-18k-yellow-gold-1970s-open-link-drapes-bracelet-j10294,Tiffany & Co. 18K Yellow Gold 1970's Open Link Drapes Bracelet,Tiffany & Co.,Bracelets,ACTIVE,J10294,1,27100.00,true,6,true,true,false,3000,Excellent pre-owned condition; signed and authenticated,antique-estate|backvault-feed|Bracelets|designer-jewelry|ebay|Tiffany & Co.|Vintage
gid://shopify/Product/7633232068679,bv-bvlgari-parentesi-18k-yellow-gold-bj-01-h54486-watch-j10267,Pre-Owned Bvlgari Parentesi 18K Yellow Gold Bj 01 H54486 Watch,Bvlgari,Watch,ACTIVE,J10267,1,16700.00,true,4,true,true,false,3000,Excellent pre-owned condition; signed and authenticated,antique-estate|backvault-feed|Bvlgari|Circa 1980|designer-jewelry|ebay|Pre-Owned Watches|Watch|Watches
gid://shopify/Product/7633232101447,bv-david-webb-18k-yellow-gold-white-enamel-1-75-inches-long-doorknocker-earrings-j10265,David Webb 18K Yellow Gold White Enamel 1.75 Inches Long Doorknocker Earrings,David Webb,Earrings,ACTIVE,J10265,1,20000.00,true,8,true,true,false,3000,Excellent pre-owned condition; signed and authenticated,antique-estate|backvault-feed|David Webb|designer-jewelry|Earrings|ebay|Mid-Century
gid://shopify/Product/7633232134215,bv-david-webb-bombe-18k-white-gold-pave-round-cut-diamond-earrings-j10253,David Webb Bombe 18K White Gold Pave Round Cut Diamond Earrings,David Webb,Earrings,ACTIVE,J10253,1,33000.00,true,4,true,true,false,3000,Excellent pre-owned condition; signed and authenticated,antique-estate|backvault-feed|David Webb|designer-jewelry|Earrings|ebay
gid://shopify/Product/7633232199751,bv-van-cleef-arpels-18k-rose-gold-perlee-diamond-size-l-bangle-1-row-bracelet-j10112,Van Cleef & Arpels 18K Rose Gold Perlee Diamond Size L Bangle 1 Row Bracelet,Van Cleef & Arpels,Bracelets,ACTIVE,J10112,1,25200.00,true,5,true,true,false,3000,Pre-owned; authenticated by Laura Milman New York,antique-estate|backvault-feed|Bracelets|designer-jewelry|ebay|Van Cleef & Arpels
gid://shopify/Product/7633232265287,bv-cartier-18k-yellow-gold-5-animal-33-inches-necklace-j10263,Cartier 18K Yellow Gold 5 Animal 33 Inches Necklace,Cartier,Necklaces,ACTIVE,J10263,1,43400.00,true,4,true,true,false,3000,Pre-owned; authenticated by Laura Milman New York,antique-estate|backvault-feed|Cartier|designer-jewelry|ebay|Necklaces|Vintage
gid://shopify/Product/7633232330823,bv-cartier-18k-yellow-gold-c-de-cartier-full-diamond-ladies-bracelet-j10264,Cartier 18K Yellow Gold C De Cartier Full Diamond Ladies Bracelet,Cartier,Bracelets,ACTIVE,J10264,1,62500.00,true,4,true,true,false,3000,Excellent pre-owned condition; signed and authenticated,antique-estate|backvault-feed|Bracelets|Cartier|designer-jewelry|ebay
gid://shopify/Product/7633232363591,bv-van-cleef-arpels-18k-yellow-gold-16-motif-magic-alhambra-necklace-j10244,Van Cleef & Arpels 18K Yellow Gold 16 Motif Magic Alhambra Necklace,Van Cleef & Arpels,Necklaces,ACTIVE,J10244,1,28000.00,true,4,true,true,false,3000,Excellent pre-owned condition; signed and authenticated,antique-estate|backvault-feed|designer-jewelry|ebay|Necklaces|Van Cleef & Arpels
gid://shopify/Product/7633232396359,bv-david-webb-18k-yellow-gold-snake-serpent-white-enamel-ruby-and-diamonds-ring-j10236,David Webb 18K Yellow Gold Snake Serpent White Enamel Ruby And Diamonds Ring,David Webb,Rings,ACTIVE,J10236,1,12200.00,true,4,true,true,false,3000,Excellent pre-owned condition; signed and authenticated,antique-estate|backvault-feed|David Webb|designer-jewelry|ebay|Rings
gid://shopify/Product/7633232429127,bv-cartier-love-18k-white-gold-pave-diamonds-and-ceramic-motifs-size-19-bracelet-j10211,Cartier Love 18K White Gold Pave Diamonds And Ceramic Motifs Size 19 Bracelet,Cartier,Bracelets,ARCHIVED,J10211,0,42000.00,false,4,false,true,false,,Excellent pre-owned condition; signed and authenticated,antique-estate|backvault-feed|Bracelets|Cartier|designer-jewelry|Modern
gid://shopify/Product/7633232494663,bv-cartier-love-18k-white-gold-pave-diamonds-size-19-bracelet-j10210,Cartier Love 18K White Gold Pave Diamonds Size 19 Bracelet,Cartier,Bracelets,ACTIVE,J10210,1,40800.00,true,4,true,true,false,3000,Excellent pre-owned condition; signed and authenticated,antique-estate|backvault-feed|Bracelets|Cartier|designer-jewelry|ebay
gid://shopify/Product/7633232527431,bv-cartier-panthere-18k-white-gold-pave-lakarda-ring-j10184,Cartier Panthere 18K White Gold Pave Lakarda Ring,Cartier,Rings,ACTIVE,J10184,1,23100.00,true,5,true,true,false,3000,Excellent pre-owned condition; signed and authenticated,antique-estate|backvault-feed|Cartier|designer-jewelry|ebay|Rings
gid://shopify/Product/7633232560199,bv-cartier-love-18k-rose-gold-diamond-necklace-j10201,Cartier Love 18K Rose Gold Diamond Necklace,Cartier,Necklaces,ACTIVE,J10201,1,10000.00,true,4,true,true,false,3000,Excellent pre-owned condition; signed and authenticated,antique-estate|backvault-feed|Cartier|designer-jewelry|ebay|Necklaces
gid://shopify/Product/7633232625735,bv-cartier-18k-white-gold-diamond-etincelle-pendant-j10198,Cartier 18K White Gold Diamond Etincelle Pendant,Cartier,Pendants,ACTIVE,J10198,1,20100.00,true,3,true,true,false,3000,Excellent pre-owned condition; signed and authenticated,antique-estate|backvault-feed|Cartier|designer-jewelry|ebay|Pendants
gid://shopify/Product/7633232658503,bv-david-webb-snake-platinum-18k,David Webb Snake Platinum & 18K Yellow Gold Diamonds Green Cabochon Red Ruby Bracelet,David Webb,Bracelets,ARCHIVED,RR6269,0,64300.00,false,4,false,true,false,,Excellent pre-owned condition; signed and authenticated,antique-estate|backvault-feed|Bracelets|David Webb|designer-jewelry
gid://shopify/Product/7633232691271,bv-cartier-love-18k-rose-gold-bangle-size-17-bracelet-j10208,Cartier Love 18K Rose Gold Bangle Size 17 Bracelet,Cartier,Bracelets,ACTIVE,J10208,1,6400.00,true,4,true,true,false,3000,Very Good pre-owned condition; signed and authenticated,antique-estate|backvault-feed|Bracelets|Cartier|designer-jewelry|ebay
gid://shopify/Product/7633232756807,bv-cartier-love-18k-white-gold-love-size-18-bracelet-rr9205,Cartier Love 18K White Gold Love Size 18 Bracelet,Cartier,Bracelets,ACTIVE,RR9205,1,6300.00,true,5,true,true,false,3000,Excellent pre-owned condition; signed and authenticated,antique-estate|backvault-feed|Bracelets|Cartier|designer-jewelry|ebay
gid://shopify/Product/7633232789575,bv-david-webb-platinum-9-92-cttw-diamond-and-pearl-day-to-night-earrings-rr7940,David Webb Platinum 9.92 CTTW Diamond And Pearl Day To Night Earrings,David Webb,Earrings,ACTIVE,RR7940,1,85000.00,true,4,true,true,false,3000,Excellent pre-owned condition; signed and authenticated,antique-estate|backvault-feed|David Webb|designer-jewelry|Earrings|ebay
gid://shopify/Product/7633232822343,bv-van-cleef-arpels-18k-white-gold-socrate-between-the-finger-diamond-ring-j10145,Van Cleef & Arpels 18K White Gold Socrate Flower Diamond Ring,Van Cleef & Arpels,Rings,ACTIVE,J10145,1,14500.00,true,5,true,true,false,3000,Pre-owned; authenticated by Laura Milman New York,antique-estate|backvault-feed|designer-jewelry|ebay|Rings|Van Cleef & Arpels
gid://shopify/Product/7633232887879,bv-van-cleef-arpels-18k-white-gold-perlee-diamond-clovers-size-s-bracelet-j10144,Van Cleef & Arpels 18K White Gold Perlee Diamond Clovers Size S Bracelet,Van Cleef & Arpels,Bracelets,ACTIVE,J10144,1,18000.00,true,3,true,true,false,3000,Excellent pre-owned condition; signed and authenticated,antique-estate|backvault-feed|Bracelets|Circa 2022|designer-jewelry|ebay|Van Cleef & Arpels
gid://shopify/Product/7633232953415,bv-van-cleef-arpels-18k-white-gold-perlee-clover-diamond-size-s-bracelet-j10143,Van Cleef & Arpels 18K White Gold Perlee Clover Diamond Size S Bracelet,Van Cleef & Arpels,Bracelets,ACTIVE,J10143,1,18000.00,true,10,true,true,false,3000,Excellent pre-owned condition; signed and authenticated,antique-estate|backvault-feed|Bracelets|Circa 2022|designer-jewelry|ebay|Van Cleef & Arpels
gid://shopify/Product/7633232986183,bv-david-webb-platinum-18k-yellow-gold-stitch-round-diamond-bangle-bracelet-j10126,David Webb Platinum & 18K Yellow Gold Stitch Round Diamond Bangle Bracelet,David Webb,Bracelets,ACTIVE,J10126,1,19300.00,true,6,true,true,false,3000,Excellent pre-owned condition; signed and authenticated,antique-estate|backvault-feed|Bracelets|David Webb|designer-jewelry|ebay
gid://shopify/Product/7633233018951,bv-david-webb-platinum-18k-yellow-gold-red-enamel-door-knockers-earrings-rr8336,David Webb Platinum & 18K Yellow Gold Red Enamel Door Knockers Earrings,David Webb,Earrings,ACTIVE,RR8336,1,18300.00,true,4,true,true,false,3000,Excellent pre-owned condition; signed and authenticated,antique-estate|backvault-feed|David Webb|designer-jewelry|Earrings|ebay
gid://shopify/Product/7633233051719,bv-van-cleef-arpels-18k-yellow-gold-rose-de-noel-2-inches-white-coral-brooch-j10127,Van Cleef & Arpels 18K Yellow Gold Rose De Noel 2 Inches Coral Brooch,Van Cleef & Arpels,Brooches,ACTIVE,J10127,1,46000.00,true,4,true,true,false,3000,Excellent pre-owned condition; signed and authenticated,antique-estate|backvault-feed|Brooches|designer-jewelry|ebay|Van Cleef & Arpels
gid://shopify/Product/7633233117255,bv-david-webb-18k-yellow-gold-black-enamel-with-gemstones-and-diamonds-bracelet-j10101,David Webb 18K Yellow Gold Black Enamel With Gemstones And Diamonds Bracelet,David Webb,Bracelets,ACTIVE,J10101,1,29100.00,true,4,true,true,false,3000,Excellent pre-owned condition; signed and authenticated,antique-estate|backvault-feed|Bracelets|David Webb|designer-jewelry|ebay|Vintage
gid://shopify/Product/7633233182791,bv-vintage-18k-yellow-gold-vine-front-facing-hoop-earrings-rr9861,Cartier Vintage 18K Yellow Gold Vine Front Facing Hoop Earrings,Cartier,Earrings,ACTIVE,RR9861,1,19300.00,true,4,true,true,false,3000,Pre-owned; authenticated by Laura Milman New York,antique-estate|backvault-feed|Cartier|designer-jewelry|Earrings|ebay|Vintage
gid://shopify/Product/7633233248327,bv-david-webb-platinum-18k-yellow-gold-stripe-black-enamel-diamond-zig-zag-bracelet-rr9601,David Webb Platinum & 18K Yellow Gold Stripe Black Enamel Diamond Zig Zag Bracelet,David Webb,Bracelets,ACTIVE,RR9601,1,24800.00,true,9,true,true,false,3000,Excellent pre-owned condition; signed and authenticated,antique-estate|backvault-feed|Bracelets|David Webb|designer-jewelry|ebay|Modern
gid://shopify/Product/7633233313863,bv-bvlgari-18k-yellow-gold-lycea-pearl-chain-33-inches-long-necklace-j10084,Bvlgari 18K Yellow Gold Lycea Pearl Chain 33 Inches Long Necklace,Bvlgari,Necklaces,ACTIVE,J10084,1,10900.00,true,7,true,true,false,3000,Excellent pre-owned condition; signed and authenticated,antique-estate|backvault-feed|Bvlgari|designer-jewelry|ebay|Modern|Necklaces
gid://shopify/Product/7633233346631,bv-bvlgari-18k-yellow-gold-34-inches-curb-link-necklace-j10085,Bvlgari 18K Yellow Gold 34 Inches Curb Link Necklace,Bvlgari,Necklaces,ACTIVE,J10085,1,46000.00,true,5,true,true,false,3000,Excellent pre-owned condition; signed and authenticated,antique-estate|backvault-feed|Bvlgari|designer-jewelry|ebay|Necklaces
gid://shopify/Product/7633233379399,bv-van-cleef-arpels-18k-yellow-gold-bouton-dor-medium-model-diamond-dial-watch-j10077,Pre-Owned Van Cleef & Arpels 18K Yellow Gold Bouton D'or Medium Model Diamond Dial Watch,Van Cleef & Arpels,Watch,ARCHIVED,J10077,0,38200.00,false,10,true,true,false,3000,Excellent pre-owned condition; signed and authenticated,antique-estate|backvault-feed|designer-jewelry|ebay|Pre-Owned Watches|Van Cleef & Arpels|Watch|Watches
gid://shopify/Product/7633233412167,bv-van-cleef-arpels-18k-yellow-gold-30-inches-convertable-bracelet-brooch-necklace-j10064,Van Cleef & Arpels 18K Yellow Gold 30 Inches Convertable Bracelet Brooch Necklace,Van Cleef & Arpels,Necklaces,ACTIVE,J10064,1,85000.00,true,5,true,true,false,3000,Excellent pre-owned condition; signed and authenticated,antique-estate|backvault-feed|designer-jewelry|ebay|Necklaces|Van Cleef & Arpels
gid://shopify/Product/7633233444935,bv-cartier-18k-yellow-gold-panthere-black-enamel-spotted-brooch-rr9953,Cartier 18K Yellow Gold Panthere Black Enamel Spotted Brooch,Cartier,Brooches,ACTIVE,RR9953,1,15400.00,true,5,true,true,false,3000,Excellent pre-owned condition; signed and authenticated,antique-estate|backvault-feed|Brooches|Cartier|designer-jewelry|ebay
gid://shopify/Product/7633233477703,bv-david-webb-platinum-18k-yellow-gold-red-enamel-diamond-dome-ring-rr9951,David Webb Platinum & 18K Yellow Gold Red Enamel Diamond Dome Ring,David Webb,Rings,ACTIVE,RR9951,1,20900.00,true,4,true,true,false,3000,Excellent pre-owned condition; signed and authenticated,antique-estate|backvault-feed|David Webb|designer-jewelry|ebay|Rings
gid://shopify/Product/7633233543239,bv-tiffany-co-schlumberger-platinum-18k-yellow-gold-blue-enamel-diamond-bracelet-rr8382,Tiffany & Co. Schlumberger Platinum & 18K Yellow Gold Blue Enamel Diamond Bracelet,Tiffany & Co.,Bracelets,ACTIVE,RR8382,1,75200.00,true,5,true,true,false,3000,Excellent pre-owned condition; signed and authenticated,antique-estate|backvault-feed|Bracelets|designer-jewelry|ebay|Tiffany & Co.
gid://shopify/Product/7633233608775,bv-david-webb-18k-yellow-gold-black-enamel-ruby-and-diamond-earrings-j10087,"David Webb 18K Yellow Gold Black Enamel, Ruby And Diamond Earrings",David Webb,Earrings,ACTIVE,J10087,1,19600.00,true,4,true,true,false,3000,Excellent pre-owned condition; signed and authenticated,antique-estate|backvault-feed|David Webb|designer-jewelry|Earrings|ebay|Vintage
gid://shopify/Product/7633233674311,bv-david-webb-platinum-18k-yellow-gold-double-lion-black-enamel-sapphire-eyes-diamonds-bracelet-rr9049,David Webb Platinum & 18K Yellow Gold Double Lion Black Enamel Sapphire Eyes Diamonds Bracelet,David Webb,Bracelets,ACTIVE,RR9049,1,176000.00,true,4,true,true,false,3000,Excellent pre-owned condition; signed and authenticated,antique-estate|backvault-feed|Bracelets|David Webb|designer-jewelry|ebay|Vintage
gid://shopify/Product/7633233707079,bv-van-cleef-arpels-18k-yellow-gold-1970s-blue-enamel-ring-and-earrings-jewelry-set-rr9854,Van Cleef & Arpels 18K Yellow Gold 1970's Blue Enamel Ring And Earrings Jewelry Set,Van Cleef & Arpels,Jewelry,ACTIVE,RR9854,1,24500.00,true,5,true,true,false,3000,Excellent pre-owned condition; signed and authenticated,antique-estate|backvault-feed|designer-jewelry|ebay|Jewelry|Van Cleef & Arpels|Vintage
gid://shopify/Product/7633233739847,bv-david-webb-18k-yellow-gold-hammered-textured-door-knockers-earrings-rr9872,David Webb 18K Yellow Gold Hammered Textured Door Knockers Earrings,David Webb,Earrings,ACTIVE,RR9872,1,10700.00,true,4,true,true,false,3000,Excellent pre-owned condition; signed and authenticated,antique-estate|backvault-feed|David Webb|designer-jewelry|Earrings|ebay
gid://shopify/Product/7633233772615,bv-bvlgari-18k-rose-gold-serpent-diamond-and-emerald-earrings-rr9868,Bvlgari 18K Rose Gold Serpent Diamond And Emerald Earrings,Bvlgari,Earrings,ACTIVE,RR9868,1,24800.00,true,5,true,true,false,3000,Excellent pre-owned condition; signed and authenticated,antique-estate|backvault-feed|Bvlgari|designer-jewelry|Earrings|ebay|Vintage
gid://shopify/Product/7633233805383,bv-van-cleef-arpels-18k-yellow-gold-green-emerald-yellow-sapphire-mother-of-pearl-necklace-j10073,"Van Cleef & Arpels 18K Yellow Gold Green Emerald, Yellow Sapphire, Mother Of Pearl Necklace",Van Cleef & Arpels,Necklaces,ACTIVE,J10073,1,42500.00,true,6,true,true,false,3000,Excellent pre-owned condition; signed and authenticated,antique-estate|backvault-feed|designer-jewelry|ebay|Necklaces|Van Cleef & Arpels|Vintage
gid://shopify/Product/7633233870919,bv-van-cleef-arpels-18k-yellow-gold-rose-de-noel-white-coral-large-model-brooch-j10072,Van Cleef & Arpels 18K Yellow Gold Rose De Noel White Coral Large Model Brooch,Van Cleef & Arpels,Brooches,ACTIVE,J10072,1,42100.00,true,5,true,true,false,3000,Excellent pre-owned condition; signed and authenticated,antique-estate|backvault-feed|Brooches|designer-jewelry|ebay|Van Cleef & Arpels
gid://shopify/Product/7633233903687,bv-graff-18k-white-gold-threads-baguette-and-round-earrings-j10068,Graff 18K White Gold Threads Baguette And Round Earrings,Graff,Earrings,ACTIVE,J10068,1,19000.00,true,5,true,true,false,3000,Excellent pre-owned condition; signed and authenticated,antique-estate|backvault-feed|designer-jewelry|Earrings|ebay|Graff
gid://shopify/Product/7633233969223,bv-chopard-happy-diamonds-18k-yellow-gold-three-diamond-floating-0-25cttw-earrings-j10054,Chopard Happy Diamonds 18K Yellow Gold Three Diamond Floating 0.25cttw Earrings,Chopard,Earrings,ARCHIVED,J10054,0,5300.00,false,4,false,true,false,,Excellent pre-owned condition; signed and authenticated,antique-estate|backvault-feed|Chopard|designer-jewelry|Earrings
gid://shopify/Product/7633234001991,bv-david-webb-platinum-18k-yellow-gold-baroque-pearl-diamond-ring-rr9866,David Webb Platinum & 18K Yellow Gold Baroque Pearl Diamond Ring,David Webb,Rings,ACTIVE,RR9866,1,17000.00,true,5,true,true,false,3000,Very Good pre-owned condition; signed and authenticated,antique-estate|backvault-feed|David Webb|designer-jewelry|ebay|Rings|Vintage
gid://shopify/Product/7633234034759,bv-graff-18k-white-gold-15-75cttw-diamond-necklace-rr9863,Graff 18K White Gold 15.75cttw Diamond Necklace,Graff,Necklaces,ACTIVE,RR9863,1,39100.00,true,4,true,true,false,3000,Excellent pre-owned condition; signed and authenticated,antique-estate|backvault-feed|designer-jewelry|ebay|Graff|Necklaces
gid://shopify/Product/7633234067527,bv-david-webb-platinum-18k-yellow-gold-pagoda-tassel-drop-earrings-rr9943,David Webb Platinum & 18K Yellow Gold Pagoda Tassel Drop Earrings,David Webb,Earrings,ACTIVE,RR9943,1,88200.00,true,4,true,true,false,3000,Excellent pre-owned condition; signed and authenticated,antique-estate|backvault-feed|David Webb|designer-jewelry|Earrings|ebay|Vintage
gid://shopify/Product/7633234100295,bv-tiffany-co-schlumberger-platinum-18k-yellow-gold-blue-enamel-and-diamond-earrings-rr9857,Tiffany & Co. Schlumberger Platinum & 18K Yellow Gold Blue Enamel And Diamond Earrings,Tiffany & Co.,Earrings,ACTIVE,RR9857,1,23200.00,true,5,true,true,false,3000,Excellent pre-owned condition; signed and authenticated,antique-estate|backvault-feed|designer-jewelry|Earrings|ebay|Tiffany & Co.
gid://shopify/Product/7633234133063,bv-cartier-18k-white-gold-pave-diamond-heart-necklace-rr9853,Cartier 18K White Gold Pave Diamond Heart Necklace,Cartier,Necklaces,ACTIVE,RR9853,1,6900.00,true,4,true,true,false,3000,Pre-owned; authenticated by Laura Milman New York,antique-estate|backvault-feed|Cartier|designer-jewelry|ebay|Necklaces
gid://shopify/Product/7633234165831,bv-david-webb-platinum-18k-yellow-gold-carved-coral-mountain-goat-capricorn-brooch-rr9839,David Webb Platinum & 18K Yellow Gold Carved Coral Mountain Goat Capricorn Brooch,David Webb,Brooches,ACTIVE,RR9839,1,49200.00,true,5,true,true,false,3000,Excellent pre-owned condition; signed and authenticated,antique-estate|backvault-feed|Brooches|David Webb|designer-jewelry|ebay|Vintage
gid://shopify/Product/7633234231367,bv-david-webb-18k-yellow-gold-jade-and-turquoise-door-knocker-earrings-rr9924,David Webb 18K Yellow Gold Jade And Turquoise Door Knocker Earrings,David Webb,Earrings,ACTIVE,RR9924,1,30000.00,true,4,true,true,false,3000,Excellent pre-owned condition; signed and authenticated,antique-estate|backvault-feed|David Webb|designer-jewelry|Earrings|ebay
gid://shopify/Product/7633234264135,bv-david-webb-18k-yellow-gold-french-chinos-carved-jade-pendant-rr9920,David Webb 18K Yellow Gold French Chinos Carved Jade Pendant,David Webb,Pendants,ACTIVE,RR9920,1,51800.00,true,4,true,true,false,3000,Excellent pre-owned condition; signed and authenticated,antique-estate|backvault-feed|David Webb|designer-jewelry|ebay|Pendants
gid://shopify/Product/7633234296903,bv-david-webb-18k-yellow-gold-cabochon-cut-green-emerald-and-diamond-heraldic-brooch-rr9918,David Webb 18K Yellow Gold Cabochon Cut Green Emerald And Diamond Heraldic Brooch,David Webb,Brooches,ACTIVE,RR9918,1,19600.00,true,4,true,true,false,3000,Excellent pre-owned condition; signed and authenticated,antique-estate|backvault-feed|Brooches|David Webb|designer-jewelry|ebay
gid://shopify/Product/7633234329671,bv-cartier-18k-rose-gold-captive-55mm-diamond-bezel-and-diamond-dial-watch-rr9917,Pre-Owned Cartier 18K Rose Gold Captive 55mm Diamond Bezel And Diamond Dial Watch,Cartier,Watch,ACTIVE,RR9917,1,59000.00,true,5,true,true,false,3000,Excellent pre-owned condition; signed and authenticated,antique-estate|backvault-feed|Cartier|designer-jewelry|ebay|Pre-Owned Watches|Watch|Watches
gid://shopify/Product/7633234395207,bv-david-webb-18k-yellow-gold-1960s-tiger-eye-long-bead-with-a-frog-necklace-rr9915,David Webb 18K Yellow Gold 1960's Tiger Eye Long Bead With A Frog Necklace,David Webb,Necklaces,ACTIVE,RR9915,1,50800.00,true,5,true,true,false,3000,Excellent pre-owned condition; signed and authenticated,antique-estate|backvault-feed|David Webb|designer-jewelry|ebay|Necklaces|Vintage
gid://shopify/Product/7633234427975,bv-cartier-delices-de-goa-amethyst-coral-and-diamond-ring-rr9837,"Cartier Delices De Goa Amethyst, Coral And Diamond Ring",Cartier,Rings,ACTIVE,RR9837,1,28400.00,true,5,true,true,false,3000,Excellent pre-owned condition; signed and authenticated,antique-estate|backvault-feed|Cartier|designer-jewelry|ebay|Modern|Rings
gid://shopify/Product/7633234493511,bv-chopard-18k-yellow-gold-happy-diamond-round-1-20cttw-stud-earrings-j10036,Chopard 18K Yellow Gold Happy Diamond Round 1.20cttw Stud Earrings,Chopard,Earrings,ACTIVE,J10036,1,6300.00,true,5,true,true,false,3000,Excellent pre-owned condition; signed and authenticated,antique-estate|backvault-feed|Chopard|designer-jewelry|Earrings|ebay
gid://shopify/Product/7633234526279,bv-cartier-18k-tri-color-trinity-diamond-spotted-panthere-circle-necklace-rr9962,Cartier 18K Tri Color Trinity Diamond Spotted Panthere Circle Necklace,Cartier,Necklaces,ACTIVE,RR9962,1,20000.00,true,4,true,true,false,3000,Excellent pre-owned condition; signed and authenticated,antique-estate|backvault-feed|Cartier|designer-jewelry|ebay|Necklaces
gid://shopify/Product/7633234591815,bv-david-webb-platinum-18k-yellow-gold-coral-carved-black-enamel-oval-clip-earrings-rr9836,David Webb Platinum & 18K Yellow Gold Coral Carved Black Enamel Oval Clip Earrings,David Webb,Earrings,ACTIVE,RR9836,1,26100.00,true,4,true,true,false,3000,Excellent pre-owned condition; signed and authenticated,antique-estate|backvault-feed|David Webb|designer-jewelry|Earrings|ebay
gid://shopify/Product/7633234624583,bv-david-webb-platinum-18k-yellow-gold-white-enamel-bombe-dome-geodesic-earrings-rr9835,David Webb Platinum & 18K Yellow Gold White Enamel Bombe Dome Geodesic Earrings,David Webb,Earrings,ACTIVE,RR9835,1,17000.00,true,2,true,true,false,3000,Excellent pre-owned condition; signed and authenticated,antique-estate|backvault-feed|David Webb|designer-jewelry|Earrings|ebay
gid://shopify/Product/7633234657351,bv-tiffany-co-schlumberger-platinum-18k-yellow-gold-banana-black-enamel-earrings-rr9820,Tiffany & Co. Schlumberger Platinum & 18K Yellow Gold Banana Black Enamel Earrings,Tiffany & Co.,Earrings,ACTIVE,RR9820,1,10500.00,true,5,true,true,false,3000,Excellent pre-owned condition; signed and authenticated,antique-estate|backvault-feed|designer-jewelry|Earrings|ebay|Tiffany & Co.|Vintage
gid://shopify/Product/7633234690119,bv-cartier-18k-white-gold-diamond-and-onyx-menotte-ring-rr9772,Cartier 18K White Gold Diamond And Onyx Menotte Ring,Cartier,Rings,ACTIVE,RR9772,1,14100.00,true,4,true,true,false,3000,Excellent pre-owned condition; signed and authenticated,antique-estate|backvault-feed|Cartier|designer-jewelry|ebay|Rings
gid://shopify/Product/7633234755655,bv-david-webb-platinum-18k-yellow-gold-jade-textured-drop-earrings-rr9747,David Webb Platinum & 18K Yellow Gold Jade Textured Drop Earrings,David Webb,Earrings,ACTIVE,RR9747,1,17000.00,true,3,true,true,false,3000,Excellent pre-owned condition; signed and authenticated,antique-estate|backvault-feed|David Webb|designer-jewelry|Earrings|ebay
gid://shopify/Product/7633234788423,bv-david-webb-18k-yellow-gold-spike-black-enamel-pyramid-slip-on-bracelet-rr9725,David Webb 18K Yellow Gold Spike Black Enamel Pyramid Slip On Bracelet,David Webb,Bracelets,ACTIVE,RR9725,1,42700.00,true,5,true,true,false,3000,Excellent pre-owned condition; signed and authenticated,antique-estate|backvault-feed|Bracelets|David Webb|designer-jewelry|ebay
gid://shopify/Product/7633234821191,bv-marina-b-18k-yellow-gold-green-emerald-and-diamond-cuff-bracelet-rr9912,Marina B . 18K Yellow Gold Green Emerald And Diamond Cuff Bracelet,Marina B,Bracelets,ACTIVE,RR9912,1,28400.00,true,8,true,true,false,3000,Excellent pre-owned condition; signed and authenticated,antique-estate|backvault-feed|Bracelets|designer-jewelry|ebay|Marina B
gid://shopify/Product/7633234853959,bv-david-webb-platinum-1960s-pearl-multi-string-diamond-clasp-bracelet-rr9904,David Webb Platinum 1960's Pearl Multi-String Diamond Clasp Bracelet,David Webb,Bracelets,ACTIVE,RR9904,1,14400.00,true,3,true,true,false,3000,Excellent pre-owned condition; signed and authenticated,antique-estate|backvault-feed|Bracelets|David Webb|designer-jewelry|ebay|Vintage
gid://shopify/Product/7633234886727,bv-david-webb-platinum-18k-yellow-gold-turquoise-lapis-and-diamond-clip-on-earrings-rr9879,David Webb Platinum & 18K Yellow Gold Turquoise Lapis And Diamond Clip On Earrings,David Webb,Earrings,ACTIVE,RR9879,1,16700.00,true,4,true,true,false,3000,Excellent pre-owned condition; signed and authenticated,antique-estate|backvault-feed|David Webb|designer-jewelry|Earrings|ebay
gid://shopify/Product/7633234919495,bv-david-webb-platinum-18k-yellow-gold-8-75cttw-round-diamond-crossover-bracelet-rr8229,David Webb Platinum & 18K Yellow Gold 8.75cttw Round Diamond Crossover Bracelet,David Webb,Bracelets,ACTIVE,RR8229,1,50500.00,true,4,true,true,false,3000,Excellent pre-owned condition; signed and authenticated,antique-estate|backvault-feed|Bracelets|David Webb|designer-jewelry|ebay|Modern
gid://shopify/Product/7633234952263,bv-david-webb-platinum-18k-yellow-gold-pave-set-diamonds-and-black-enamel-ring-rr9898,David Webb Platinum & 18K Yellow Gold Pave Set Diamonds And Black Enamel Ring,David Webb,Rings,ACTIVE,RR9898,1,16700.00,true,4,true,true,false,3000,Excellent pre-owned condition; signed and authenticated,antique-estate|backvault-feed|David Webb|designer-jewelry|ebay|Rings
gid://shopify/Product/7633234985031,bv-cartier-panthere-18k-yellow-gold-black-onyx-nose-and-green-eyes-cuff-links-rr9895,Cartier Panthere 18K Yellow Gold Black Onyx Nose And Green Eyes Cuff Links,Cartier,Cufflinks,ARCHIVED,RR9895,0,11300.00,false,5,false,true,false,,Excellent pre-owned condition; signed and authenticated,antique-estate|backvault-feed|Cartier|Cufflinks|designer-jewelry
gid://shopify/Product/7633235017799,bv-david-webb-platinum-18k-yellow-gold-cabochon-pear-shaped-lapis-and-diamond-clip-earrings-rr9818,David Webb Platinum & 18K Yellow Gold Cabochon Pear Shaped Lapis And Diamond Clip Earrings,David Webb,Earrings,ACTIVE,RR9818,1,28400.00,true,4,true,true,false,3000,Excellent pre-owned condition; signed and authenticated,antique-estate|backvault-feed|David Webb|designer-jewelry|Earrings|ebay
gid://shopify/Product/7633235050567,bv-david-webb-platinum-18k-yellow-gold-coral-onyx-turquoise-necklace-rr9814,"David Webb Platinum & 18K Yellow Gold Coral, Onyx, Turquoise Necklace",David Webb,Necklaces,ACTIVE,RR9814,1,50800.00,true,4,true,true,false,3000,Excellent pre-owned condition; signed and authenticated,antique-estate|backvault-feed|David Webb|designer-jewelry|ebay|Necklaces
gid://shopify/Product/7633235148871,bv-van-cleef-arpels-18k-yellow-gold-manchette-hammered-cuff-bracelet-rr9813,Van Cleef & Arpels 18ky Gold “jackie O” Manchette Cuff Bracelet,Van Cleef & Arpels,Bracelets,ACTIVE,RR9813,1,89500.00,true,9,true,true,false,3000,Excellent pre-owned condition; signed and authenticated,antique-estate|backvault-feed|Bracelets|designer-jewelry|ebay|Van Cleef & Arpels
gid://shopify/Product/7633235181639,bv-david-webb-platinum-18k-yellow-gold-with-bark-finish-estate-step-ring-rr9808,David Webb Platinum & 18K Yellow Gold With Bark Finish Estate Step Ring,David Webb,Rings,ACTIVE,RR9808,1,12200.00,true,5,true,true,false,3000,Excellent pre-owned condition; signed and authenticated,antique-estate|backvault-feed|Contemporary|David Webb|designer-jewelry|ebay|Rings
gid://shopify/Product/7633235214407,bv-david-webb-18k-yellow-gold-black-and-white-enamel-diamond-ring-rr9776,David Webb 18K Yellow Gold Black And White Enamel Diamond Ring,David Webb,Rings,ACTIVE,RR9776,1,19300.00,true,4,true,true,false,3000,Excellent pre-owned condition; signed and authenticated,antique-estate|backvault-feed|David Webb|designer-jewelry|ebay|Rings
gid://shopify/Product/7633235279943,bv-harry-winston-platinum-7-charm-vintage-bracelet-rr9865,Harry Winston Platinum 7 Charm Vintage Bracelet,Harry Winston,Bracelets,ACTIVE,RR9865,1,20900.00,true,4,true,true,false,3000,Excellent pre-owned condition; signed and authenticated,antique-estate|backvault-feed|Bracelets|designer-jewelry|ebay|Harry Winston|Vintage
gid://shopify/Product/7633235312711,bv-van-cleef-arpels-18k-yellow-gold-5-row-pave-round-cut-diamond-ring-rr9809,Van Cleef & Arpels 18K Yellow Gold 5 Row Pave Round Cut Diamond Ring,Van Cleef & Arpels,Rings,ACTIVE,RR9809,1,25800.00,true,4,true,true,false,3000,Very Good pre-owned condition; signed and authenticated,antique-estate|backvault-feed|designer-jewelry|ebay|Rings|Van Cleef & Arpels
gid://shopify/Product/7633235345479,bv-david-webb-18k-yellow-gold-zebra-style-pave-diamond-set-dome-clip-on-earrings-rr9723,David Webb 18K Yellow Gold Zebra Style Pave Diamond Set Dome Clip On Earrings,David Webb,Earrings,ACTIVE,RR9723,1,37500.00,true,4,true,true,false,3000,Excellent pre-owned condition; signed and authenticated,antique-estate|backvault-feed|David Webb|designer-jewelry|Earrings|ebay
gid://shopify/Product/7633235411015,bv-david-webb-platinum-18k-yellow-gold-white-enamel-and-diamond-mini-hoop-earrings-rr9722,David Webb Platinum & 18K Yellow Gold White Enamel And Diamond Mini Hoop Earrings,David Webb,Earrings,ACTIVE,RR9722,1,18300.00,true,4,true,true,false,3000,Excellent pre-owned condition; signed and authenticated,antique-estate|backvault-feed|David Webb|designer-jewelry|Earrings|ebay
gid://shopify/Product/7633235443783,bv-cartier-18k-two-tone-honeymoon-huggie-earrings-rr9761,Cartier 18K Two Tone Honeymoon Huggie Earrings,Cartier,Earrings,ACTIVE,RR9761,1,11800.00,true,5,true,true,false,3000,Excellent pre-owned condition; signed and authenticated,antique-estate|backvault-feed|Cartier|designer-jewelry|Earrings|ebay
gid://shopify/Product/7633235476551,bv-cartier-18k-white-and-rose-gold-love-12-diamonds-size-17-bracelet-rr9750,Cartier 18K White And Rose Gold Love 12 Diamonds Size 17 Bracelet,Cartier,Bracelets,ACTIVE,RR9750,1,16400.00,true,5,true,true,false,3000,Excellent pre-owned condition; signed and authenticated,antique-estate|backvault-feed|Bracelets|Cartier|designer-jewelry|ebay
gid://shopify/Product/7633235509319,bv-cartier-18k-yellow-gold-double-panthere-ring-rr9746,Cartier 18K Yellow Gold Double Panthere Ring,Cartier,Rings,ARCHIVED,RR9746,0,16500.00,false,6,false,true,false,,Very Good pre-owned condition; signed and authenticated,antique-estate|backvault-feed|Cartier|designer-jewelry|Rings|Vintage
gid://shopify/Product/7633235574855,bv-cartier-paris-nouvelle-vague-18k-yellow-gold-blue-lapis-and-diamond-ring-rr9724,Cartier Paris Nouvelle Vague 18K Yellow Gold Blue Lapis And Diamond Ring,Cartier,Rings,ACTIVE,RR9724,1,68700.00,true,4,true,true,false,3000,Excellent pre-owned condition; signed and authenticated,antique-estate|backvault-feed|Cartier|designer-jewelry|ebay|Rings
gid://shopify/Product/7633235607623,bv-david-webb-platinum-18k-yellow-gold-bombe-highly-decorated-diamond-sapphire-and-emerald-earrings-rr7070,"David Webb Platinum & 18K Yellow Gold Bombe Highly Decorated Diamond, Sapphire And Emerald Clip Earrings",David Webb,Earrings,ACTIVE,RR7070,1,64200.00,true,4,true,true,false,3000,Excellent pre-owned condition; signed and authenticated,antique-estate|backvault-feed|David Webb|designer-jewelry|Earrings|ebay
gid://shopify/Product/7633235640391,bv-david-webb-platinum-40-carat-diamond-feather-set-of-two-brooch-rr6784,David Webb Platinum 40 Carat Diamond Feather Set Of Two Brooch,David Webb,Brooches,ACTIVE,RR6784,1,85000.00,true,5,true,true,false,3000,Excellent pre-owned condition; signed and authenticated,antique-estate|backvault-feed|Brooches|David Webb|designer-jewelry|ebay
gid://shopify/Product/7633235673159,bv-cartier-18k-white-gold-maillon-panthere-hoop-earrings-rr9795,Cartier 18K White Gold Maillon Panthere Hoop Earrings,Cartier,Earrings,ACTIVE,RR9795,1,13100.00,true,4,true,true,false,3000,Excellent pre-owned condition; signed and authenticated,antique-estate|backvault-feed|Cartier|designer-jewelry|Earrings|ebay
gid://shopify/Product/7633235705927,bv-cartier-18k-yellow-gold-1970s-cascade-earrings-rr9705,Cartier 18K Yellow Gold 1970's Cascade Earrings,Cartier,Earrings,ACTIVE,RR9705,1,12800.00,true,4,true,true,false,3000,Excellent pre-owned condition; signed and authenticated,antique-estate|backvault-feed|Cartier|designer-jewelry|Earrings|ebay|Vintage
gid://shopify/Product/7633235804231,bv-david-webb-18k-yellow-gold-star-sapphire-nephrite-jade-ring-rr7335,David Webb 18K Yellow Gold Star Sapphire Nephrite Jade Ring,David Webb,Rings,ARCHIVED,RR7335,0,31000.00,false,5,true,true,false,3000,Excellent pre-owned condition; signed and authenticated,antique-estate|backvault-feed|David Webb|designer-jewelry|ebay|Rings
gid://shopify/Product/7633235836999,bv-tiffany-co-paloma-picasso-18k-yellow-gold-blue-enamel-star-bracelet-rr9698,Tiffany & Co. Paloma Picasso 18K Yellow Gold Blue Enamel Star Bracelet,Tiffany & Co.,Bracelets,ACTIVE,RR9698,1,49200.00,true,5,true,true,false,3000,Excellent pre-owned condition; signed and authenticated,antique-estate|backvault-feed|Bracelets|designer-jewelry|ebay|Tiffany & Co.
gid://shopify/Product/7633235869767,bv-david-webb-platinum-18k-yellow-4,David Webb Platinum & 18K Yellow Gold Pave Hammered Diamond Cocktail Ring,David Webb,Rings,ACTIVE,RR9693,1,18300.00,true,5,true,true,false,3000,Excellent pre-owned condition; signed and authenticated,antique-estate|backvault-feed|David Webb|designer-jewelry|ebay|Rings
gid://shopify/Product/7633235902535,bv-chopard-platinum-deco-diamond-and-green-emerald-watch-rr9688,Pre-Owned Chopard Platinum Deco Diamond And Green Emerald Women Watch,Chopard,Watch,ACTIVE,RR9688,1,12800.00,true,5,true,true,false,3000,Good pre-owned condition; signed and authenticated,antique-estate|Art Deco|backvault-feed|Chopard|designer-jewelry|ebay|Pre-Owned Watches|Watch|Watches
gid://shopify/Product/7633235935303,bv-cartier-18k-white-gold-love-black-ceramic-eu-49-ring-rr9687,Cartier 18K White Gold Love Black Ceramic Eu 49 Ring,Cartier,Rings,ACTIVE,RR9687,1,6600.00,true,4,true,true,false,3000,Good pre-owned condition; signed and authenticated,antique-estate|backvault-feed|Cartier|designer-jewelry|ebay|Modern|Rings
gid://shopify/Product/7633235968071,bv-cartier-18k-yellow-gold-1970s-wire-twist-disk-chain-necklace-rr9706,Cartier 18K Yellow Gold 1970's Wire Twist Disk Chain Necklace,Cartier,Necklaces,ACTIVE,RR9706,1,28400.00,true,4,true,true,false,3000,Excellent pre-owned condition; signed and authenticated,antique-estate|backvault-feed|Cartier|designer-jewelry|ebay|Necklaces|Vintage
gid://shopify/Product/7633236033607,bv-bvlgari-18k-yellow-gold-1960s-diamond-link-18-inches-necklace-rr9657,Bvlgari 18K Yellow Gold 1960's Diamond Link Chain,Bvlgari,Necklaces,ACTIVE,RR9657,1,33600.00,true,5,true,true,false,3000,Excellent pre-owned condition; signed and authenticated,antique-estate|backvault-feed|Bvlgari|Circa 1960|designer-jewelry|ebay|Necklaces
gid://shopify/Product/7633236131911,bv-van-cleef-arpels-18k-yellow-gold-1960s-cabochon-cut-green-emerald-and-diamond-ring-rr9656,Van Cleef & Arpels 18K Yellow Gold 1960's Cabochon Cut Green Emerald And Diamond Ring,Van Cleef & Arpels,Rings,ACTIVE,RR9656,1,59000.00,true,5,true,true,false,3000,Excellent pre-owned condition; signed and authenticated,antique-estate|backvault-feed|designer-jewelry|ebay|Rings|Van Cleef & Arpels|Vintage
gid://shopify/Product/7633236164679,bv-tiffany-co-schlumberger-18k-yellow-gold-dark-green-enamel-and-diamond-bracelet-rr9636,Tiffany & Co. Schlumberger 18K Yellow Gold Dark Green Enamel And Diamond Bracelet,Tiffany & Co.,Bracelets,ACTIVE,RR9636,1,68700.00,true,5,true,true,false,3000,Excellent pre-owned condition; signed and authenticated,antique-estate|backvault-feed|Bracelets|designer-jewelry|ebay|Tiffany & Co.
gid://shopify/Product/7633236197447,bv-tiffany-co-legacy-platinum-1-50cttw-round-diamond-ring-rr9202,Tiffany & Co. Legacy Platinum 1.50cttw Round Diamond Ring,Tiffany & Co.,Rings,ACTIVE,RR9202,1,7600.00,true,4,true,true,false,3000,Excellent pre-owned condition; signed and authenticated,antique-estate|backvault-feed|designer-jewelry|ebay|Rings|Tiffany & Co.
gid://shopify/Product/7633236230215,bv-cartier-platinum-5-50cttw-princess-cut-diamond-eternity-eu-49-ring-rr9633,Cartier Platinum 5.50cttw Princess Cut Diamond Eternity Eu 49 Ring,Cartier,Rings,ACTIVE,RR9633,1,13100.00,true,4,true,true,false,3000,Excellent pre-owned condition; signed and authenticated,antique-estate|backvault-feed|Cartier|designer-jewelry|ebay|Rings
gid://shopify/Product/7633236295751,bv-cartier-18k-yellow-gold-trinity-diamond-slip-on-bracelet-rr9627,Cartier 18K Yellow Gold Trinity Diamond Slip On Bracelet,Cartier,Bracelets,ACTIVE,RR9627,1,33000.00,true,4,true,true,false,3000,Excellent pre-owned condition; signed and authenticated,antique-estate|backvault-feed|Bracelets|Cartier|designer-jewelry|ebay
gid://shopify/Product/7633236361287,bv-hermes-18k-yellow-gold-clic-clac-h-diamond-black-enamel-bracelet-rr9622,Hermès 18K Yellow Gold Clic Clac H Diamond Black Enamel Bracelet,Hermès,Bracelets,ACTIVE,RR9622,1,33000.00,true,7,true,true,false,3000,Excellent pre-owned condition; signed and authenticated,antique-estate|backvault-feed|Bracelets|designer-jewelry|ebay|Hermès
gid://shopify/Product/7633236394055,bv-david-webb-platinum-18k-yellow-gold-zig-zag-diamond-motif-white-enamel-bangle-bracelet-rr9600,David Webb Platinum & 18K Yellow Gold Zig Zag Diamond Motif White Enamel Bangle Bracelet,David Webb,Bracelets,ACTIVE,RR9600,1,24800.00,true,7,true,true,false,3000,Excellent pre-owned condition; signed and authenticated,antique-estate|backvault-feed|Bracelets|David Webb|designer-jewelry|ebay|Modern
gid://shopify/Product/7633236426823,bv-van-cleef-arpels-18k-yellow-gold-sapphire-and-diamond-hoop-earrings-rr9592,Van Cleef & Arpels 18K Yellow Gold Sapphire And Diamond Hoop Earrings,Van Cleef & Arpels,Earrings,ACTIVE,RR9592,1,28400.00,true,3,true,true,false,3000,Excellent pre-owned condition; signed and authenticated,antique-estate|backvault-feed|designer-jewelry|Earrings|ebay|Van Cleef & Arpels
gid://shopify/Product/7633236459591,bv-tiffany-co-schlumberger-platinum-18k-yellow-gold-vigne-diamond-ring-rr9589,Tiffany & Co. Schlumberger Platinum & 18K Yellow Gold Vigne Diamond Ring,Tiffany & Co.,Rings,ACTIVE,RR9589,1,21100.00,true,4,true,true,false,3000,Excellent pre-owned condition; signed and authenticated,antique-estate|backvault-feed|designer-jewelry|ebay|Rings|Tiffany & Co.
gid://shopify/Product/7633236492359,bv-david-webb-bombe-platinum-18k-yellow-gold-lozenge-detail-white-enamel-clip-on-earrings-rr9580,David Webb Bombe Platinum & 18K Yellow Gold Lozenge Detail White Enamel Clip On Earrings,David Webb,Earrings,ACTIVE,RR9580,1,14400.00,true,4,true,true,false,3000,Excellent pre-owned condition; signed and authenticated,antique-estate|backvault-feed|David Webb|designer-jewelry|Earrings|ebay
gid://shopify/Product/7633236557895,bv-david-webb-platinum-18k-yellow-gold-double-head-lion-ring-rr9571,David Webb Platinum & 18K Yellow Gold Double Head Lion Ring,David Webb,Rings,ACTIVE,RR9571,1,19600.00,true,5,true,true,false,3000,Pre-owned; authenticated by Laura Milman New York,antique-estate|backvault-feed|David Webb|designer-jewelry|ebay|Rings|Vintage
gid://shopify/Product/7633236590663,bv-tiffany-co-schlumberger-platinum-18k-yellow-gold-lozenge-blue-enamel-earrings-rr9570,Tiffany & Co. Schlumberger Platinum & 18K Yellow Gold Lozenge Blue Enamel Earrings,Tiffany & Co.,Earrings,ACTIVE,RR9570,1,14400.00,true,4,true,true,false,3000,Excellent pre-owned condition; signed and authenticated,antique-estate|backvault-feed|designer-jewelry|Earrings|ebay|Tiffany & Co.
gid://shopify/Product/7633236623431,bv-tiffany-co-schlumberger-platinum-18k-yellow-gold-red-enamel-diamond-earrings-rr9569,Tiffany & Co. Schlumberger Platinum & 18K Yellow Gold Red Enamel Diamond Earrings,Tiffany & Co.,Earrings,ACTIVE,RR9569,1,23200.00,true,5,true,true,false,3000,Excellent pre-owned condition; signed and authenticated,antique-estate|backvault-feed|designer-jewelry|Earrings|ebay|Tiffany & Co.
gid://shopify/Product/7633236656199,bv-david-webb-platinum-18k-yellow-gold-textured-diamond-nugget-bracelet-rr9545,David Webb Platinum & 18K Yellow Gold Textured Diamond Nugget Bracelet,David Webb,Bracelets,ACTIVE,RR9545,1,46000.00,true,5,true,true,false,3000,Excellent pre-owned condition; signed and authenticated,antique-estate|backvault-feed|Bracelets|David Webb|designer-jewelry|ebay
gid://shopify/Product/7633236688967,bv-david-webb-platinum-18k-yellow-gold-diamond-sapphire-and-ruby-ring-rr9517,David Webb Platinum & 18K Yellow Gold Diamond Sapphire And Ruby Ring,David Webb,Rings,ACTIVE,RR9517,1,13100.00,true,5,true,true,false,3000,Excellent pre-owned condition; signed and authenticated,antique-estate|backvault-feed|David Webb|designer-jewelry|ebay|Rings
gid://shopify/Product/7633236754503,bv-david-webb-platinum-diamond-panthere-6-50cttw-earrings-rr9554,David Webb Platinum Diamond Panthere 6.50cttw Earrings,David Webb,Earrings,ACTIVE,RR9554,1,50500.00,true,4,true,true,false,3000,Excellent pre-owned condition; signed and authenticated,antique-estate|backvault-feed|David Webb|designer-jewelry|Earrings|ebay
gid://shopify/Product/7633236787271,bv-cartier-14k-yellow-gold-1881-coin-e-pluribus-money-clip-rr9527,Cartier 14K Yellow Gold 1881 Coin E Pluribus Money Clip,Cartier,Brooches,ACTIVE,RR9527,1,5300.00,true,4,true,true,false,3000,Excellent pre-owned condition; signed and authenticated,antique-estate|backvault-feed|Brooches|Cartier|designer-jewelry|ebay|Vintage
gid://shopify/Product/7633236852807,bv-cartier-platinum-18k-yellow-gold-walking-panthere-earrings-rr9525,Cartier Platinum & 18K Yellow Gold Walking Panthere Earrings,Cartier,Earrings,ACTIVE,RR9525,1,24500.00,true,5,true,true,false,3000,Excellent pre-owned condition; signed and authenticated,antique-estate|backvault-feed|Cartier|designer-jewelry|Earrings|ebay|Vintage
gid://shopify/Product/7633236885575,bv-david-webb-platinum-18k-yellow-gold-carved-coral-diamond-rim-ring-rr9431,David Webb Platinum & 18K Yellow Gold Carved Coral Diamond Rim Ring,David Webb,Rings,ACTIVE,RR9431,1,37800.00,true,4,true,true,false,3000,Excellent pre-owned condition; signed and authenticated,antique-estate|backvault-feed|David Webb|designer-jewelry|ebay|Rings
gid://shopify/Product/7633236951111,bv-david-webb-18k-white-gold-12-50cttw-round-button-coral-and-daimond-clip-earrings-rr9498,David Webb 18K White Gold 12.50cttw Round Button Coral And Daimond Clip Earrings,David Webb,Earrings,ACTIVE,RR9498,1,59000.00,true,4,true,true,false,3000,Excellent pre-owned condition; signed and authenticated,antique-estate|backvault-feed|David Webb|designer-jewelry|Earrings|ebay|Modern
gid://shopify/Product/7633236983879,bv-david-webb-platinum-18k-yellow-gold-coral-and-4-00cttw-diamond-drop-earrings-rr9474,David Webb Platinum & 18K Yellow Gold Coral And 4.00cttw Diamond Drop Earrings,David Webb,Earrings,ARCHIVED,RR9474,0,35700.00,false,5,false,true,false,,Excellent pre-owned condition; signed and authenticated,antique-estate|backvault-feed|David Webb|designer-jewelry|Earrings
gid://shopify/Product/7633237016647,bv-david-webb-platinum-18k-yellow-gold-marquise-coral-and-5-00cttw-diamond-bracelet-rr9473,David Webb Platinum & 18K Yellow Gold Marquise Coral And 5.00cttw Diamond Bracelet,David Webb,Bracelets,ACTIVE,RR9473,1,50500.00,true,4,true,true,false,3000,Excellent pre-owned condition; signed and authenticated,antique-estate|backvault-feed|Bracelets|David Webb|designer-jewelry|ebay
gid://shopify/Product/7633237049415,bv-david-webb-yellow-gold-large-square-cushion-brown-enamel-clip-ons-earrings-rr9469,David Webb Yellow Gold Large Square Cushion Brown Enamel Clip-Ons Earrings,David Webb,Earrings,ACTIVE,RR9469,1,11200.00,true,4,true,true,false,3000,Excellent pre-owned condition; signed and authenticated,antique-estate|backvault-feed|David Webb|designer-jewelry|Earrings|ebay
gid://shopify/Product/7633237082183,bv-bvlgari-18k-white-gold-diamond-and-pearl-cuff-bangle-bracelet-rr9458,Bvlgari 18K White Gold Diamond And Pearl Cuff Bangle Bracelet,Bvlgari,Bracelets,ACTIVE,RR9458,1,14100.00,true,5,true,true,false,3000,Excellent pre-owned condition; signed and authenticated,antique-estate|backvault-feed|Bracelets|Bvlgari|designer-jewelry|ebay
gid://shopify/Product/7633237147719,bv-david-webb-platinum-18k-yellow-gold-hammered-scrolled-clip-earrings-rr9434,David Webb Platinum & 18K Yellow Gold Hammered Scrolled Clip Earrings,David Webb,Earrings,ACTIVE,RR9434,1,14100.00,true,4,true,true,false,3000,Excellent pre-owned condition; signed and authenticated,antique-estate|backvault-feed|David Webb|designer-jewelry|Earrings|ebay
gid://shopify/Product/7633237180487,bv-david-webb-18k-yellow-gold-black-enamel-jockey-horse-cuff-links-rr9412,David Webb 18K Yellow Gold Black Enamel Jockey Horse Cuff Links,David Webb,Cufflinks,ACTIVE,RR9412,1,13100.00,true,5,true,true,false,3000,Excellent pre-owned condition; signed and authenticated,antique-estate|backvault-feed|Cufflinks|David Webb|designer-jewelry|ebay
gid://shopify/Product/7633237213255,bv-david-webb-platinum-18k-yellow-gold-white-enamel-and-diamond-ring-rr9482,David Webb Platinum & 18K Yellow Gold White Enamel And Diamond Ring,David Webb,Rings,ACTIVE,RR9482,1,19600.00,true,4,true,true,false,3000,Excellent pre-owned condition; signed and authenticated,antique-estate|backvault-feed|David Webb|designer-jewelry|ebay|Rings
gid://shopify/Product/7633237246023,bv-david-webb-platinum-carved-green-emerald-and-diamond-drop-earrings-rr9477,David Webb Platinum Carved Green Emerald And Diamond Drop Earrings,David Webb,Earrings,ACTIVE,RR9477,1,50500.00,true,4,true,true,false,3000,Pre-owned; authenticated by Laura Milman New York,antique-estate|backvault-feed|David Webb|designer-jewelry|Earrings|ebay
gid://shopify/Product/7633237278791,bv-david-webb-14k-white-gold-carved-jade-ring-rr9246,David Webb 14K White Gold Carved Jade Ring,David Webb,Rings,ACTIVE,RR9246,1,6300.00,true,4,true,true,false,3000,Excellent pre-owned condition; signed and authenticated,antique-estate|backvault-feed|David Webb|designer-jewelry|ebay|Rings
gid://shopify/Product/7633237311559,bv-david-webb-18k-yellow-gold-lion-with-emerald-eye-brooch-rr9467,David Webb 18K Yellow Gold Lion With Emerald Eye Brooch,David Webb,Brooches,ACTIVE,RR9467,1,42700.00,true,4,true,true,false,3000,Pre-owned; authenticated by Laura Milman New York,antique-estate|backvault-feed|Brooches|David Webb|designer-jewelry|ebay
gid://shopify/Product/7633237409863,bv-david-webb-bypass-18k-yellow-gold-bypass-fluted-crossover-bracelet-rr9465,David Webb Bypass 18K Yellow Gold Bypass Fluted Crossover Bracelet,David Webb,Bracelets,ACTIVE,RR9465,1,31300.00,true,5,true,true,false,3000,Excellent pre-owned condition; signed and authenticated,antique-estate|backvault-feed|Bracelets|David Webb|designer-jewelry|ebay
gid://shopify/Product/7633237442631,bv-bvlgari-18k-white-gold-45-carat-pave-round-cut-diamond-twist-earrings-rr9460,Bvlgari 18K White Gold 45 Carat Pave Round Cut Diamond Twist Earrings,Bvlgari,Earrings,ACTIVE,RR9460,1,88200.00,true,5,true,true,false,3000,Excellent pre-owned condition; signed and authenticated,antique-estate|backvault-feed|Bvlgari|designer-jewelry|Earrings|ebay
gid://shopify/Product/7633237508167,bv-david-webb-platinum-18k-yellow-gold-hammered-organic-design-clip-earrings-rr9432,David Webb Platinum & 18K Yellow Gold Hammered Organic Design Clip Earrings,David Webb,Earrings,ACTIVE,RR9432,1,18300.00,true,4,true,true,false,3000,Excellent pre-owned condition; signed and authenticated,antique-estate|backvault-feed|David Webb|designer-jewelry|Earrings|ebay
gid://shopify/Product/7633237540935,bv-david-webb-platinum-18k-yellow-gold-apes-bracelet-rr7545,David Webb Platinum & 18K Yellow Gold Apes Bracelet,David Webb,Bracelets,ACTIVE,RR7545,1,47500.00,true,6,true,true,false,3000,Excellent pre-owned condition; signed and authenticated,antique-estate|backvault-feed|Bracelets|David Webb|designer-jewelry|ebay
gid://shopify/Product/7633237573703,bv-david-webb-platinum-18k-yellow-gold-rock-crystal-cross-hatched-bracelet-rr9447,David Webb Platinum & 18K Yellow Gold Rock Crystal Cross Hatched Bracelet,David Webb,Bracelets,ACTIVE,RR9447,1,42700.00,true,6,true,true,false,3000,Excellent pre-owned condition; signed and authenticated,antique-estate|backvault-feed|Bracelets|David Webb|designer-jewelry|ebay
gid://shopify/Product/7633237606471,bv-cartier-love-18k-rose-gold-4-diamond-size-16-bracelet-rr9436,Cartier Love 18K Rose Gold 4 Diamond Size 16 Bracelet,Cartier,Bracelets,ACTIVE,RR9436,1,10000.00,true,5,true,true,false,3000,Excellent pre-owned condition; signed and authenticated,antique-estate|backvault-feed|Bracelets|Cartier|designer-jewelry|ebay
gid://shopify/Product/7633237639239,bv-david-webb-18k-yellow-gold-repousee-leopard-with-green-emerald-eyes-bracelet-rr9435,David Webb 18K Yellow Gold Repousee Leopard With Green Emerald Eyes Bracelet,David Webb,Bracelets,ACTIVE,RR9435,1,41400.00,true,4,true,true,false,3000,Excellent pre-owned condition; signed and authenticated,antique-estate|backvault-feed|Bracelets|David Webb|designer-jewelry|ebay
gid://shopify/Product/7633237672007,bv-david-webb-platinum-18k-yellow-gold-white-enamel-diamond-goat-brooch-rr8370,David Webb Platinum & 18K Yellow Gold White Enamel Diamond Goat Brooch,David Webb,Brooches,ACTIVE,RR8370,1,37800.00,true,5,true,true,false,3000,Excellent pre-owned condition; signed and authenticated,antique-estate|backvault-feed|Brooches|David Webb|designer-jewelry|ebay
gid://shopify/Product/7633237704775,bv-david-webb-platinum-18k-yellow-gold-diamond-and-black-enamel-tiger-bracelet-rr6979,David Webb Platinum & 18K Yellow Gold Diamond And Black Enamel Tiger Bracelet,David Webb,Bracelets,ARCHIVED,RR6979,0,50300.00,false,5,false,true,false,,Very Good pre-owned condition; signed and authenticated,antique-estate|backvault-feed|Bracelets|David Webb|designer-jewelry
gid://shopify/Product/7633237737543,bv-david-webb-platinum-18k-yellow-gold-black-striped-tiger-with-emerald-ruby-pearl-brooch-rr6970,David Webb Platinum & 18K Yellow Gold Black Striped Tiger With Emerald Ruby Pearl Brooch,David Webb,Brooches,ACTIVE,RR6970,1,44000.00,true,4,true,true,false,3000,Excellent pre-owned condition; signed and authenticated,antique-estate|backvault-feed|Brooches|David Webb|designer-jewelry|ebay
gid://shopify/Product/7633237803079,bv-david-webb-tiger-platinum-18k-yellow-gold-enamel-stripped-bracelet-rr6268,David Webb Tiger Platinum & 18K Yellow Gold Enamel Stripped Bracelet,David Webb,Bracelets,ACTIVE,RR6268,1,52100.00,true,4,true,true,false,3000,Excellent pre-owned condition; signed and authenticated,antique-estate|backvault-feed|Bracelets|David Webb|designer-jewelry|ebay
gid://shopify/Product/7633237835847,bv-david-webb-platinum-18k-yellow-gold-white-enamel-bull-with-ruby-eyes-cuff-links-rr9411,David Webb Platinum & 18K Yellow Gold White Enamel Bull With Ruby Eyes Cuff Links,David Webb,Cufflinks,ACTIVE,RR9411,1,14400.00,true,4,true,true,false,3000,Excellent pre-owned condition; signed and authenticated,antique-estate|backvault-feed|Cufflinks|David Webb|designer-jewelry|ebay
gid://shopify/Product/7633237934151,bv-cartier-18k-yellow-gold-barbell-cuff-links-rr9408,Cartier 18K Yellow Gold Barbell Cuff Links,Cartier,Cufflinks,ACTIVE,RR9408,1,2700.00,true,4,true,true,false,3000,Excellent pre-owned condition; signed and authenticated,antique-estate|backvault-feed|Cartier|Cufflinks|designer-jewelry|ebay
gid://shopify/Product/7633237966919,bv-david-webb-platinum-18k-yellow-gold-black-enamel-goat-diamond-brooch-rr8255,David Webb Platinum & 18K Yellow Gold Black Enamel Goat Diamond Brooch,David Webb,Brooches,ACTIVE,RR8255,1,42700.00,true,4,true,true,false,3000,Excellent pre-owned condition; signed and authenticated,antique-estate|backvault-feed|Brooches|David Webb|designer-jewelry|ebay
gid://shopify/Product/7633237999687,bv-david-webb-platinum-18k-yellow-gold-white-enamel-floral-motif-open-link-bracelet-rr9107,David Webb Platinum & 18K Yellow Gold White Enamel Floral Motif Open Link Bracelet,David Webb,Bracelets,ACTIVE,RR9107,1,59000.00,true,3,true,true,false,3000,Excellent pre-owned condition; signed and authenticated,antique-estate|backvault-feed|Bracelets|David Webb|designer-jewelry|ebay
gid://shopify/Product/7633238032455,bv-david-webb-platinum-18k-yellow-gold-scrolled-hammered-brooch-rr9358,David Webb Platinum & 18K Yellow Gold Scrolled Hammered Brooch,David Webb,Brooches,ACTIVE,RR9358,1,31300.00,true,5,true,true,false,3000,Excellent pre-owned condition; signed and authenticated,antique-estate|backvault-feed|Brooches|David Webb|designer-jewelry|ebay
gid://shopify/Product/7633238065223,bv-david-webb-platinum-18k-yellow-gold-coral-onyx-and-diamond-ring-rr9357,"David Webb Platinum & 18K Yellow Gold Coral, Onyx And Diamond Ring",David Webb,Rings,ACTIVE,RR9357,1,24500.00,true,4,true,true,false,3000,Excellent pre-owned condition; signed and authenticated,antique-estate|backvault-feed|David Webb|designer-jewelry|ebay|Rings
gid://shopify/Product/7633238097991,bv-david-webb-platinum-18k-yellow-gold-black-enamel-and-diamond-cocktail-ring-rr9383,David Webb Platinum & 18K Yellow Gold Black Enamel And Diamond Cocktail Ring,David Webb,Rings,ACTIVE,RR9383,1,23500.00,true,7,true,true,false,3000,Excellent pre-owned condition; signed and authenticated,antique-estate|backvault-feed|David Webb|designer-jewelry|ebay|Rings|Vintage
gid://shopify/Product/7633238130759,bv-david-webb-platinum-18k-yellow-gold-citrine-hammered-finish-cocktail-ring-rr9337,David Webb Platinum & 18K Yellow Gold Citrine Hammered Finish Cocktail Ring,David Webb,Rings,ACTIVE,RR9337,1,24800.00,true,4,true,true,false,3000,Excellent pre-owned condition; signed and authenticated,antique-estate|backvault-feed|David Webb|designer-jewelry|ebay|Rings
gid://shopify/Product/7633238163527,bv-david-webb-platinum-18k-yellow-gold-turquoise-diamond-and-ruby-pendant-rr9351,"David Webb Platinum & 18K Yellow Gold Turquoise, Diamond And Ruby Pendant",David Webb,Pendants,ACTIVE,RR9351,1,36200.00,true,5,true,true,false,3000,Excellent pre-owned condition; signed and authenticated,antique-estate|backvault-feed|David Webb|designer-jewelry|ebay|Pendants
gid://shopify/Product/7633238229063,bv-van-cleef-arpels-alhambra-18k-yellow-gold-20-motif-circa-1985-white-coral-necklace-rr9346,Van Cleef & Arpels Alhambra 18K Yellow Gold 20 Motif Circa 1985 White Coral Necklace,Van Cleef & Arpels,Necklaces,ACTIVE,RR9346,1,68700.00,true,4,true,true,false,3000,Excellent pre-owned condition; signed and authenticated,antique-estate|backvault-feed|Circa 1985|designer-jewelry|ebay|Necklaces|Van Cleef & Arpels
gid://shopify/Product/7633238294599,bv-david-webb-platinum-18k-yellow-gold-double-head-tiger-black-enamel-bracelet-rr9312,David Webb Platinum & 18K Yellow Gold Double Head Tiger Black Enamel Bracelet,David Webb,Bracelets,ACTIVE,RR9312,1,85000.00,true,4,true,true,false,3000,Excellent pre-owned condition; signed and authenticated,antique-estate|backvault-feed|Bracelets|David Webb|designer-jewelry|ebay
gid://shopify/Product/7633238327367,bv-tiffany-co-18k-white-gold-diamond-petals-key-pendant-rr7975,Tiffany & Co. 18K White Gold Diamond Petals Key Pendant,Tiffany & Co.,Pendants,ACTIVE,RR7975,1,7300.00,true,7,true,true,false,3000,Excellent pre-owned condition; signed and authenticated,antique-estate|backvault-feed|designer-jewelry|ebay|Pendants|Tiffany & Co.
gid://shopify/Product/7633238360135,bv-david-webb-platinum-18k-yellow-gold-3-00cttw-round-cut-diamond-hammered-dome-earrings-rr9371,David Webb Platinum & 18K Yellow Gold 3.00cttw Round Cut Diamond Hammered Dome Earrings,David Webb,Earrings,ACTIVE,RR9371,1,15400.00,true,4,true,true,false,3000,Excellent pre-owned condition; signed and authenticated,antique-estate|backvault-feed|David Webb|designer-jewelry|Earrings|ebay
gid://shopify/Product/7633238392903,bv-david-webb-platinum-18k-yellow-gold-pearl-and-9-00cttw-diamond-ring-rr9269,David Webb Platinum & 18K Yellow Gold Pearl And 9.00cttw Diamond Ring,David Webb,Rings,ACTIVE,RR9269,1,32300.00,true,10,true,true,false,3000,Excellent pre-owned condition; signed and authenticated,antique-estate|backvault-feed|David Webb|designer-jewelry|ebay|Rings
gid://shopify/Product/7633238425671,bv-cartier-platinum-ballerine-solitaire-0-51ct-round-diamond-ring-rr8987,Cartier Platinum Ballerine Solitaire 0.51ct Round Diamond Ring,Cartier,Rings,ACTIVE,RR8987,1,9200.00,true,5,true,true,false,3000,Excellent pre-owned condition; signed and authenticated,antique-estate|backvault-feed|Cartier|designer-jewelry|ebay|Rings
gid://shopify/Product/7633238458439,bv-david-webb-platinum-18k-yellow-gold-multigem-emerald-ruby-and-diamond-brooch-rr9332,"David Webb Platinum & 18K Yellow Gold Multigem Emerald, Ruby And Diamond Brooch",David Webb,Brooches,ACTIVE,RR9332,1,29700.00,true,8,true,true,false,3000,Excellent pre-owned condition; signed and authenticated,antique-estate|backvault-feed|Brooches|David Webb|designer-jewelry|ebay
gid://shopify/Product/7633238523975,bv-tiffany-co-14k-yellow-gold-burma-sapphire-and-old-cut-diamond-navette-ring-rr9327,Tiffany & Co. 14K Yellow Gold Burma Sapphire And Old Cut Diamond Navette Ring,Tiffany & Co.,Rings,ACTIVE,RR9327,1,16700.00,true,4,true,true,false,3000,Very Good pre-owned condition; signed and authenticated,antique-estate|backvault-feed|designer-jewelry|ebay|Rings|Tiffany & Co.|Vintage
gid://shopify/Product/7633238556743,bv-cartier-delices-de-goa-18k-yellow-gold-delices-de-goa-diamond-coral-and-amethyst-earrings-rr9237,"Cartier Delices De Goa 18K Yellow Gold Delices De Goa Diamond, Coral And Amethyst Earrings",Cartier,Earrings,ACTIVE,RR9237,1,13100.00,true,4,true,true,false,3000,Excellent pre-owned condition; signed and authenticated,antique-estate|backvault-feed|Cartier|designer-jewelry|Earrings|ebay
gid://shopify/Product/7633238622279,bv-david-webb-platinum-18k-yellow-gold-coral-diamond-and-black-enamel-earrings-rr9301,"David Webb Platinum & 18K Yellow Gold Coral, Diamond And Black Enamel Earrings",David Webb,Earrings,ACTIVE,RR9301,1,37500.00,true,4,true,true,false,3000,Excellent pre-owned condition; signed and authenticated,antique-estate|backvault-feed|David Webb|designer-jewelry|Earrings|ebay|Vintage
gid://shopify/Product/7633238655047,bv-david-webb-18k-yellow-gold-cupid-black-enamel-diamond-studed-heart-clip-earrings-rr9297,David Webb 18K Yellow Gold Cupid Black Enamel Diamond Studed Heart Clip Earrings,David Webb,Earrings,ACTIVE,RR9297,1,24800.00,true,4,true,true,false,3000,Excellent pre-owned condition; signed and authenticated,antique-estate|backvault-feed|David Webb|designer-jewelry|Earrings|ebay
gid://shopify/Product/7633238687815,bv-cartier-trinity-18k-tri-color-trinity-round-dial-27mm-1990s-diamond-ladies-watch-rr9291,Pre-Owned Cartier Trinity 18K Tri Color Trinity Round Dial 27mm 1990's Diamond Women Watch,Cartier,Watch,ARCHIVED,RR9291,0,8700.00,false,4,false,true,false,3000,Excellent pre-owned condition; signed and authenticated,antique-estate|backvault-feed|Cartier|designer-jewelry|Pre-Owned Watches|Watch|Watches
gid://shopify/Product/7633238753351,bv-david-webb-platinum-18k-yellow-gold-virgo-male-figure-white-enamel-ring-rr9288,David Webb Platinum & 18K Yellow Gold Virgo Male Figure White Enamel Ring,David Webb,Rings,ACTIVE,RR9288,1,14400.00,true,4,true,true,false,3000,Excellent pre-owned condition; signed and authenticated,antique-estate|backvault-feed|David Webb|designer-jewelry|ebay|Rings
gid://shopify/Product/7633238786119,bv-david-webb-platinum-18k-yellow-gold-satyr-diamond-face-brooch-rr9280,David Webb Platinum & 18K Yellow Gold Satyr Diamond Face Brooch,David Webb,Brooches,ACTIVE,RR9280,1,21900.00,true,4,true,true,false,3000,Excellent pre-owned condition; signed and authenticated,antique-estate|backvault-feed|Brooches|David Webb|designer-jewelry|ebay
gid://shopify/Product/7633238818887,bv-david-webb-platinum-18k-yellow-gold-cabochon-green-emerald-and-diamond-textured-ring-rr9268,David Webb Platinum & 18K Yellow Gold Cabochon Green Emerald And Diamond Textured Ring,David Webb,Rings,ACTIVE,RR9268,1,38200.00,true,4,true,true,false,3000,Excellent pre-owned condition; signed and authenticated,antique-estate|backvault-feed|David Webb|designer-jewelry|ebay|Rings
gid://shopify/Product/7633238851655,bv-cartier-platinum-18k-yellow-gold-walking-pantheres-diamond-hoop-earrings-rr9256,Cartier Platinum & 18K Yellow Gold Walking Pantheres Diamond Hoop Earrings,Cartier,Earrings,ACTIVE,RR9256,1,37500.00,true,4,true,true,false,3000,Excellent pre-owned condition; signed and authenticated,antique-estate|backvault-feed|Cartier|designer-jewelry|Earrings|ebay
gid://shopify/Product/7633238884423,bv-david-webb-platinum-18k-yellow-gold-koi-fish-white-enamel-green-enamel-and-diamond-bracelet-rr8896,"David Webb Platinum & 18K Yellow Gold Koi Fish White Enamel, Green Enamel And Diamond Bracelet",David Webb,Bracelets,ACTIVE,RR8896,1,98000.00,true,4,true,true,false,3000,Pre-owned; authenticated by Laura Milman New York,antique-estate|backvault-feed|Bracelets|David Webb|designer-jewelry|ebay
gid://shopify/Product/7633238917191,bv-bvlgari-18k-yellow-gold-coral-and-diamond-earrings-rr8637,Bvlgari 18K Yellow Gold Coral And Diamond Earrings,Bvlgari,Earrings,ACTIVE,RR8637,1,14600.00,true,5,true,true,false,3000,Excellent pre-owned condition; signed and authenticated,antique-estate|backvault-feed|Bvlgari|designer-jewelry|Earrings|ebay
gid://shopify/Product/7633238982727,bv-chopard-18k-white-gold-chopardissimo-mirror-dial-40mm-dial-watch-rr9295,Pre-Owned Chopard 18K White Gold Chopardissimo Mirror Dial 40mm Dial Women Watch,Chopard,Watch,ACTIVE,RR9295,1,14600.00,true,4,true,true,false,3000,Excellent pre-owned condition; signed and authenticated,antique-estate|backvault-feed|Chopard|designer-jewelry|ebay|Pre-Owned Watches|Watch|Watches
gid://shopify/Product/7633239015495,bv-bvlgari-18k-yellow-gold-coral-black-enamel-and-diamond-brooch-rr9233,"Bvlgari 18K Yellow Gold Coral, Black Enamel And Diamond Brooch",Bvlgari,Brooches,ACTIVE,RR9233,1,13100.00,true,4,true,true,false,3000,Excellent pre-owned condition; signed and authenticated,antique-estate|backvault-feed|Brooches|Bvlgari|designer-jewelry|ebay
gid://shopify/Product/7633239081031,bv-bvlgari-18k-yellow-gold-coral-black-enamel-onyx-earrings-rr9230,"Bvlgari 18K Yellow Gold Coral, Black Enamel, Onyx Earrings",Bvlgari,Earrings,ACTIVE,RR9230,1,20600.00,true,4,true,true,false,3000,Excellent pre-owned condition; signed and authenticated,antique-estate|backvault-feed|Bvlgari|designer-jewelry|Earrings|ebay
gid://shopify/Product/7633239146567,bv-david-webb-platinum-18k-yellow-gold-mughal-carved-emerald-and-ruby-ring-rr9201,David Webb Platinum & 18K Yellow Gold Mughal Carved Emerald And Ruby Ring,David Webb,Rings,ACTIVE,RR9201,1,51800.00,true,9,true,true,false,3000,Excellent pre-owned condition; signed and authenticated,antique-estate|backvault-feed|David Webb|designer-jewelry|ebay|Rings
gid://shopify/Product/7633239212103,bv-david-webb-18k-yellow-gold-cabochon-emerald-sapphire-ruby-and-diamond-brooch-rr9199,"David Webb 18K Yellow Gold Cabochon Emerald, Sapphire, Ruby And Diamond Brooch",David Webb,Brooches,ACTIVE,RR9199,1,51800.00,true,7,true,true,false,3000,Excellent pre-owned condition; signed and authenticated,antique-estate|backvault-feed|Brooches|David Webb|designer-jewelry|ebay
gid://shopify/Product/7633239244871,bv-david-webb-platinum-18k-white-gold-carved-ruby-and-diamond-bombe-cocktail-ring-rr9198,David Webb Platinum & 18K White Gold Carved Ruby And Diamond Bombe Cocktail Ring,David Webb,Rings,ACTIVE,RR9198,1,59000.00,true,9,true,true,false,3000,Excellent pre-owned condition; signed and authenticated,antique-estate|backvault-feed|David Webb|designer-jewelry|ebay|Rings
gid://shopify/Product/7633239277639,bv-tiffany-co-schlumberger-platinum-18k-yellow-gold-white-enamel-diamond-bangle-bracelet-rr9183,Tiffany & Co. Schlumberger White Enamel Diamond Bangle Bracelet,Tiffany & Co.,Bracelets,ACTIVE,RR9183,1,72000.00,true,4,true,true,false,3000,Excellent pre-owned condition; signed and authenticated,antique-estate|backvault-feed|Bracelets|designer-jewelry|ebay|Tiffany & Co.
gid://shopify/Product/7633239310407,bv-cartier-18k-yellow-gold-panthere-on-a-black-onyx-necklace-rr9148,Cartier 18K Yellow Gold Panthere On A Black Onyx Necklace,Cartier,Necklaces,ACTIVE,RR9148,1,37500.00,true,4,true,true,false,3000,Excellent pre-owned condition; signed and authenticated,antique-estate|backvault-feed|Cartier|designer-jewelry|ebay|Necklaces
gid://shopify/Product/7633239375943,bv-david-webb-platinum-18k-yellow-gold-large-turquoise-and-diamond-ring-rr9147,David Webb Platinum & 18K Yellow Gold Large Turquoise And Diamond Ring,David Webb,Rings,ACTIVE,RR9147,1,75200.00,true,5,true,true,false,3000,Excellent pre-owned condition; signed and authenticated,antique-estate|backvault-feed|David Webb|designer-jewelry|ebay|Rings
gid://shopify/Product/7633239408711,bv-david-webb-platinum-18k-yellow-gold-open-link-collar-necklace-rr9146,David Webb Platinum & 18K Yellow Gold Open Link Collar Necklace,David Webb,Necklaces,ACTIVE,RR9146,1,75200.00,true,8,true,true,false,3000,Excellent pre-owned condition; signed and authenticated,antique-estate|backvault-feed|Contemporary|David Webb|designer-jewelry|ebay|Necklaces
gid://shopify/Product/7633239441479,bv-david-webb-platinum-18k-yellow-gold-pearl-diamond-black-enamel-ring-rr9123,"David Webb Platinum & 18K Yellow Gold Pearl, Diamond, Black Enamel Ring",David Webb,Rings,ACTIVE,RR9123,1,20600.00,true,4,true,true,false,3000,Excellent pre-owned condition; signed and authenticated,antique-estate|backvault-feed|David Webb|designer-jewelry|ebay|Rings
gid://shopify/Product/7633239507015,bv-david-webb-platinum-18k-yellow-gold-ram-diamond-head-brooch-rr9115,David Webb Platinum & 18K Yellow Gold Ram Diamond Head Brooch,David Webb,Brooches,ACTIVE,RR9115,1,19300.00,true,8,true,true,false,3000,Excellent pre-owned condition; signed and authenticated,antique-estate|backvault-feed|Brooches|Circa 1980|David Webb|designer-jewelry|ebay
gid://shopify/Product/7633239539783,bv-van-cleef-arpels-18k-white-gold-pearl-diamond-bombe-earrings-rr9088,Van Cleef & Arpels 18K White Gold Pearl Diamond Bombe Earrings,Van Cleef & Arpels,Earrings,ACTIVE,RR9088,1,72000.00,true,8,true,true,false,3000,Excellent pre-owned condition; signed and authenticated,antique-estate|backvault-feed|designer-jewelry|Earrings|ebay|Van Cleef & Arpels
gid://shopify/Product/7633239572551,bv-david-webb-platinum-18k-yellow-gold-carved-coral-bombe-diamond-earrings-rr9087,David Webb Platinum & 18K Yellow Gold Carved Coral Bombe Diamond Earrings,David Webb,Earrings,ACTIVE,RR9087,1,24500.00,true,4,true,true,false,3000,Excellent pre-owned condition; signed and authenticated,antique-estate|backvault-feed|David Webb|designer-jewelry|Earrings|ebay|Modern
gid://shopify/Product/7633239638087,bv-david-webb-brooch-platinum-18k-yellow-gold-newport-opal-rock-crystal-earrings-rr9197,David Webb Platinum & 18K Yellow Gold Newport Opal Rock Crystal Earrings,David Webb,Earrings,ACTIVE,RR9197,1,47900.00,true,5,true,true,false,3000,Excellent pre-owned condition; signed and authenticated,antique-estate|backvault-feed|David Webb|designer-jewelry|Earrings|ebay
gid://shopify/Product/7633239703623,bv-hermes-5-leather-bracelets-rr9182,Hermès 5 Leather Bracelets,Hermès,Bracelets,ACTIVE,RR9182,1,4400.00,true,5,true,true,false,3000,Pre-owned; authenticated by Laura Milman New York,antique-estate|backvault-feed|Bracelets|designer-jewelry|ebay|Hermès
gid://shopify/Product/7633239736391,bv-david-webb-platinum-18k-yellow-gold-oval-cut-yellow-sapphire-black-enamel-and-diamond-earrings-rr9073,"David Webb Platinum & 18K Yellow Gold Oval Cut Yellow Sapphire, Black Enamel And Diamond Earrings",David Webb,Earrings,ACTIVE,RR9073,1,20600.00,true,4,true,true,false,3000,Excellent pre-owned condition; signed and authenticated,antique-estate|backvault-feed|David Webb|designer-jewelry|Earrings|ebay
gid://shopify/Product/7633239769159,bv-david-webb-platinum-carved-coral-dolphin-clip-brooch-rr9071,David Webb Platinum Carved Coral Dolphin Clip Brooch,David Webb,Brooches,ACTIVE,RR9071,1,72000.00,true,5,true,true,false,3000,Excellent pre-owned condition; signed and authenticated,antique-estate|backvault-feed|Brooches|David Webb|designer-jewelry|ebay
gid://shopify/Product/7633239801927,bv-david-webb-platinum-cabochon-cut-green-emerald-and-diamond-ring-rr8649,David Webb Platinum Cabochon Cut Green Emerald And Diamond Ring,David Webb,Rings,ACTIVE,RR8649,1,76500.00,true,4,true,true,false,3000,Excellent pre-owned condition; signed and authenticated,antique-estate|backvault-feed|David Webb|designer-jewelry|ebay|Modern|Rings
gid://shopify/Product/7633239834695,bv-van-cleef-arpels-18k-yellow-gold-32mm-charm-diamond-bezel-alligator-blue-strap-watch-rr9229,Pre-Owned Van Cleef & Arpels 18K Yellow Gold 32mm Charm Diamond Bezel Alligator Blue Strap Women Watch,Van Cleef & Arpels,Watch,ACTIVE,RR9229,1,22000.00,true,4,true,true,false,3000,Pre-owned; authenticated by Laura Milman New York,antique-estate|backvault-feed|designer-jewelry|ebay|Pre-Owned Watches|Van Cleef & Arpels|Watch|Watches
gid://shopify/Product/7633239900231,bv-david-webb-platinum-18k-yellow-gold-white-enamel-wave-clip-earrings-rr9139,David Webb Platinum & 18K Yellow Gold White Enamel Wave Clip Earrings,David Webb,Earrings,ACTIVE,RR9139,1,13100.00,true,4,true,true,false,3000,Excellent pre-owned condition; signed and authenticated,antique-estate|backvault-feed|David Webb|designer-jewelry|Earrings|ebay
gid://shopify/Product/7633239932999,bv-david-webb-platinum-18k-yellow-gold-monkey-on-a-pearl-and-emerald-eyes-brooch-rr9108,David Webb Platinum & 18K Yellow Gold Monkey On A Pearl And Emerald Eyes Brooch,David Webb,Brooches,ACTIVE,RR9108,1,18000.00,true,9,true,true,false,3000,Excellent pre-owned condition; signed and authenticated,antique-estate|backvault-feed|Brooches|David Webb|designer-jewelry|ebay
gid://shopify/Product/7633239965767,bv-david-webb-platinum-18k-yellow-gold-maltese-diamond-and-emerald-brooch-rr9065,David Webb Platinum & 18K Yellow Gold Maltese Diamond And Emerald Brooch,David Webb,Brooches,ACTIVE,RR9065,1,27800.00,true,4,true,true,false,3000,Excellent pre-owned condition; signed and authenticated,antique-estate|backvault-feed|Brooches|Circa 1930|David Webb|designer-jewelry|ebay
gid://shopify/Product/7633239998535,bv-david-webb-platinum-18k-yellow-gold-diamond-octagon-cluster-cocktail-cream-enamel-ring-rr9058,David Webb Platinum & 18K Yellow Gold Diamond Octagon Cluster Cocktail Cream Enamel Ring,David Webb,Rings,ACTIVE,RR9058,1,24500.00,true,4,true,true,false,3000,Excellent pre-owned condition; signed and authenticated,antique-estate|backvault-feed|David Webb|designer-jewelry|ebay|Rings
gid://shopify/Product/7633240031303,bv-tiffany-co-platinum-7-20cttw-diamond-double-clip-brooch-rr9053,Tiffany & Co. Platinum 7.20cttw Diamond Double Clip Brooch,Tiffany & Co.,Brooches,ACTIVE,RR9053,1,14400.00,true,4,true,true,false,3000,Excellent pre-owned condition; signed and authenticated,antique-estate|backvault-feed|Brooches|designer-jewelry|ebay|Tiffany & Co.
gid://shopify/Product/7633240096839,bv-david-webb-platinum-18k-yellow-gold-black-enamel-diamonds-door-knocker-earrings-rr9054,"David Webb Platinum & 18K Yellow Gold Black Enamel, Diamonds, Door Knocker Earrings",David Webb,Earrings,ACTIVE,RR9054,1,20900.00,true,4,true,true,false,3000,Excellent pre-owned condition; signed and authenticated,antique-estate|backvault-feed|David Webb|designer-jewelry|Earrings|ebay
gid://shopify/Product/7633240162375,bv-david-webb-platinum-18k-yellow-gold-carved-azurmalachite-diamond-ruby-clip-earrings-rr9044,"David Webb Platinum & 18K Yellow Gold Carved Azurmalachite, Diamond, Ruby Clip Earrings",David Webb,Earrings,ACTIVE,RR9044,1,37500.00,true,4,true,true,false,3000,Excellent pre-owned condition; signed and authenticated,antique-estate|backvault-feed|David Webb|designer-jewelry|Earrings|ebay
gid://shopify/Product/7633240195143,bv-david-webb-platinum-18k-yellow-gold-dome-off-white-enamel-cream-criss-cross-cocktail-ring-rr9011,David Webb Platinum & 18K Yellow Gold Dome Off White Enamel Cream Criss Cross Cocktail Ring,David Webb,Rings,ACTIVE,RR9011,1,17000.00,true,7,true,true,false,3000,Excellent pre-owned condition; signed and authenticated,antique-estate|backvault-feed|David Webb|designer-jewelry|ebay|Rings
gid://shopify/Product/7633240227911,bv-aletto-brothers-18k-white-gold-half-hoop-diamond-earrings-rr9007,Aletto Brothers 18K White Gold Half Hoop Diamond Earrings,Aletto Brothers,Earrings,ACTIVE,RR9007,1,8100.00,true,5,true,true,false,3000,Excellent pre-owned condition; signed and authenticated,Aletto Brothers|antique-estate|backvault-feed|designer-jewelry|Earrings|ebay
gid://shopify/Product/7633240260679,bv-david-webb-18k-yellow-gold-1970s-lion-pendant-brooch-rr9006,David Webb 18K Yellow Gold 1970's Lion Pendant Brooch,David Webb,Brooches,ACTIVE,RR9006,1,42700.00,true,4,true,true,false,3000,Excellent pre-owned condition; signed and authenticated,antique-estate|backvault-feed|Brooches|David Webb|designer-jewelry|ebay
gid://shopify/Product/7633240293447,bv-cartier-18k-white-gold-diamond-and-sapphire-dove-ring-rr9124,Cartier 18K White Gold Diamond And Sapphire Dove Ring,Cartier,Rings,ACTIVE,RR9124,1,42100.00,true,4,true,true,false,3000,Excellent pre-owned condition; signed and authenticated,antique-estate|backvault-feed|Cartier|designer-jewelry|ebay|Rings
gid://shopify/Product/7633240326215,bv-david-webb-platinum-18k-yellow-gold-white-spotted-panthere-cuff-bangle-bracelet-rr9005,David Webb Platinum & 18K Yellow Gold White Spotted Panthere Cuff Bangle Bracelet,David Webb,Bracelets,ACTIVE,RR9005,1,50800.00,true,4,true,true,false,3000,Excellent pre-owned condition; signed and authenticated,antique-estate|backvault-feed|Bracelets|David Webb|designer-jewelry|ebay|Vintage
gid://shopify/Product/7633240358983,bv-david-webb-platinum-18k-yellow-gold-buckle-diamond-black-enamel-earrings-rr8989,David Webb Platinum & 18K Yellow Gold Buckle Diamond Black Enamel Earrings,David Webb,Earrings,ACTIVE,RR8989,1,28400.00,true,5,true,true,false,3000,Excellent pre-owned condition; signed and authenticated,antique-estate|backvault-feed|David Webb|designer-jewelry|Earrings|ebay
gid://shopify/Product/7633240391751,bv-david-webb-platinum-18k-yellow-gold-coral-button-doorknockers-earrings-rr8986,David Webb Platinum & 18K Yellow Gold Coral Button Doorknockers Earrings,David Webb,Earrings,ACTIVE,RR8986,1,19300.00,true,7,true,true,false,3000,Excellent pre-owned condition; signed and authenticated,antique-estate|backvault-feed|David Webb|designer-jewelry|Earrings|ebay
gid://shopify/Product/7633240457287,bv-cartier-18k-white-gold-panthere-maillon-ring-rr8985,Cartier 18K White Gold Panthere Maillon Ring,Cartier,Rings,ACTIVE,RR8985,1,8300.00,true,5,true,true,false,3000,Excellent pre-owned condition; signed and authenticated,antique-estate|backvault-feed|Cartier|designer-jewelry|ebay|Rings
gid://shopify/Product/7633240490055,bv-david-webb-platinum-18k-white-gold-sapphire-diamond-pearl-earrings-rr8976,"David Webb Platinum & 18K White Gold Sapphire, Diamond, Pearl Earrings",David Webb,Earrings,ACTIVE,RR8976,1,13100.00,true,4,true,true,false,3000,Excellent pre-owned condition; signed and authenticated,antique-estate|backvault-feed|David Webb|designer-jewelry|Earrings|ebay
gid://shopify/Product/7633240555591,bv-david-webb-platinum-18k-yellow-gold-sagittarius-diamond-zodiac-pendant-pin-brooch-rr9105,David Webb Platinum & 18K Yellow Gold Sagittarius Diamond Zodiac Pendant Pin Brooch,David Webb,Brooches,ACTIVE,RR9105,1,31000.00,true,4,true,true,false,3000,Excellent pre-owned condition; signed and authenticated,antique-estate|backvault-feed|Brooches|David Webb|designer-jewelry|ebay
gid://shopify/Product/7633240621127,bv-david-webb-platinum-18k-yellow-gold-turquoise-emerald-and-diamond-clip-earrings-rr9080,David Webb Platinum & 18K Yellow Gold Turquoise Emerald And Diamond Clip Earrings,David Webb,Earrings,ACTIVE,RR9080,1,42700.00,true,8,true,true,false,3000,Pre-owned; authenticated by Laura Milman New York,antique-estate|backvault-feed|David Webb|designer-jewelry|Earrings|ebay
gid://shopify/Product/7633240653895,bv-david-webb-platinum-18k-yellow-gold-aquamarine-and-diamond-hinged-cuff-bracelet-rr8948,David Webb Platinum & 18K Yellow Gold Aquamarine And Diamond Hinged Cuff Bracelet,David Webb,Bracelets,ACTIVE,RR8948,1,36200.00,true,5,true,true,false,3000,Excellent pre-owned condition; signed and authenticated,antique-estate|backvault-feed|Bracelets|David Webb|designer-jewelry|ebay
gid://shopify/Product/7633240686663,bv-david-webb-platinum-18k-yellow-gold-hammered-cuff-bangle-bracelet-rr8270,David Webb Platinum & 18K Yellow Gold Hammered Cuff Bangle Bracelet,David Webb,Bracelets,ACTIVE,RR8270,1,28400.00,true,4,true,true,false,3000,Excellent pre-owned condition; signed and authenticated,antique-estate|backvault-feed|Bracelets|Contemporary|David Webb|designer-jewelry|ebay
gid://shopify/Product/7633240719431,bv-david-webb-smooth-briolette-cut-green-emerald-cascading-clip-diamond-earrings-rr8259,David Webb Smooth Briolette Cut Green Emerald Cascading Clip Diamond Earrings,David Webb,Earrings,ACTIVE,RR8259,1,128500.00,true,5,true,true,false,3000,Excellent pre-owned condition; signed and authenticated,antique-estate|backvault-feed|David Webb|designer-jewelry|Earrings|ebay
gid://shopify/Product/7633240752199,bv-david-webb-platinum-18k-yellow-gold-diamond-pave-dome-cocktail-ring-rr8257,David Webb Platinum & 18K Yellow Gold Diamond Pave Dome Cocktail Ring,David Webb,Rings,ACTIVE,RR8257,1,32300.00,true,5,true,true,false,3000,Excellent pre-owned condition; signed and authenticated,antique-estate|backvault-feed|David Webb|designer-jewelry|ebay|Rings
gid://shopify/Product/7633240784967,bv-david-webb-platinum-18k-yellow-gold-1960s-maltese-lapis-enamel-cross-style-brooch-rr8175,"David Webb Platinum & 18K Yellow Gold 1960's Maltese Lapis, Enamel Cross Style Brooch",David Webb,Brooches,ACTIVE,RR8175,1,36200.00,true,7,true,true,false,3000,Excellent pre-owned condition; signed and authenticated,antique-estate|backvault-feed|Brooches|David Webb|designer-jewelry|ebay
gid://shopify/Product/7633240817735,bv-david-webb-platinum-18k-yellow-gold-snowflake-syle-diamond-heraldic-brooch-rr7817,David Webb Platinum & 18K Yellow Gold Snowflake Syle Diamond Heraldic Brooch,David Webb,Brooches,ACTIVE,RR7817,1,31000.00,true,4,true,true,false,3000,Excellent pre-owned condition; signed and authenticated,antique-estate|backvault-feed|Brooches|David Webb|designer-jewelry|ebay
gid://shopify/Product/7633240883271,bv-david-webb-18k-yellow-gold-tiger-eye-high-polished-green-enamel-cocktail-ring-rr8936,David Webb Platinum & 18K Yellow Gold Tiger Eye High Polished Green Enamel Cocktail Ring,David Webb,Rings,ACTIVE,RR8936,1,23200.00,true,4,true,true,false,3000,Excellent pre-owned condition; signed and authenticated,antique-estate|backvault-feed|David Webb|designer-jewelry|ebay|Rings
gid://shopify/Product/7633240981575,bv-david-webb-platinum-18k-yellow-gold-rock-crystal-lapis-floral-style-bracelet-rr9036,David Webb Platinum & 18K Yellow Gold Rock Crystal Lapis Floral Style Bracelet,David Webb,Bracelets,ACTIVE,RR9036,1,37500.00,true,8,true,true,false,3000,Excellent pre-owned condition; signed and authenticated,antique-estate|backvault-feed|Bracelets|David Webb|designer-jewelry|ebay
gid://shopify/Product/7633241014343,bv-david-webb-platinum-18ky-carved-jade-hammered-gold-diamond-cuff-bracelet-rr9034,David Webb Platinum & 18ky Carved Jade Hammered Gold Diamond Cuff Bracelet,David Webb,Bracelets,ACTIVE,RR9034,1,89500.00,true,4,true,true,false,3000,Excellent pre-owned condition; signed and authenticated,antique-estate|backvault-feed|Bracelets|David Webb|designer-jewelry|ebay
gid://shopify/Product/7633241047111,bv-david-webb-platinum-18k-yellow-gold-15-00cttw-bombe-diamond-leaf-motif-bracelet-rr9033,David Webb Platinum & 18K Yellow Gold 15.00cttw Bombe Diamond Leaf Motif Bracelet,David Webb,Bracelets,ACTIVE,RR9033,1,49200.00,true,4,true,true,false,3000,Excellent pre-owned condition; signed and authenticated,antique-estate|backvault-feed|Bracelets|David Webb|designer-jewelry|ebay
gid://shopify/Product/7633241079879,bv-david-webb-platinum-18k-yellow-gold-black-enamel-belt-motif-cuff-bracelet-rr8925,David Webb Platinum & 18K Yellow Gold Black Enamel Belt Motif Cuff Bracelet,David Webb,Bracelets,ACTIVE,RR8925,1,36200.00,true,4,true,true,false,3000,Excellent pre-owned condition; signed and authenticated,antique-estate|backvault-feed|Bracelets|David Webb|designer-jewelry|ebay
gid://shopify/Product/7633241112647,bv-david-webb-platinum-18k-yellow-gold-black-enamel-red-ruby-diamond-bull-bracelet-rr9035,David Webb Platinum & 18K Yellow Gold Black Enamel Red Ruby Diamond Bull Bracelet,David Webb,Bracelets,ACTIVE,RR9035,1,89500.00,true,6,true,true,false,3000,Excellent pre-owned condition; signed and authenticated,antique-estate|backvault-feed|Bracelets|David Webb|designer-jewelry|ebay
gid://shopify/Product/7633241178183,bv-david-webb-platinum-18k-yellow-2,David Webb Platinum & 18K Yellow Gold Princess Lilian Black Enamel Diamond Cuff Bracelet,David Webb,Bracelets,ACTIVE,RR9032,1,59000.00,true,4,true,true,false,3000,Excellent pre-owned condition; signed and authenticated,antique-estate|backvault-feed|Bracelets|David Webb|designer-jewelry|ebay
gid://shopify/Product/7633241210951,bv-david-webb-platinum-18k-yellow-gold-white-enamel-shield-diamond-clips-cuff-bracelet-rr9031,David Webb Platinum & 18K Yellow Gold White Enamel Shield Diamond Clips Cuff Bracelet,David Webb,Bracelets,ACTIVE,RR9031,1,83000.00,true,10,true,true,false,3000,Excellent pre-owned condition; signed and authenticated,antique-estate|backvault-feed|Bracelets|David Webb|designer-jewelry|ebay
gid://shopify/Product/7633241243719,bv-hermes-18k-yellow-gold-chaine-dancre-dome-cocktail-ring-rr9027,Hermès 18K Yellow Gold Chaîne D'ancre Dome Cocktail Ring,Hermès,Rings,ACTIVE,RR9027,1,28400.00,true,6,true,true,false,3000,Excellent pre-owned condition; signed and authenticated,antique-estate|backvault-feed|designer-jewelry|ebay|Hermès|Rings
gid://shopify/Product/7633241309255,bv-harry-winston-18k-white-gold-avenue-automatic-diamond-ladies-watch-rr9026,Pre-Owned Harry Winston 18K White Gold Avenue Automatic Diamond Women Watch,Harry Winston,Watch,ACTIVE,RR9026,1,19800.00,true,4,true,true,false,3000,Very Good pre-owned condition; signed and authenticated,antique-estate|backvault-feed|designer-jewelry|ebay|Harry Winston|Pre-Owned Watches|Watch|Watches
gid://shopify/Product/7633241342023,bv-david-webb-bombe-platinum-18k-yellow-gold-carved-coral-white-enamel-ring-rr9021,David Webb Bombe Platinum & 18K Yellow Gold Carved Coral White Enamel Ring,David Webb,Rings,ACTIVE,RR9021,1,31300.00,true,7,true,true,false,3000,Excellent pre-owned condition; signed and authenticated,antique-estate|backvault-feed|David Webb|designer-jewelry|ebay|Rings
gid://shopify/Product/7633241407559,bv-david-webb-platinum-18k-yellow-gold-diamond-pearl-dome-style-clip-on-earrings-rr9019,"David Webb Platinum & 18K Yellow Gold Diamond, Pearl, Dome Style Clip On Earrings",David Webb,Earrings,ACTIVE,RR9019,1,18500.00,true,4,true,true,false,3000,Excellent pre-owned condition; signed and authenticated,antique-estate|backvault-feed|David Webb|designer-jewelry|Earrings|ebay
gid://shopify/Product/7633241440327,bv-david-webb-platinum-18k-yellow-gold-31-inches-textured-link-chain-necklace-rr9016,David Webb Platinum & 18K Yellow Gold 31 Inches Textured Link Chain Necklace,David Webb,Necklaces,ACTIVE,RR9016,1,42700.00,true,4,true,true,false,3000,Excellent pre-owned condition; signed and authenticated,antique-estate|backvault-feed|David Webb|designer-jewelry|ebay|Necklaces
gid://shopify/Product/7633241473095,bv-david-webb-platinum-18k-yellow-gold-malachite-door-knockers-earrings-rr8922,David Webb Platinum & 18K Yellow Gold Malachite Door Knockers Earrings,David Webb,Earrings,ACTIVE,RR8922,1,10500.00,true,4,true,true,false,3000,Excellent pre-owned condition; signed and authenticated,antique-estate|backvault-feed|David Webb|designer-jewelry|Earrings|ebay
gid://shopify/Product/7633241505863,bv-david-webb-platinum-diamond-and-south-sea-pearl-cocktail-ring-rr8913,David Webb Platinum Diamond And South Sea Pearl Cocktail Ring,David Webb,Rings,ACTIVE,RR8913,1,46000.00,true,5,true,true,false,3000,Excellent pre-owned condition; signed and authenticated,antique-estate|backvault-feed|David Webb|designer-jewelry|ebay|Rings
gid://shopify/Product/7633241538631,bv-cartier-18k-white-gold-diamant-leger-de-diamond-cluster-ring-rr8911,Cartier 18K White Gold Diamant Leger De Diamond Cluster Ring,Cartier,Rings,ACTIVE,RR8911,1,7600.00,true,4,true,true,false,3000,Excellent pre-owned condition; signed and authenticated,antique-estate|backvault-feed|Cartier|designer-jewelry|ebay|Rings
gid://shopify/Product/7633241604167,bv-david-webb-platinum-18k-yellow-gold-white-and-balck-enamel-tiger-diamond-bracelet-rr8877,David Webb Platinum & 18K Yellow Gold White And Balck Enamel Tiger Diamond Bracelet,David Webb,Bracelets,ACTIVE,RR8877,1,63800.00,true,5,true,true,false,3000,Excellent pre-owned condition; signed and authenticated,antique-estate|backvault-feed|Bracelets|David Webb|designer-jewelry|ebay
gid://shopify/Product/7633241669703,bv-tiffany-co-18k-yellow-gold-asian-man-eating-noodles-brooch-rr8975,Tiffany & Co. 18K Yellow Gold A Man Eating Noodles Brooch,Tiffany & Co.,Brooches,ACTIVE,RR8975,1,23200.00,true,5,true,true,false,3000,Pre-owned; authenticated by Laura Milman New York,antique-estate|backvault-feed|Brooches|designer-jewelry|ebay|Tiffany & Co.
gid://shopify/Product/7633241702471,bv-david-webb-platinum-18k-yellow-gold-red-enamel-bombe-diamond-ring-rr8895,David Webb Platinum & 18K Yellow Gold Red Enamel Bombe Diamond Ring,David Webb,Rings,ACTIVE,RR8895,1,9200.00,true,4,true,true,false,3000,Excellent pre-owned condition; signed and authenticated,antique-estate|backvault-feed|David Webb|designer-jewelry|ebay|Modern|Rings
gid://shopify/Product/7633241735239,bv-david-webb-platinum-18k-yellow-gold-bow-ribbon-red-enamel-brooch-rr8894,David Webb Platinum & 18K Yellow Gold Bow Ribbon Red Enamel Brooch,David Webb,Brooches,ACTIVE,RR8894,1,11500.00,true,5,true,true,false,3000,Excellent pre-owned condition; signed and authenticated,antique-estate|backvault-feed|Brooches|David Webb|designer-jewelry|ebay
gid://shopify/Product/7633241768007,bv-david-webb-platinum-18k-yellow-gold-1960s-green-emerald-sugarloaf-ring-rr8891,David Webb Platinum & 18K Yellow Gold 1960's Green Emerald Sugarloaf Ring,David Webb,Rings,ACTIVE,RR8891,1,59000.00,true,6,true,true,false,3000,Very Good pre-owned condition; signed and authenticated,antique-estate|backvault-feed|David Webb|designer-jewelry|ebay|Rings
gid://shopify/Product/7633241833543,bv-david-webb-18k-yellow-gold-1970s-coral-dome-white-enamel-diamond-ring-rr8889,"David Webb 18K Yellow Gold 1970's Coral Dome, White Enamel Diamond Ring",David Webb,Rings,ACTIVE,RR8889,1,37500.00,true,4,true,true,false,3000,Excellent pre-owned condition; signed and authenticated,antique-estate|backvault-feed|David Webb|designer-jewelry|ebay|Rings|Vintage
gid://shopify/Product/7633241866311,bv-david-webb-platinum-18k-yellow-gold-6-00cttw-diamond-round-shaped-clip-on-earrings-rr8836,David Webb Platinum & 18K Yellow Gold 6.00cttw Diamond Round Shaped Clip On Earrings,David Webb,Earrings,ACTIVE,RR8836,1,33000.00,true,4,true,true,false,3000,Excellent pre-owned condition; signed and authenticated,antique-estate|backvault-feed|David Webb|designer-jewelry|Earrings|ebay
gid://shopify/Product/7633241899079,bv-david-webb-18k-yellow-gold-black-enamel-diamond-sapphire-emerald-ruby-earrings-rr8832,David Webb 18K Yellow Gold Black Enamel Diamond Sapphire Emerald Ruby Earrings,David Webb,Earrings,ACTIVE,RR8832,1,31000.00,true,4,true,true,false,3000,Excellent pre-owned condition; signed and authenticated,antique-estate|backvault-feed|David Webb|designer-jewelry|Earrings|ebay
gid://shopify/Product/7633241931847,bv-david-webb-platinum-18k-yellow-3,David Webb Platinum & 18K Yellow Gold Multicolor Cabochon Gemstone And Diamond Maltese Brooch,David Webb,Brooches,ACTIVE,RR8623,1,49200.00,true,3,true,true,false,3000,Excellent pre-owned condition; signed and authenticated,antique-estate|backvault-feed|Brooches|David Webb|designer-jewelry|ebay
gid://shopify/Product/7633241964615,bv-david-webb-platinum-18k-yellow-gold-white-enamel-lion-ruby-eyes-cuff-links-rr6868,David Webb Platinum & 18K Yellow Gold White Enamel Lion Ruby Eyes Cuff Links,David Webb,Cufflinks,ACTIVE,RR6868,1,11200.00,true,4,true,true,false,3000,Excellent pre-owned condition; signed and authenticated,antique-estate|backvault-feed|Cufflinks|David Webb|designer-jewelry|ebay
gid://shopify/Product/7633242030151,bv-david-webb-platinum-18k-yellow-gold-15-80cts-heraldic-diamond-pendant-brooch-rr7653,David Webb Platinum & 18K Yellow Gold 15.80cts Heraldic Diamond Pendant Brooch,David Webb,Brooches,ACTIVE,RR7653,1,51800.00,true,4,true,true,false,3000,Excellent pre-owned condition; signed and authenticated,antique-estate|backvault-feed|Brooches|David Webb|designer-jewelry|ebay
gid://shopify/Product/7633242095687,bv-david-webb-platinum-18k-yellow-gold-geometric-white-enamel-diamond-ring-rr8827,David Webb Platinum & 18K Yellow Gold Geometric White Enamel Diamond Ring,David Webb,Rings,ACTIVE,RR8827,1,18000.00,true,4,true,true,false,3000,Very Good pre-owned condition; signed and authenticated,antique-estate|backvault-feed|David Webb|designer-jewelry|ebay|Rings
gid://shopify/Product/7633242128455,bv-david-webb-platinum-18k-yellow-gold-turquoise-diamond-emerald-oversized-ring-rr8890,David Webb Platinum & 18K Yellow Gold Turquoise Diamond Emerald Oversized Ring,David Webb,Rings,ACTIVE,RR8890,1,47300.00,true,6,true,true,false,3000,Excellent pre-owned condition; signed and authenticated,antique-estate|backvault-feed|David Webb|designer-jewelry|ebay|Rings|Vintage
gid://shopify/Product/7633242161223,bv-cartier-18k-yellow-gold-tri-color-twist-bangle-with-coral-tips-bracelet-rr8758,Cartier 18K Yellow Gold Tri-Color Twist Bangle With Coral Tips Bracelet,Cartier,Bracelets,ARCHIVED,RR8758,0,10000.00,false,4,false,true,false,,Excellent pre-owned condition; signed and authenticated,antique-estate|backvault-feed|Bracelets|Cartier|designer-jewelry|Vintage
gid://shopify/Product/7633242226759,bv-cartier-18k-white-gold-cartier-inde-mysterieuse-diamond-ring-rr8753,Cartier 18K White Gold Cartier Inde Mystérieuse Diamond Ring,Cartier,Rings,ACTIVE,RR8753,1,7000.00,true,4,true,true,false,3000,Excellent pre-owned condition; signed and authenticated,antique-estate|backvault-feed|Cartier|designer-jewelry|ebay|Rings
gid://shopify/Product/7633242292295,bv-angela-cummings-18k-yellow-gold-1987-concave-lima-bean-shaped-diamond-earrings-rr8727,Angela Cummings 18K Yellow Gold 1987 Concave Lima Bean Shaped Diamond Earrings,Angela Cummings,Earrings,ACTIVE,RR8727,1,10700.00,true,4,true,true,false,3000,Excellent pre-owned condition; signed and authenticated,Angela Cummings|antique-estate|backvault-feed|designer-jewelry|Earrings|ebay|Vintage
gid://shopify/Product/7633242325063,bv-david-webb-platinum-18k-yellow-gold-white-enamel-checkerboard-pattern-bombe-ring-rr8350,David Webb Platinum & 18K Yellow Gold White Enamel Checkerboard Pattern Bombe Ring,David Webb,Rings,ARCHIVED,RR8350,0,7400.00,false,7,false,true,false,,Excellent pre-owned condition; signed and authenticated,antique-estate|backvault-feed|David Webb|designer-jewelry|Rings
gid://shopify/Product/7633242390599,bv-van-cleef-arpels-18k-yellow-gold-perlee-diamond-ring-rr8345,Van Cleef & Arpels 18K Yellow Gold Perlee Diamond Ring,Van Cleef & Arpels,Rings,ACTIVE,RR8345,1,15665.00,true,3,true,true,false,3000,Excellent pre-owned condition; signed and authenticated,antique-estate|backvault-feed|designer-jewelry|ebay|Rings|Van Cleef & Arpels
gid://shopify/Product/7633242423367,bv-david-webb-platinum-18k-yellow-gold-hammered-finish-carved-lapis-and-diamond-frame-ring-rr8719,"David Webb Platinum & 18K Yellow Gold Hammered Finish, Carved Lapis And Diamond Frame Ring",David Webb,Rings,ACTIVE,RR8719,1,11500.00,true,5,true,true,false,3000,Excellent pre-owned condition; signed and authenticated,antique-estate|backvault-feed|David Webb|designer-jewelry|ebay|Rings
gid://shopify/Product/7633242456135,bv-david-webb-platinum-18k-yellow-gold-oversized-lapis-and-diamond-ring-rr8341,David Webb Platinum & 18K Yellow Gold Oversized Lapis And Diamond Ring,David Webb,Rings,ACTIVE,RR8341,1,20600.00,true,6,true,true,false,3000,Excellent pre-owned condition; signed and authenticated,antique-estate|backvault-feed|David Webb|designer-jewelry|ebay|Rings
gid://shopify/Product/7633242488903,bv-david-webb-18k-yellow-gold-1970s-ruby-diamond-and-emerald-cocktail-ring-rr8824,"David Webb 18K Yellow Gold 1970's Ruby, Diamond And Emerald Cocktail Ring",David Webb,Rings,ACTIVE,RR8824,1,47900.00,true,4,true,true,false,3000,Excellent pre-owned condition; signed and authenticated,antique-estate|backvault-feed|David Webb|designer-jewelry|ebay|Rings|Vintage
gid://shopify/Product/7633242521671,bv-david-webb-18k-yellow-gold-cabochon-emerald-diamond-ring-rr8696,David Webb 18K Yellow Gold Cabochon Emerald Diamond Ring,David Webb,Rings,ACTIVE,RR8696,1,11800.00,true,5,true,true,false,3000,Excellent pre-owned condition; signed and authenticated,antique-estate|backvault-feed|David Webb|designer-jewelry|ebay|Rings
gid://shopify/Product/7633242554439,bv-marina-b-18k-yellow-gold-diamond-and-sapphire-drop-earrings-rr8717,Marina B . 18K Yellow Gold Diamond And Sapphire Drop Earrings,Marina B,Earrings,ACTIVE,RR8717,1,63500.00,true,4,true,true,false,3000,Pre-owned; authenticated by Laura Milman New York,antique-estate|backvault-feed|designer-jewelry|Earrings|ebay|Marina B
gid://shopify/Product/7633242619975,bv-david-webb-18k-yellow-gold-light-bolt-link-curb-bracelet-rr8695,David Webb 18K Yellow Gold Lightning Bolt Link Curb Bracelet,David Webb,Bracelets,ACTIVE,RR8695,1,12800.00,true,1,true,true,false,3000,Excellent pre-owned condition; signed and authenticated,antique-estate|backvault-feed|Bracelets|David Webb|designer-jewelry|ebay
gid://shopify/Product/7633242652743,bv-david-webb-platinum-18k-yellow-gold-jade-diamond-hammered-ring-rr8677,David Webb Platinum & 18K Yellow Gold Jade Diamond Hammered Ring,David Webb,Rings,ACTIVE,RR8677,1,24500.00,true,5,true,true,false,3000,Excellent pre-owned condition; signed and authenticated,antique-estate|backvault-feed|David Webb|designer-jewelry|ebay|Rings
gid://shopify/Product/7633242685511,bv-david-webb-platinum-18k-yellow-gold-scalloped-diamond-bracelet-rr8668,David Webb Platinum & 18K Yellow Gold Scalloped Diamond Bracelet,David Webb,Bracelets,ACTIVE,RR8668,1,31000.00,true,5,true,true,false,3000,Excellent pre-owned condition; signed and authenticated,antique-estate|backvault-feed|Bracelets|David Webb|designer-jewelry|ebay|Vintage
gid://shopify/Product/7633242718279,bv-david-webb-platinum-18k-yellow-gold-white-jasper-earrings-rr8665,David Webb Platinum & 18K Yellow Gold White Jasper Earrings,David Webb,Earrings,ACTIVE,RR8665,1,9200.00,true,4,true,true,false,3000,Excellent pre-owned condition; signed and authenticated,antique-estate|backvault-feed|David Webb|designer-jewelry|Earrings|ebay
gid://shopify/Product/7633242751047,bv-david-webb-platinum-18k-coral-black-enamel-and-diamond-earrings-rr8663,"David Webb Platinum & 18K Coral, Black Enamel And Diamond Earrings",David Webb,Earrings,ACTIVE,RR8663,1,37500.00,true,4,true,true,false,3000,Excellent pre-owned condition; signed and authenticated,antique-estate|backvault-feed|David Webb|designer-jewelry|Earrings|ebay|Vintage
gid://shopify/Product/7633242783815,bv-david-webb-platinum-18k-yellow-gold-white-enamel-dome-ring-rr8659,David Webb Platinum & 18K Yellow Gold White Enamel Dome Ring,David Webb,Rings,ACTIVE,RR8659,1,24500.00,true,5,true,true,false,3000,Excellent pre-owned condition; signed and authenticated,antique-estate|backvault-feed|David Webb|designer-jewelry|ebay|Mid-Century|Rings
gid://shopify/Product/7633242816583,bv-david-webb-platinum-18k-yellow-gold-summit-turquoise-and-diamond-ring-rr8654,David Webb Platinum & 18K Yellow Gold Summit Turquoise And Diamond Ring,David Webb,Rings,ACTIVE,RR8654,1,18300.00,true,8,true,true,false,3000,Excellent pre-owned condition; signed and authenticated,antique-estate|backvault-feed|David Webb|designer-jewelry|ebay|Rings
gid://shopify/Product/7633242914887,bv-david-webb-platinum-18k-yellow-gold-geodesic-dome-diamond-ring-rr8653,David Webb Platinum & 18K Yellow Gold Geodesic Dome Diamond Ring,David Webb,Rings,ACTIVE,RR8653,1,34900.00,true,5,true,true,false,3000,Excellent pre-owned condition; signed and authenticated,antique-estate|backvault-feed|Circa 1965|David Webb|designer-jewelry|ebay|Rings
gid://shopify/Product/7633242947655,bv-david-webb-platinum-18k-yellow-gold-rock-crystal-black-enamel-diamond-ring-rr8652,David Webb Platinum & 18K Yellow Gold Rock Crystal Black Enamel Diamond Ring,David Webb,Rings,ACTIVE,RR8652,1,20600.00,true,5,true,true,false,3000,Pre-owned; authenticated by Laura Milman New York,antique-estate|backvault-feed|David Webb|designer-jewelry|ebay|Rings
gid://shopify/Product/7633242980423,bv-david-webb-platinum-18k-yellow-gold-black-enamel-swirl-design-pave-diamond-ring-rr8627,David Webb Platinum & 18K Yellow Gold Black Enamel Swirl Design Pave Diamond Ring,David Webb,Rings,ACTIVE,RR8627,1,23200.00,true,4,true,true,false,3000,Excellent pre-owned condition; signed and authenticated,antique-estate|backvault-feed|David Webb|designer-jewelry|ebay|Rings|Vintage
gid://shopify/Product/7633243045959,bv-david-webb-platinum-18k-yellow-gold-black-enamel-double-head-lion-bracelet-rr8322,David Webb Platinum & 18K Yellow Gold Black Enamel Double Head Lion Bracelet,David Webb,Bracelets,ACTIVE,RR8322,1,85000.00,true,4,true,true,false,3000,Excellent pre-owned condition; signed and authenticated,antique-estate|backvault-feed|Bracelets|David Webb|designer-jewelry|ebay
gid://shopify/Product/7633243111495,bv-david-webb-platinum-18k-yellow-gold-double-head-lion-in-black-enamel-bracelet-rr8004,David Webb Platinum & 18K Yellow Gold Double Head Lion In Black Enamel Bracelet,David Webb,Bracelets,ACTIVE,RR8004,1,85000.00,true,5,true,true,false,3000,Very Good pre-owned condition; signed and authenticated,antique-estate|backvault-feed|Bracelets|David Webb|designer-jewelry|ebay
gid://shopify/Product/7633243144263,bv-david-webb-platinum-18k-yellow-gold-21-carats-scroll-diamond-textured-bracelet-rr8616,David Webb Platinum & 18K Yellow Gold 21 Carats Scroll Diamond Textured Bracelet,David Webb,Bracelets,ACTIVE,RR8616,1,76500.00,true,5,true,true,false,3000,Excellent pre-owned condition; signed and authenticated,antique-estate|backvault-feed|Bracelets|David Webb|designer-jewelry|ebay
gid://shopify/Product/7633243177031,bv-david-webb-platinum-old-cut-and-old-european-cluster-pearl-clip-on-earrings-rr8587,David Webb Platinum Old Cut And Old European Cluster Pearl Clip On Earrings,David Webb,Earrings,ACTIVE,RR8587,1,83000.00,true,4,true,true,false,3000,Excellent pre-owned condition; signed and authenticated,antique-estate|backvault-feed|David Webb|designer-jewelry|Earrings|ebay|Vintage
gid://shopify/Product/7633243209799,bv-david-webb-platinum-18k-yellow-gold-sapphire-and-diamond-clip-on-earrings-rr8576,David Webb Platinum & 18K Yellow Gold Sapphire And Diamond Clip On Earrings,David Webb,Earrings,ACTIVE,RR8576,1,34900.00,true,4,true,true,false,3000,Excellent pre-owned condition; signed and authenticated,antique-estate|backvault-feed|David Webb|designer-jewelry|Earrings|ebay
gid://shopify/Product/7633243275335,bv-david-webb-18k-yellow-gold-carnelian-and-diamond-bombe-earrings-rr7028,David Webb 18K Yellow Gold Carnelian And Diamond Bombe Earrings,David Webb,Earrings,ACTIVE,RR7028,1,18000.00,true,4,true,true,false,3000,Excellent pre-owned condition; signed and authenticated,antique-estate|backvault-feed|David Webb|designer-jewelry|Earrings|ebay
gid://shopify/Product/7633243308103,bv-david-webb-platinum-18k-yellow-gold-azurmalachite-and-diamond-bombe-fluted-clip-earrings-rr8626,David Webb Platinum & 18K Yellow Gold Azurmalachite And Diamond Bombe Fluted Clip Earrings,David Webb,Earrings,ACTIVE,RR8626,1,15700.00,true,4,true,true,false,3000,Excellent pre-owned condition; signed and authenticated,antique-estate|backvault-feed|David Webb|designer-jewelry|Earrings|ebay
gid://shopify/Product/7633243340871,bv-david-webb-platinum-18k-yellow-gold-escargot-fluted-round-gold-link-bracelet-rr8567,David Webb Platinum & 18K Yellow Gold Escargot Fluted Round Gold Link Bracelet,David Webb,Bracelets,ARCHIVED,RR8567,0,41600.00,false,6,false,true,false,,Pre-owned; authenticated by Laura Milman New York,antique-estate|backvault-feed|Bracelets|David Webb|designer-jewelry
gid://shopify/Product/7633243373639,bv-cartier-18k-yellow-gold-tank-francaise-25-ref-1821-ladies-diamond-watch-rr8601,"Pre-Owned Cartier 18K Yellow Gold Tank Francaise 25,, Ref 1821 Women Diamond Watch",Cartier,Watch,ACTIVE,RR8601,1,14400.00,true,5,true,true,false,3000,Excellent pre-owned condition; signed and authenticated,antique-estate|backvault-feed|Cartier|designer-jewelry|ebay|Pre-Owned Watches|Watch|Watches
gid://shopify/Product/7633243406407,bv-david-webb-18k-yellow-gold-diamond-cabochon-oval-cut-emerald-ruby-sapphire-hinged-bracelet-rr8557,"David Webb 18K Yellow Gold Diamond, Cabochon Oval Cut Emerald, Ruby Sapphire Hinged Bracelet",David Webb,Bracelets,ACTIVE,RR8557,1,51200.00,true,5,true,true,false,3000,Pre-owned; authenticated by Laura Milman New York,antique-estate|backvault-feed|Bracelets|David Webb|designer-jewelry|ebay
gid://shopify/Product/7633243471943,bv-david-webb-18k-yellow-gold-diamond-emerald-sapphire-and-green-earrings-rr8550,"David Webb 18K Yellow Gold Diamond, Emerald, Sapphire And Green Earrings",David Webb,Earrings,ACTIVE,RR8550,1,10200.00,true,4,true,true,false,3000,Excellent pre-owned condition; signed and authenticated,antique-estate|backvault-feed|David Webb|designer-jewelry|Earrings|ebay
gid://shopify/Product/7633243537479,bv-david-webb-platinum-18k-yellow-gold-notre-dame-rock-crystal-bracelet-rr8548,David Webb Platinum & 18K Yellow Gold Notre Dame Rock Crystal Bracelet,David Webb,Bracelets,ACTIVE,RR8548,1,64800.00,true,5,true,true,false,3000,Excellent pre-owned condition; signed and authenticated,antique-estate|backvault-feed|Bracelets|David Webb|designer-jewelry|ebay
gid://shopify/Product/7633243570247,bv-david-webb-platinum-18k-yellow-gold-black-enamel-diamond-fluted-shrimp-style-clip-earrings-rr8547,David Webb Platinum & 18K Yellow Gold Black Enamel Diamond Fluted Shrimp Style Clip Earrings,David Webb,Earrings,ACTIVE,RR8547,1,36200.00,true,4,true,true,false,3000,Excellent pre-owned condition; signed and authenticated,antique-estate|backvault-feed|David Webb|designer-jewelry|Earrings|ebay
gid://shopify/Product/7633243635783,bv-david-webb-platinum-18k-yellow-gold-diamond-and-black-enamel-clip-on-earrings-rr8542,David Webb Platinum & 18K Yellow Gold Diamond And Black Enamel Clip On Earrings,David Webb,Earrings,ACTIVE,RR8542,1,23200.00,true,4,true,true,false,3000,Excellent pre-owned condition; signed and authenticated,antique-estate|backvault-feed|David Webb|designer-jewelry|Earrings|ebay
gid://shopify/Product/7633243668551,bv-david-webb-platinum-18k-yellow-gold-dappled-white-enamel-diamond-horse-bracelet-rr8524,David Webb Platinum & 18K Yellow Gold Dappled White Enamel Diamond Horse Bracelet,David Webb,Bracelets,ACTIVE,RR8524,1,63500.00,true,4,true,true,false,3000,Excellent pre-owned condition; signed and authenticated,antique-estate|backvault-feed|Bracelets|David Webb|designer-jewelry|ebay
gid://shopify/Product/7633243734087,bv-david-webb-platinum-18k-yellow-gold-dinner-roll-necklace-rr8521,David Webb Platinum & 18K Yellow Gold Dinner Roll Necklace,David Webb,Necklaces,ACTIVE,RR8521,1,85000.00,true,10,true,true,false,3000,Excellent pre-owned condition; signed and authenticated,antique-estate|backvault-feed|David Webb|designer-jewelry|ebay|Necklaces
gid://shopify/Product/7633243766855,bv-david-webb-platinum-18k-yellow-gold-amethyst-coral-and-rock-crystal-star-brooch-rr8517,"David Webb Platinum & 18K Yellow Gold Amethyst, Coral And Rock Crystal Star Brooch",David Webb,Brooches,ACTIVE,RR8517,1,63500.00,true,4,true,true,false,3000,Excellent pre-owned condition; signed and authenticated,antique-estate|backvault-feed|Brooches|David Webb|designer-jewelry|ebay
gid://shopify/Product/7633243799623,bv-david-webb-platinum-18k-yellow-gold-amethyst-and-cabochon-green-emeralds-earrings-rr8501,David Webb Platinum & 18K Yellow Gold Amethyst And Cabochon Green Emeralds Earrings,David Webb,Earrings,ACTIVE,RR8501,1,21300.00,true,4,true,true,false,3000,Excellent pre-owned condition; signed and authenticated,antique-estate|backvault-feed|David Webb|designer-jewelry|Earrings|ebay|Vintage
gid://shopify/Product/7633243865159,bv-david-webb-18k-yellow-gold-carved-jade-pendant-and-a-brooch-rr8489,David Webb 18K Yellow Gold Carved Jade Pendant And A Brooch,David Webb,Brooches,ACTIVE,RR8489,1,37500.00,true,3,true,true,false,3000,Excellent pre-owned condition; signed and authenticated,antique-estate|backvault-feed|Brooches|David Webb|designer-jewelry|ebay
gid://shopify/Product/7633243897927,bv-david-webb-platinum-18k-yellow-gold-checkerboard-cut-rock-crystal-pendant-brooch-rr8488,"David Webb Platinum & 18K Yellow Gold Checkerboard Cut Rock Crystal Pendant, Brooch",David Webb,Brooches,ACTIVE,RR8488,1,25800.00,true,4,true,true,false,3000,Excellent pre-owned condition; signed and authenticated,antique-estate|backvault-feed|Brooches|David Webb|designer-jewelry|ebay
gid://shopify/Product/7633243930695,bv-david-webb-platinum-18k-yellow-gold-coral-diamonds-black-enamel-necklace-rr7770,"David Webb Platinum & 18K Yellow Gold Coral, Diamonds, Black Enamel Necklace",David Webb,Necklaces,ACTIVE,RR7770,1,89500.00,true,5,true,true,false,3000,Excellent pre-owned condition; signed and authenticated,antique-estate|backvault-feed|David Webb|designer-jewelry|ebay|Necklaces|Vintage
gid://shopify/Product/7633243963463,bv-david-webb-platinum-18k-yellow-gold-carved-smooth-purple-amethyst-green-enamel-and-diamond-ring-rr7709,"David Webb Platinum & 18K Yellow Gold Carved Smooth Purple Amethyst, Green Enamel And Diamond Ring",David Webb,Rings,ACTIVE,RR7709,1,21900.00,true,4,true,true,false,3000,Excellent pre-owned condition; signed and authenticated,antique-estate|backvault-feed|David Webb|designer-jewelry|ebay|Rings
gid://shopify/Product/7633243996231,bv-buccellati-18k-yellow-gold-16-string-coral-pearl-diamond-clasp-necklace-rr6700,"Buccellati 18K Yellow Gold 16 String Coral, Pearl Diamond Clasp Necklace",Buccellati,Necklaces,ACTIVE,RR6700,1,23900.00,true,4,true,true,false,3000,Excellent pre-owned condition; signed and authenticated,antique-estate|backvault-feed|Buccellati|designer-jewelry|ebay|Necklaces
gid://shopify/Product/7633244061767,bv-david-webb-maltese-cr-18k-yellow-gold-large-diamond-and-green-enamel-pendant-rr3467,David Webb Maltese Cr 18K Yellow Gold Large Diamond And Green Enamel Pendant,David Webb,Pendants,ACTIVE,RR3467,1,28300.00,true,4,true,true,false,3000,Mint pre-owned condition; signed and authenticated,antique-estate|backvault-feed|Circa 1960|David Webb|designer-jewelry|ebay|Pendants
gid://shopify/Product/7633244094535,bv-david-webb-platinum-18k-yellow-gold-cabochon-amethyst-and-diamond-cocktail-ring-rr8486,David Webb Platinum & 18K Yellow Gold Cabochon Amethyst And Diamond Cocktail Ring,David Webb,Rings,ACTIVE,RR8486,1,20900.00,true,7,true,true,false,3000,Excellent pre-owned condition; signed and authenticated,antique-estate|backvault-feed|David Webb|designer-jewelry|ebay|Rings
gid://shopify/Product/7633244127303,bv-hermes-18k-white-gold-4-carat-diamond-galop-horse-ring-rr8473,Hermès 18K White Gold 4 Carat Diamond Galop Horse Ring,Hermès,Rings,ACTIVE,RR8473,1,68700.00,true,10,true,true,false,3000,Excellent pre-owned condition; signed and authenticated,antique-estate|backvault-feed|designer-jewelry|ebay|Hermès|Rings
gid://shopify/Product/7633244160071,bv-david-webb-18k-yellow-gold-champagne-round-diamond-cocktail-ring-rr8465,David Webb 18K Yellow Gold Champagne Round Diamond Cocktail Ring,David Webb,Rings,ACTIVE,RR8465,1,20000.00,true,4,true,true,false,3000,Excellent pre-owned condition; signed and authenticated,antique-estate|backvault-feed|David Webb|designer-jewelry|ebay|Modern|Rings
gid://shopify/Product/7633244225607,bv-david-webb-platinum-18k-yellow-gold-cocktail-diamond-fluted-ring-rr8464,David Webb Platinum & 18K Yellow Gold Cocktail Diamond Fluted Ring,David Webb,Rings,ACTIVE,RR8464,1,23200.00,true,9,true,true,false,3000,Excellent pre-owned condition; signed and authenticated,antique-estate|backvault-feed|David Webb|designer-jewelry|ebay|Rings
gid://shopify/Product/7633244291143,bv-david-webb-platinum-18k-yellow-gold-diamond-dome-round-clip-on-earrings-rr8463,David Webb Platinum & 18K Yellow Gold Diamond Dome Round Clip On Earrings,David Webb,Earrings,ACTIVE,RR8463,1,16700.00,true,4,true,true,false,3000,Excellent pre-owned condition; signed and authenticated,antique-estate|backvault-feed|David Webb|designer-jewelry|Earrings|ebay
gid://shopify/Product/7633244389447,bv-david-webb-platinum-18k-yellow-gold-coral-drop-day-to-night-dangling-earrings-rr8431,David Webb Platinum & 18K Yellow Gold Coral Drop Day To Night Dangling Earrings,David Webb,Earrings,ACTIVE,RR8431,1,28400.00,true,4,true,true,false,3000,Excellent pre-owned condition; signed and authenticated,antique-estate|backvault-feed|David Webb|designer-jewelry|Earrings|ebay
gid://shopify/Product/7633244422215,bv-david-webb-platinum-18k-yellow-gold-black-enamel-diamond-and-pearl-earrings-rr8250,"David Webb Platinum & 18K Yellow Gold Black Enamel, Diamond And Pearl Earrings",David Webb,Earrings,ACTIVE,RR8250,1,28400.00,true,4,true,true,false,3000,Very Good pre-owned condition; signed and authenticated,antique-estate|backvault-feed|David Webb|designer-jewelry|Earrings|ebay
gid://shopify/Product/7633244454983,bv-david-webb-platinum-36-carats-diamond-chandelier-earrings-rr8427,David Webb Platinum 36 Carats Diamond Chandelier Earrings,David Webb,Earrings,ACTIVE,RR8427,1,114200.00,true,4,true,true,false,3000,Excellent pre-owned condition; signed and authenticated,antique-estate|backvault-feed|David Webb|designer-jewelry|Earrings|ebay
gid://shopify/Product/7633244487751,bv-david-webb-girandole-carved-emerald-and-diamond-dangle-earrings-rr8426,David Webb Girandole Carved Emerald And Diamond Dangle Earrings,David Webb,Earrings,ACTIVE,RR8426,1,150000.00,true,9,true,true,false,3000,Excellent pre-owned condition; signed and authenticated,antique-estate|backvault-feed|David Webb|designer-jewelry|Earrings|ebay
gid://shopify/Product/7633244520519,bv-david-webb-platinum-18k-yellow-gold-enamel-diamonds-green-emeralds-leopard-bracelet-rr8425,"David Webb Platinum & 18K Yellow Gold Enamel, Diamonds Green Emeralds Leopard Bracelet",David Webb,Bracelets,ACTIVE,RR8425,1,81700.00,true,5,true,true,false,3000,Excellent pre-owned condition; signed and authenticated,antique-estate|backvault-feed|Bracelets|David Webb|designer-jewelry|ebay
gid://shopify/Product/7633244586055,bv-david-webb-18k-yellow-gold-rickrack-turquoise-diamond-white-enamel-cuff-bracelet-rr8424,"David Webb 18K Yellow Gold Rickrack Turquoise, Diamond, White Enamel Cuff Bracelet",David Webb,Bracelets,ACTIVE,RR8424,1,46000.00,true,4,true,true,false,3000,Excellent pre-owned condition; signed and authenticated,antique-estate|backvault-feed|Bracelets|David Webb|designer-jewelry|ebay
gid://shopify/Product/7633244618823,bv-cartier-18k-white-gold-clash-diamond-and-black-onyx-earrings-rr8248,Cartier 18K White Gold Clash Diamond And Black Onyx Earrings,Cartier,Earrings,ACTIVE,RR8248,1,31000.00,true,4,true,true,false,3000,Excellent pre-owned condition; signed and authenticated,antique-estate|backvault-feed|Cartier|Contemporary|designer-jewelry|Earrings|ebay
gid://shopify/Product/7633244651591,bv-david-webb-fluted-almonds-white-enamel-and-diamond-earrings-rr8246,David Webb Fluted Almonds White Enamel And Diamond Earrings,David Webb,Earrings,ACTIVE,RR8246,1,23200.00,true,4,true,true,false,3000,Excellent pre-owned condition; signed and authenticated,antique-estate|backvault-feed|David Webb|designer-jewelry|Earrings|ebay
gid://shopify/Product/7633244717127,bv-david-webb-platinum-18k-yellow-gold-checkmate-5-50-carat-diamond-ring-rr8233,David Webb Platinum & 18K Yellow Gold Checkmate 5.50 Carat Diamond Ring,David Webb,Rings,ACTIVE,RR8233,1,32600.00,true,6,true,true,false,3000,Excellent pre-owned condition; signed and authenticated,antique-estate|backvault-feed|David Webb|designer-jewelry|ebay|Rings
gid://shopify/Product/7633244749895,bv-tiffany-co-18k-yellow-gold-cummings-positive-negative-earrings-rr8417,Tiffany & Co. 18K Yellow Gold Cummings Positive & Negative Earrings,Tiffany & Co.,Earrings,ACTIVE,RR8417,1,6300.00,true,4,true,true,false,3000,Very Good pre-owned condition; signed and authenticated,antique-estate|backvault-feed|designer-jewelry|Earrings|ebay|Tiffany & Co.
gid://shopify/Product/7633244782663,bv-tiffany-co-schlumberger-platinum-18k-yellow-gold-butterfly-motif-bracelet-rr8405,Tiffany & Co. Schlumberger Platinum & 18K Yellow Gold Butterfly Motif Bracelet,Tiffany & Co.,Bracelets,ACTIVE,RR8405,1,150000.00,true,5,true,true,false,3000,Excellent pre-owned condition; signed and authenticated,antique-estate|backvault-feed|Bracelets|designer-jewelry|ebay|Tiffany & Co.
gid://shopify/Product/7633244848199,bv-cartier-18k-white-gold-diamond-panthere-with-tassels-on-a-signature-chain-necklace-rr8396,Cartier 18K White Gold Diamond Panthere With Tassels On A Signature Chain Necklace,Cartier,Necklaces,ACTIVE,RR8396,1,124000.00,true,4,true,true,false,3000,Excellent pre-owned condition; signed and authenticated,antique-estate|backvault-feed|Cartier|designer-jewelry|ebay|Necklaces
gid://shopify/Product/7633244913735,bv-chopard-18k-white-gold-1970s,Pre-Owned Chopard 18K Yellow Gold 1970's Bark Finish Lapis Dial 1970's Wrist Women Watch,Chopard,Watch,ACTIVE,RR8379,1,35500.00,true,8,true,true,false,3000,Excellent pre-owned condition; signed and authenticated,antique-estate|backvault-feed|Chopard|designer-jewelry|ebay|Pre-Owned Watches|Vintage|Watch|Watches
gid://shopify/Product/7633244946503,bv-david-webb-platinum-18k-yellow-gold-jade-teardrop-dangling-clip-on-earrings-rr8377,David Webb Platinum & 18K Yellow Gold Jade Teardrop Dangling Clip On Earrings,David Webb,Earrings,ACTIVE,RR8377,1,24500.00,true,4,true,true,false,3000,Excellent pre-owned condition; signed and authenticated,antique-estate|backvault-feed|David Webb|designer-jewelry|Earrings|ebay
gid://shopify/Product/7633244979271,bv-bvlgari-platinum-1960s-diamond-setting-for-a-brooch-rr6973,Bvlgari Platinum 1960's Diamond Setting For A Brooch,Bvlgari,Brooches,ACTIVE,RR6973,1,34900.00,true,4,true,true,false,3000,Pre-owned; authenticated by Laura Milman New York,antique-estate|backvault-feed|Brooches|Bvlgari|designer-jewelry|ebay
gid://shopify/Product/7633245012039,bv-david-webb-18k-yellow-gold-zigzag-hammered-ring-rr8369,David Webb 18K Yellow Gold Zigzag Hammered Ring,David Webb,Rings,ACTIVE,RR8369,1,11800.00,true,4,true,true,false,3000,Excellent pre-owned condition; signed and authenticated,antique-estate|backvault-feed|Contemporary|David Webb|designer-jewelry|ebay|Rings
gid://shopify/Product/7633245044807,bv-david-webb-platinum-18k-yellow-gold-green-enamel-diamond-and-ruby-frog-bracelet-rr8247,"David Webb Platinum & 18K Yellow Gold Green Enamel, Diamond And Ruby Frog Bracelet",David Webb,Bracelets,ACTIVE,RR8247,1,55700.00,true,5,true,true,false,3000,Excellent pre-owned condition; signed and authenticated,antique-estate|backvault-feed|Bracelets|David Webb|designer-jewelry|ebay
gid://shopify/Product/7633245077575,bv-david-webb-platinum-18k-yellow-gold-diamond-tiger-and-black-enamel-brooch-rr8241,David Webb Platinum & 18K Yellow Gold Diamond Tiger And Black Enamel Brooch,David Webb,Brooches,ACTIVE,RR8241,1,50500.00,true,5,true,true,false,3000,Excellent pre-owned condition; signed and authenticated,antique-estate|backvault-feed|Brooches|David Webb|designer-jewelry|ebay
gid://shopify/Product/7633245110343,bv-david-webb-platinum-18k-yellow-gold-blue-enamel-bombe-diamond-ring-rr8364,David Webb Platinum & 18K Yellow Gold Blue Enamel Bombe Diamond Ring,David Webb,Rings,ACTIVE,RR8364,1,18000.00,true,4,true,true,false,3000,Excellent pre-owned condition; signed and authenticated,antique-estate|backvault-feed|David Webb|designer-jewelry|ebay|Rings
gid://shopify/Product/7633245143111,bv-david-webb-black-enamel-and-diamond-square-shaped-earrings-rr8327,David Webb Black Enamel And Diamond Square Shaped Earrings,David Webb,Earrings,ACTIVE,RR8327,1,28700.00,true,5,true,true,false,3000,Excellent pre-owned condition; signed and authenticated,antique-estate|backvault-feed|David Webb|designer-jewelry|Earrings|ebay
gid://shopify/Product/7633245175879,bv-david-webb-platinum-18k-yellow-gold-black-enamel-diamond-hoop-earrings-rr7208,David Webb Platinum & 18K Yellow Gold Black Enamel Diamond Hoop Earrings,David Webb,Earrings,ACTIVE,RR7208,1,14400.00,true,4,true,true,false,3000,Excellent pre-owned condition; signed and authenticated,antique-estate|backvault-feed|David Webb|designer-jewelry|Earrings|ebay
gid://shopify/Product/7633245208647,bv-marina-b-18k-yellow-gold-hematite-large-cuff-bangle-bracelet-rr7206,Marina B . 18K Yellow Gold Hematite Large Cuff Bangle Bracelet,Marina B,Bracelets,ACTIVE,RR7206,1,33000.00,true,5,true,true,false,3000,Very Good pre-owned condition; signed and authenticated,antique-estate|backvault-feed|Bracelets|designer-jewelry|ebay|Marina B
gid://shopify/Product/7633245306951,bv-david-webb-platinum-18k-yellow-gold-12-carat-diamond-crescent-brooch-rr7199,David Webb Platinum & 18K Yellow Gold 12 Carat Diamond Crescent Brooch,David Webb,Brooches,ACTIVE,RR7199,1,34900.00,true,4,true,true,false,3000,Excellent pre-owned condition; signed and authenticated,antique-estate|backvault-feed|Brooches|David Webb|designer-jewelry|ebay
gid://shopify/Product/7633245372487,bv-david-webb-platinum-18k-yellow-gold-blue-lapis-lazuli-and-white-enamel-brooch-rr8324,David Webb Platinum & 18K Yellow Gold Blue Lapis Lazuli And White Enamel Brooch,David Webb,Brooches,ACTIVE,RR8324,1,42700.00,true,5,true,true,false,3000,Excellent pre-owned condition; signed and authenticated,antique-estate|backvault-feed|Brooches|David Webb|designer-jewelry|ebay
gid://shopify/Product/7633245438023,bv-david-webb-white-enamel-and-malachite-maltese-cross-brooch-rr8323,David Webb White Enamel And Malachite Maltese Cross Brooch,David Webb,Brooches,ACTIVE,RR8323,1,37500.00,true,5,true,true,false,3000,Excellent pre-owned condition; signed and authenticated,antique-estate|backvault-feed|Brooches|David Webb|designer-jewelry|ebay
gid://shopify/Product/7633245470791,bv-david-webb-platinum-18k-yellow-gold-1970s-turquoise-and-diamond-foliage-brooch-rr8311,David Webb Platinum & 18K Yellow Gold 1970's Turquoise And Diamond Foliage Brooch,David Webb,Brooches,ACTIVE,RR8311,1,36200.00,true,5,true,true,false,3000,Excellent pre-owned condition; signed and authenticated,antique-estate|backvault-feed|Brooches|David Webb|designer-jewelry|ebay
gid://shopify/Product/7633245503559,bv-boucheron-18k-yellow-gold-diamond-mountings-for-pear-cut-centers-earrings-rr8304,Boucheron 18K Yellow Gold Diamond Mountings For Pear Cut Centers Earrings,Boucheron,Earrings,ACTIVE,RR8304,1,23900.00,true,4,true,true,false,3000,Excellent pre-owned condition; signed and authenticated,antique-estate|backvault-feed|Boucheron|designer-jewelry|Earrings|ebay
gid://shopify/Product/7633245569095,bv-david-webb-platinum-18k-yellow-gold-carved-coral-jade-and-black-enamel-ring-rr8296,"David Webb Platinum & 18K Yellow Gold Carved Coral, Jade And Black Enamel Ring",David Webb,Rings,ACTIVE,RR8296,1,34900.00,true,5,true,true,false,3000,Excellent pre-owned condition; signed and authenticated,antique-estate|backvault-feed|David Webb|designer-jewelry|ebay|Rings
gid://shopify/Product/7633245601863,bv-david-webb-18k-yellow-gold-7-carat-diamond-tear-drop-clip-on-earrings-rr8295,David Webb 18K Yellow Gold 7 Carat Diamond Tear Drop Clip On Earrings,David Webb,Earrings,ACTIVE,RR8295,1,30000.00,true,4,true,true,false,3000,Excellent pre-owned condition; signed and authenticated,antique-estate|backvault-feed|David Webb|designer-jewelry|Earrings|ebay
gid://shopify/Product/7633245634631,bv-cartier-platinum-5-85-carat-diamond-tulip-vintage-ring-rr8294,Cartier Platinum 5.85 Carat Diamond Tulip Vintage Ring,Cartier,Rings,ARCHIVED,RR8294,0,32500.00,false,5,false,true,false,,Excellent pre-owned condition; signed and authenticated,antique-estate|backvault-feed|Cartier|designer-jewelry|Rings|Vintage
gid://shopify/Product/7633245667399,bv-cartier-18k-yellow-gold-double-panthere-tassel-long-strand-necklace-rr8080,Cartier 18K Yellow Gold Double Panthere Tassel Long Strand Necklace,Cartier,Necklaces,ACTIVE,RR8080,1,85000.00,true,5,true,true,false,3000,Excellent pre-owned condition; signed and authenticated,antique-estate|backvault-feed|Cartier|designer-jewelry|ebay|Necklaces|Vintage
gid://shopify/Product/7633245700167,bv-david-webb-platinum-18k-yellow-gold-white-enamel-diamond-horse-face-brooch-rr8277,David Webb Platinum & 18K Yellow Gold White Enamel Diamond Horse Face Brooch,David Webb,Brooches,ACTIVE,RR8277,1,31000.00,true,4,true,true,false,3000,Very Good pre-owned condition; signed and authenticated,antique-estate|backvault-feed|Brooches|David Webb|designer-jewelry|ebay
gid://shopify/Product/7633245765703,bv-david-webb-platinum-18k-white-gold-rock-crystal-diamonds-black-enamel-pearl-ring-rr8276,"David Webb Platinum & 18K White Gold Rock Crystal, Diamonds, Black Enamel, Pearl Ring",David Webb,Rings,ACTIVE,RR8276,1,20600.00,true,6,true,true,false,3000,Excellent pre-owned condition; signed and authenticated,antique-estate|backvault-feed|David Webb|designer-jewelry|ebay|Rings
gid://shopify/Product/7633245798471,bv-van-cleef-arpels-18k-yellow-gold-perlee-clover-diamond-ring-rr8275,Van Cleef & Arpels 18K Yellow Gold Perlee Clover Diamond Ring,Van Cleef & Arpels,Rings,ACTIVE,RR8275,1,14100.00,true,4,true,true,false,3000,Excellent pre-owned condition; signed and authenticated,antique-estate|backvault-feed|designer-jewelry|ebay|Rings|Van Cleef & Arpels
gid://shopify/Product/7633245831239,bv-david-webb-platinum-18k-yellow-gold-green-emerald-and-diamond-flower-brooch-rr8212,David Webb Platinum & 18K Yellow Gold Green Emerald And Diamond Flower Brooch,David Webb,Brooches,ACTIVE,RR8212,1,36200.00,true,9,true,true,false,3000,Excellent pre-owned condition; signed and authenticated,antique-estate|backvault-feed|Brooches|David Webb|designer-jewelry|ebay
gid://shopify/Product/7633245896775,bv-david-webb-platinum-18k-yellow-gold-1970s-carved-jade-dragon-style-ring-rr8211,David Webb Platinum & 18K Yellow Gold 1970's Carved Jade Dragon Style Ring,David Webb,Rings,ACTIVE,RR8211,1,37800.00,true,6,true,true,false,3000,Excellent pre-owned condition; signed and authenticated,antique-estate|backvault-feed|David Webb|designer-jewelry|ebay|Rings
gid://shopify/Product/7633245962311,bv-david-webb-platinum-18k-yellow-gold-fleur-de-lis-black-enamel-diamond-ring-rr8208,David Webb Platinum & 18K Yellow Gold Fleur De Lis Black Enamel Diamond Ring,David Webb,Rings,ACTIVE,RR8208,1,30000.00,true,4,true,true,false,3000,Excellent pre-owned condition; signed and authenticated,antique-estate|backvault-feed|David Webb|designer-jewelry|ebay|Rings
gid://shopify/Product/7633245995079,bv-david-webb-platinum-18k-yellow-gold-1960s-round-diamond-openwork-bracelet-rr8193,David Webb Platinum & 18K Yellow Gold 1960's Round Diamond Openwork Bracelet,David Webb,Bracelets,ACTIVE,RR8193,1,33000.00,true,4,true,true,false,3000,Very Good pre-owned condition; signed and authenticated,antique-estate|backvault-feed|Bracelets|David Webb|designer-jewelry|ebay
gid://shopify/Product/7633246027847,bv-david-webb-platinum-18k-yellow-gold-diamond-and-enamel-anchor-pendant-brooch-rr8155,David Webb Platinum & 18K Yellow Gold Diamond And Enamel Anchor Pendant Brooch,David Webb,Brooches,ACTIVE,RR8155,1,60500.00,true,5,true,true,false,3000,Excellent pre-owned condition; signed and authenticated,antique-estate|backvault-feed|Brooches|David Webb|designer-jewelry|ebay
gid://shopify/Product/7633246060615,bv-david-webb-platinum-18k-yellow-gold-cultured-pearl-coral-and-enamel-clip-earrings-rr8147,"David Webb Platinum & 18K Yellow Gold Cultured Pearl, Coral And Enamel Clip Earrings",David Webb,Earrings,ACTIVE,RR8147,1,47900.00,true,4,true,true,false,3000,Excellent pre-owned condition; signed and authenticated,antique-estate|backvault-feed|David Webb|designer-jewelry|Earrings|ebay
gid://shopify/Product/7633246126151,bv-david-webb-platinum-18k-yellow-gold-sitting-panthere-with-a-diamond-collar-brooch-rr8145,David Webb Platinum & 18K Yellow Gold Sitting Panthere With A Diamond Collar Brooch,David Webb,Brooches,ACTIVE,RR8145,1,33000.00,true,4,true,true,false,3000,Excellent pre-owned condition; signed and authenticated,antique-estate|backvault-feed|Brooches|David Webb|designer-jewelry|ebay
gid://shopify/Product/7633246191687,bv-david-webb-platinum-18k-yellow-gold-diamond-ruby-green-emerald-earrings-rr8170,"David Webb Platinum & 18K Yellow Gold Diamond, Ruby, Green Emerald Earrings",David Webb,Earrings,ACTIVE,RR8170,1,25800.00,true,4,true,true,false,3000,Excellent pre-owned condition; signed and authenticated,antique-estate|backvault-feed|David Webb|designer-jewelry|Earrings|ebay
gid://shopify/Product/7633246224455,bv-david-webb-18k-yellow-gold-hammered-doorknockers-large-oversized-earrings-rr8160,David Webb 18K Yellow Gold Hammered Doorknockers Large Oversized Earrings,David Webb,Earrings,ACTIVE,RR8160,1,31300.00,true,4,true,true,false,3000,Excellent pre-owned condition; signed and authenticated,antique-estate|backvault-feed|David Webb|designer-jewelry|Earrings|ebay
gid://shopify/Product/7633246289991,bv-david-webb-platinum-18k-yellow-gold-pearl-diamond-black-enamel-ring-rr8156,"David Webb Platinum & 18K Yellow Gold Pearl, Diamond, Black Enamel Ring",David Webb,Rings,ACTIVE,RR8156,1,37500.00,true,5,true,true,false,3000,Excellent pre-owned condition; signed and authenticated,antique-estate|backvault-feed|David Webb|designer-jewelry|ebay|Rings
gid://shopify/Product/7633246322759,bv-david-webb-platinum-18k-yellow-gold-carved-jade-cuff-bracelet-rr8140,David Webb Platinum & 18K Yellow Gold Carved Jade Cuff Bracelet,David Webb,Bracelets,ACTIVE,RR8140,1,85000.00,true,5,true,true,false,3000,Excellent pre-owned condition; signed and authenticated,antique-estate|backvault-feed|Bracelets|David Webb|designer-jewelry|ebay
gid://shopify/Product/7633246355527,bv-david-webb-18k-yellow-gold-heraldic-green-emerald-ruby-and-diamond-brooch-rr8138,David Webb 18K Yellow Gold Heraldic Green Emerald Ruby And Diamond Brooch,David Webb,Brooches,ACTIVE,RR8138,1,81700.00,true,4,true,true,false,3000,Excellent pre-owned condition; signed and authenticated,antique-estate|backvault-feed|Brooches|David Webb|designer-jewelry|ebay|Vintage
gid://shopify/Product/7633246388295,bv-david-webb-18k-yellow-gold-green-emerald-cabochon-ruby-and-diamond-bracelet-rr8137,"David Webb 18K Yellow Gold Green Emerald Cabochon, Ruby And Diamond Bracelet",David Webb,Bracelets,ACTIVE,RR8137,1,163000.00,true,5,true,true,false,3000,Excellent pre-owned condition; signed and authenticated,antique-estate|backvault-feed|Bracelets|David Webb|designer-jewelry|ebay
gid://shopify/Product/7633246421063,bv-david-webb-platinum-18k-yellow-gold-large-hammered-flat-link-diamond-bracelet-rr8136,David Webb Platinum & 18K Yellow Gold Large Hammered Flat Link Diamond Bracelet,David Webb,Bracelets,ACTIVE,RR8136,1,72000.00,true,5,true,true,false,3000,Excellent pre-owned condition; signed and authenticated,antique-estate|backvault-feed|Bracelets|David Webb|designer-jewelry|ebay|Vintage
gid://shopify/Product/7633246486599,bv-david-webb-platinum-18k-yellow-gold-black-enamel-vintage-ring-rr8131,David Webb Platinum & 18K Yellow Gold Black Enamel Vintage Ring,David Webb,Rings,ACTIVE,RR8131,1,11800.00,true,5,true,true,false,3000,Excellent pre-owned condition; signed and authenticated,antique-estate|backvault-feed|David Webb|designer-jewelry|ebay|Rings|Vintage
gid://shopify/Product/7633246519367,bv-david-webb-18k-yellow-gold-black-enamel-vintage-door-knockers-earrings-rr8130,David Webb 18K Yellow Gold Black Enamel Vintage Door Knockers Earrings,David Webb,Earrings,ACTIVE,RR8130,1,24800.00,true,4,true,true,false,3000,Pre-owned; authenticated by Laura Milman New York,antique-estate|backvault-feed|David Webb|designer-jewelry|Earrings|ebay|Vintage
gid://shopify/Product/7633246552135,bv-david-webb-18k-yellow-gold-oval-amethyst-and-diamond-hammered-finish-ring-rr8125,David Webb 18K Yellow Gold Oval Amethyst And Diamond Hammered Finish Ring,David Webb,Rings,ACTIVE,RR8125,1,18000.00,true,6,true,true,false,3000,Excellent pre-owned condition; signed and authenticated,antique-estate|backvault-feed|David Webb|designer-jewelry|ebay|Rings
gid://shopify/Product/7633246584903,bv-bvlgari-18k-yellow-gold-carnelian-doorknockers-1970s-earrings-rr8123,Bvlgari 18K Yellow Gold Carnelian Doorknockers 1970's Earrings,Bvlgari,Earrings,ACTIVE,RR8123,1,11500.00,true,4,true,true,false,3000,Excellent pre-owned condition; signed and authenticated,antique-estate|backvault-feed|Bvlgari|designer-jewelry|Earrings|ebay|Vintage
gid://shopify/Product/7633246683207,bv-david-webb-platinum-18k-yellow-gold-repousse-finish-leopard-bracelet-rr8105,David Webb Platinum & 18K Yellow Gold Repousse Finish Leopard Bracelet,David Webb,Bracelets,ACTIVE,RR8105,1,41400.00,true,5,true,true,false,3000,Excellent pre-owned condition; signed and authenticated,antique-estate|backvault-feed|Bracelets|David Webb|designer-jewelry|ebay|Vintage
gid://shopify/Product/7633246715975,bv-david-webb-platinum-18k-yellow-gold-rock-crystal-large-maltese-cross-scroll-pendant-brooch-rr8104,David Webb Platinum & 18K Yellow Gold Rock Crystal Large Maltese Cross Scroll Pendant Brooch,David Webb,Brooches,ACTIVE,RR8104,1,34900.00,true,7,true,true,false,3000,Excellent pre-owned condition; signed and authenticated,antique-estate|backvault-feed|Brooches|David Webb|designer-jewelry|ebay
gid://shopify/Product/7633246748743,bv-buccellati-18k-yellow-gold-gemini-malachite-medallion-necklace-rr8095,Buccellati 18K Yellow Gold Gemini Malachite Medallion Necklace,Buccellati,Necklaces,ACTIVE,RR8095,1,13100.00,true,7,true,true,false,3000,Excellent pre-owned condition; signed and authenticated,antique-estate|backvault-feed|Buccellati|designer-jewelry|ebay|Necklaces
gid://shopify/Product/7633246814279,bv-david-webb-18k-yellow-gold-rock-crystal-hoop-earrings-rr8089,David Webb 18K Yellow Gold Rock Crystal Hoop Earrings,David Webb,Earrings,ACTIVE,RR8089,1,31000.00,true,4,true,true,false,3000,Excellent pre-owned condition; signed and authenticated,antique-estate|backvault-feed|David Webb|designer-jewelry|Earrings|ebay
gid://shopify/Product/7633246847047,bv-david-webb-platinum-18k-yellow-gold-black-enamel-gold-studded-clip-earrings-rr8085,David Webb Platinum & 18K Yellow Gold Black Enamel Gold Studded Clip Earrings,David Webb,Earrings,ACTIVE,RR8085,1,12800.00,true,5,true,true,false,3000,Excellent pre-owned condition; signed and authenticated,antique-estate|backvault-feed|David Webb|designer-jewelry|Earrings|ebay
gid://shopify/Product/7633246879815,bv-cartier-18k-white-gold-lakarda-wrap-panthere-ring-rr8082,Cartier 18K White Gold Lakarda Wrap Panthere Ring,Cartier,Rings,ACTIVE,RR8082,1,14400.00,true,4,true,true,false,3000,Excellent pre-owned condition; signed and authenticated,antique-estate|backvault-feed|Cartier|designer-jewelry|ebay|Rings
gid://shopify/Product/7633246912583,bv-david-webb-platinum-18k-yellow-gold-fleur-de-lis-white-enamel-ring-rr8077,David Webb Platinum & 18K Yellow Gold Fleur De Lis White Enamel Ring,David Webb,Rings,ACTIVE,RR8077,1,23200.00,true,4,true,true,false,3000,Very Good pre-owned condition; signed and authenticated,antique-estate|backvault-feed|David Webb|designer-jewelry|ebay|Rings
gid://shopify/Product/7633246978119,bv-david-webb-18k-yellow-gold-7-00-carat-pave-set-cushion-shaped-diamond-clip-earrings-rr8070,David Webb 18K Yellow Gold 7.00 Carat Pave Set Cushion Shaped Diamond Clip Earrings,David Webb,Earrings,ACTIVE,RR8070,1,28400.00,true,4,true,true,false,3000,Excellent pre-owned condition; signed and authenticated,antique-estate|backvault-feed|David Webb|designer-jewelry|Earrings|ebay
gid://shopify/Product/7633247010887,bv-david-webb-platinum-18k-yellow-gold-20-00-carat-diamond-flower-brooch-rr8069,David Webb Platinum & 18K Yellow Gold 20.00 Carat Diamond Flower Brooch,David Webb,Brooches,ACTIVE,RR8069,1,42700.00,true,2,true,true,false,3000,Excellent pre-owned condition; signed and authenticated,antique-estate|backvault-feed|Brooches|Circa 1970|David Webb|designer-jewelry|ebay
gid://shopify/Product/7633247043655,bv-david-webb-platinum-21-00-carats-1960s-diamond-floral-brooch-rr8068,David Webb Platinum 21.00 Carats 1960's Diamond Floral Brooch,David Webb,Brooches,ACTIVE,RR8068,1,59000.00,true,4,true,true,false,3000,Excellent pre-owned condition; signed and authenticated,antique-estate|backvault-feed|Brooches|Circa 1960|David Webb|designer-jewelry|ebay
gid://shopify/Product/7633247109191,bv-david-webb-18k-yellow-gold-hammered-wide-cuff-with-diamonds-bracelet-rr8067,David Webb 18K Yellow Gold Hammered Wide Cuff With Diamonds Bracelet,David Webb,Bracelets,ACTIVE,RR8067,1,38800.00,true,5,true,true,false,3000,Excellent pre-owned condition; signed and authenticated,antique-estate|backvault-feed|Bracelets|David Webb|designer-jewelry|ebay
gid://shopify/Product/7633247141959,bv-david-webb-platinum-18k-yellow-gold-textured-nugget-diamond-slope-earrings-rr8055,David Webb Platinum & 18K Yellow Gold Textured Nugget Diamond Slope Earrings,David Webb,Earrings,ACTIVE,RR8055,1,14100.00,true,5,true,true,false,3000,Excellent pre-owned condition; signed and authenticated,antique-estate|backvault-feed|David Webb|designer-jewelry|Earrings|ebay
gid://shopify/Product/7633247174727,bv-david-webb-platinum-18k-yellow-gold-textured-nugget-style-1-62cts-bracelet-rr8054,David Webb Platinum & 18K Yellow Gold Textured Nugget Style 1.62cts Bracelet,David Webb,Bracelets,ACTIVE,RR8054,1,21900.00,true,5,true,true,false,3000,Excellent pre-owned condition; signed and authenticated,antique-estate|backvault-feed|Bracelets|David Webb|designer-jewelry|ebay
gid://shopify/Product/7633247207495,bv-cartier-18k-white-gold-ceramic-black-lacquer-panthere-necklace-rr8051,"Cartier 18K White Gold Ceramic, Black Ceramic, Panthere Necklace",Cartier,Necklaces,ACTIVE,RR8051,1,68100.00,true,6,true,true,false,3000,Excellent pre-owned condition; signed and authenticated,antique-estate|backvault-feed|Cartier|designer-jewelry|ebay|Necklaces
gid://shopify/Product/7633247273031,bv-david-webb-18k-yellow-gold-nugget-diamond-articulated-bracelet-rr8037,David Webb 18K Yellow Gold Nugget Diamond Articulated Bracelet,David Webb,Bracelets,ACTIVE,RR8037,1,23200.00,true,6,true,true,false,3000,Excellent pre-owned condition; signed and authenticated,antique-estate|backvault-feed|Bracelets|David Webb|designer-jewelry|ebay
gid://shopify/Product/7633247305799,bv-david-webb-blue-lapis-diamonds-and-white-enamel-earrings-rr8036,"David Webb Blue Lapis, Diamonds And White Enamel Earrings",David Webb,Earrings,ACTIVE,RR8036,1,36200.00,true,4,true,true,false,3000,Excellent pre-owned condition; signed and authenticated,antique-estate|backvault-feed|David Webb|designer-jewelry|Earrings|ebay|Vintage
gid://shopify/Product/7633247371335,bv-david-webb-18k-yellow-gold-power-architectural-bracelet-rr8033,David Webb 18K Yellow Gold Power Architectural Bracelet,David Webb,Bracelets,ACTIVE,RR8033,1,55700.00,true,4,true,true,false,3000,Excellent pre-owned condition; signed and authenticated,antique-estate|backvault-feed|Bracelets|David Webb|designer-jewelry|ebay
gid://shopify/Product/7633247404103,bv-chopard-18k-white-gold-20-carat-micro-pave-diamond-link-bracelet-rr8023,Chopard 18K White Gold 20 Carat Micro Pave Diamond Link Bracelet,Chopard,Bracelets,ACTIVE,RR8023,1,37500.00,true,5,true,true,false,3000,Excellent pre-owned condition; signed and authenticated,antique-estate|backvault-feed|Bracelets|Chopard|designer-jewelry|ebay
gid://shopify/Product/7633247436871,bv-bvlgari-18k-white-gold-parentesi-gemstone-and-diamond-chain-bracelet-rr8020,Bvlgari 18K White Gold Parentesi Gemstone And Diamond Chain Bracelet,Bvlgari,Bracelets,ACTIVE,RR8020,1,5000.00,true,5,true,true,false,3000,Excellent pre-owned condition; signed and authenticated,antique-estate|backvault-feed|Bracelets|Bvlgari|designer-jewelry|ebay
gid://shopify/Product/7633247502407,bv-david-webb-platinum-18k-yellow-gold-white-enamel-articulated-bracelet-rr7992,David Webb Platinum & 18K Yellow Gold White Enamel Articulated Bracelet,David Webb,Bracelets,ACTIVE,RR7992,1,36200.00,true,5,true,true,false,3000,Excellent pre-owned condition; signed and authenticated,antique-estate|backvault-feed|Bracelets|David Webb|designer-jewelry|ebay
gid://shopify/Product/7633247535175,bv-bvlgari-18k-white-gold-mother-of-pearl-illusion-diamond-cocktail-ring-rr7989,Bvlgari 18K White Gold Mother Of Pearl Illusion Diamond Cocktail Ring,Bvlgari,Rings,ACTIVE,RR7989,1,5500.00,true,5,true,true,false,3000,Excellent pre-owned condition; signed and authenticated,antique-estate|backvault-feed|Bvlgari|designer-jewelry|ebay|Rings
gid://shopify/Product/7633247567943,bv-david-webb-18k-yellow-gold-gold-beehive-shield-clip-earrings-rr7981,David Webb 18K Yellow Gold Gold Beehive Shield Clip Earrings,David Webb,Earrings,ACTIVE,RR7981,1,14400.00,true,4,true,true,false,3000,Excellent pre-owned condition; signed and authenticated,antique-estate|backvault-feed|David Webb|designer-jewelry|Earrings|ebay
gid://shopify/Product/7633247600711,bv-cartier-18k-white-gold-santos-100-unisex-white-gold-diamond-watch-rr7980,Pre-Owned Cartier 18K White Gold Santos 100 Unisex White Gold Diamond Unisex Watch,Cartier,Watch,ACTIVE,RR7980,1,31000.00,true,5,true,true,false,3000,Excellent pre-owned condition; signed and authenticated,antique-estate|backvault-feed|Cartier|designer-jewelry|ebay|Pre-Owned Watches|Watch|Watches
gid://shopify/Product/7633247633479,bv-david-webb-platinum-18k-yellow-gold-diamond-and-pearl-circular-openwork-brooch-rr7979,David Webb Platinum & 18K Yellow Gold Diamond And Pearl Circular Openwork Brooch,David Webb,Brooches,ACTIVE,RR7979,1,33900.00,true,9,true,true,false,3000,Excellent pre-owned condition; signed and authenticated,antique-estate|backvault-feed|Brooches|David Webb|designer-jewelry|ebay
gid://shopify/Product/7633247731783,bv-david-webb-18k-white-gold-ruby-emerald-and-sapphire-door-knockers-earrings-rr7953,"David Webb 18K White Gold Ruby, Emerald And Sapphire Door Knockers Earrings",David Webb,Earrings,ACTIVE,RR7953,1,36200.00,true,4,true,true,false,3000,Excellent pre-owned condition; signed and authenticated,antique-estate|backvault-feed|David Webb|designer-jewelry|Earrings|ebay
gid://shopify/Product/7633247764551,bv-david-webb-platinum-18k-yellow-gold-multi-color-gemstone-and-diamond-earrings-rr7187,David Webb Platinum & 18K Yellow Gold Multi Color Gemstone And Diamond Earrings,David Webb,Earrings,ACTIVE,RR7187,1,11500.00,true,4,true,true,false,3000,Excellent pre-owned condition; signed and authenticated,antique-estate|backvault-feed|David Webb|designer-jewelry|Earrings|ebay
gid://shopify/Product/7633247797319,bv-david-webb-platinum-18k-yellow-gold-white-enamel-high-dome-ring-rr7987,David Webb Platinum & 18K Yellow Gold White Enamel High Dome Ring,David Webb,Rings,ACTIVE,RR7987,1,18300.00,true,6,true,true,false,3000,Excellent pre-owned condition; signed and authenticated,antique-estate|backvault-feed|David Webb|designer-jewelry|ebay|Rings
gid://shopify/Product/7633247830087,bv-van-cleef-arpels-18k-white-gold-romance-in-paris-charm-bracelet-rr7969,Van Cleef & Arpels 18K White Gold Romance In Paris Charm Bracelet,Van Cleef & Arpels,Bracelets,ACTIVE,RR7969,1,10200.00,true,10,true,true,false,3000,Pre-owned; authenticated by Laura Milman New York,antique-estate|backvault-feed|Bracelets|designer-jewelry|ebay|Van Cleef & Arpels
gid://shopify/Product/7633247895623,bv-david-webb-18k-yellow-gold-rock-crystal-monkey-pendant-rr7963,David Webb 18K Yellow Gold Rock Crystal Monkey Pendant,David Webb,Pendants,ACTIVE,RR7963,1,50500.00,true,4,true,true,false,3000,Excellent pre-owned condition; signed and authenticated,antique-estate|backvault-feed|David Webb|designer-jewelry|ebay|Pendants
gid://shopify/Product/7633247928391,bv-chopard-18k-rose-gold-happy-diamonds-necklace-rr7954,Chopard 18K Rose Gold Happy Diamonds Necklace,Chopard,Necklaces,ACTIVE,RR7954,1,11800.00,true,7,true,true,false,3000,Excellent pre-owned condition; signed and authenticated,antique-estate|backvault-feed|Chopard|designer-jewelry|ebay|Necklaces
gid://shopify/Product/7633247961159,bv-david-webb-18k-yellow-gold-white-enamel-gold-and-diamond-linked-collar-necklace-rr7951,David Webb 18K Yellow Gold White Enamel Gold And Diamond Linked Collar Necklace,David Webb,Necklaces,ACTIVE,RR7951,1,76500.00,true,4,true,true,false,3000,Excellent pre-owned condition; signed and authenticated,antique-estate|backvault-feed|David Webb|designer-jewelry|ebay|Necklaces
gid://shopify/Product/7633247993927,bv-david-webb-platinum-18k-yellow-gold-white-enamel-diamond-metro-collection-earrings-rr7949,David Webb Platinum & 18K Yellow Gold White Enamel Diamond Metro Collection Earrings,David Webb,Earrings,ACTIVE,RR7949,1,23200.00,true,5,true,true,false,3000,Excellent pre-owned condition; signed and authenticated,antique-estate|backvault-feed|David Webb|designer-jewelry|Earrings|ebay
gid://shopify/Product/7633248092231,bv-david-webb-platinum-18k-yellow-gold-hammered-gold-and-black-enamel-clip-earrings-rr7915,David Webb Platinum & 18K Yellow Gold Hammered Gold And Black Enamel Clip Earrings,David Webb,Earrings,ACTIVE,RR7915,1,14100.00,true,6,true,true,false,3000,Excellent pre-owned condition; signed and authenticated,antique-estate|backvault-feed|David Webb|designer-jewelry|Earrings|ebay
gid://shopify/Product/7633248124999,bv-david-webb-18k-yellow-gold-1979-taurus-bull-hinged-wide-cuff-bracelet-rr7903,David Webb 18K Yellow Gold 1979 Taurus Bull Hinged Wide Cuff Bracelet,David Webb,Bracelets,ACTIVE,RR7903,1,37500.00,true,4,true,true,false,3000,Excellent pre-owned condition; signed and authenticated,antique-estate|backvault-feed|Bracelets|David Webb|designer-jewelry|ebay|Vintage
gid://shopify/Product/7633248157767,bv-david-webb-18k-yellow-gold-tiger-eye-star-pendant-rr7867,David Webb 18K Yellow Gold Tiger Eye Star Pendant,David Webb,Pendants,ACTIVE,RR7867,1,10200.00,true,5,true,true,false,3000,Excellent pre-owned condition; signed and authenticated,antique-estate|backvault-feed|David Webb|designer-jewelry|ebay|Pendants
gid://shopify/Product/7633248190535,bv-david-webb-18k-yellow-gold-lighting-bolt-modern-link-cubist-design-bracelet-rr7966,David Webb 18K Yellow Gold Lightning Bolt Modern Link Cubist Design Bracelet,David Webb,Bracelets,ACTIVE,RR7966,1,11500.00,true,5,true,true,false,3000,Excellent pre-owned condition; signed and authenticated,antique-estate|backvault-feed|Bracelets|David Webb|designer-jewelry|ebay|Modern
gid://shopify/Product/7633248223303,bv-david-webb-18k-yellow-gold-white-enamel-and-8-00cttw-diamond-knot-brooch-rr7945,David Webb 18K Yellow Gold White Enamel And 8.00cttw Diamond Knot Brooch,David Webb,Brooches,ACTIVE,RR7945,1,36200.00,true,6,true,true,false,3000,Excellent pre-owned condition; signed and authenticated,antique-estate|backvault-feed|Brooches|David Webb|designer-jewelry|ebay
gid://shopify/Product/7633248321607,bv-david-webb-platinum-18k-yellow-gold-onyx-and-coral-drop-door-knocker-earrings-rr7927,David Webb Platinum & 18K Yellow Gold Onyx And Coral Drop Door Knocker Earrings,David Webb,Earrings,ACTIVE,RR7927,1,24500.00,true,4,true,true,false,3000,Excellent pre-owned condition; signed and authenticated,antique-estate|backvault-feed|David Webb|designer-jewelry|Earrings|ebay
gid://shopify/Product/7633248354375,bv-david-webb-platinum-18k-yellow-gold-cushion-cut-amethyst-and-diamond-clip-on-earrings-rr7917,David Webb Platinum & 18K Yellow Gold Cushion Cut Amethyst And Diamond Clip On Earrings,David Webb,Earrings,ACTIVE,RR7917,1,33600.00,true,4,true,true,false,3000,Excellent pre-owned condition; signed and authenticated,antique-estate|backvault-feed|David Webb|designer-jewelry|Earrings|ebay
gid://shopify/Product/7633248387143,bv-david-webb-platinum-18k-yellow-gold-hammered-link-twist-chain-necklace-rr7845,David Webb Platinum & 18K Yellow Gold Hammered Link Twist Chain Necklace,David Webb,Necklaces,ACTIVE,RR7845,1,38800.00,true,5,true,true,false,3000,Excellent pre-owned condition; signed and authenticated,antique-estate|backvault-feed|David Webb|designer-jewelry|ebay|Necklaces
gid://shopify/Product/7633248452679,bv-david-webb-platinum-18k-white-gold-oval-and-round-cut-diamond-cluster-earrings-rr7837,David Webb Platinum & 18K White Gold Oval And Round Cut Diamond Cluster Earrings,David Webb,Earrings,ACTIVE,RR7837,1,46000.00,true,4,true,true,false,3000,Excellent pre-owned condition; signed and authenticated,antique-estate|backvault-feed|David Webb|designer-jewelry|Earrings|ebay
gid://shopify/Product/7633248518215,bv-david-webb-platinum-18k-yellow-gold-zodiac-aries-large-pendant-rr7836,David Webb Platinum & 18K Yellow Gold Zodiac Aries Large Pendant,David Webb,Pendants,ACTIVE,RR7836,1,19000.00,true,4,true,true,false,3000,Excellent pre-owned condition; signed and authenticated,antique-estate|backvault-feed|David Webb|designer-jewelry|ebay|Pendants
gid://shopify/Product/7633248550983,bv-david-webb-platinum-18k-yellow-gold-large-ancient-world-open-link-necklace-rr7834,David Webb Platinum & 18K Yellow Gold Large Ancient World Open Link Necklace,David Webb,Necklaces,ACTIVE,RR7834,1,76500.00,true,5,true,true,false,3000,Excellent pre-owned condition; signed and authenticated,antique-estate|backvault-feed|David Webb|designer-jewelry|ebay|Necklaces
gid://shopify/Product/7633248583751,bv-david-webb-platinum-18k-yellow-gold-zodiac-aquarius-pendant-rr7870,David Webb Platinum & 18K Yellow Gold Zodiac Aquarius Pendant,David Webb,Pendants,ACTIVE,RR7870,1,27800.00,true,5,true,true,false,3000,Excellent pre-owned condition; signed and authenticated,antique-estate|backvault-feed|David Webb|designer-jewelry|ebay|Pendants
gid://shopify/Product/7633248616519,bv-cartier-juste-un-clou-18k-rose-gold-diamond-chain-35-inch-necklace-rr7858,Cartier Juste Un Clou 18K Rose Gold Diamond Chain 35 Inch Necklace,Cartier,Necklaces,ACTIVE,RR7858,1,38200.00,true,4,true,true,false,3000,Excellent pre-owned condition; signed and authenticated,antique-estate|backvault-feed|Cartier|designer-jewelry|ebay|Necklaces
gid://shopify/Product/7633248649287,bv-david-webb-18k-yellow-gold-large-dome-oval-button-signature-hammered-earrings-rr7920,David Webb 18K Yellow Gold Large Dome Oval Button Signature Hammered Earrings,David Webb,Earrings,ACTIVE,RR7920,1,42100.00,true,4,true,true,false,3000,Excellent pre-owned condition; signed and authenticated,antique-estate|backvault-feed|David Webb|designer-jewelry|Earrings|ebay
gid://shopify/Product/7633248682055,bv-david-webb-platinum-18k-yellow-gold-large-oversized-jade-ruby-clip-on-earrings-rr7919,David Webb Platinum & 18K Yellow Gold Large Oversized Jade Ruby Clip On Earrings,David Webb,Earrings,ACTIVE,RR7919,1,47900.00,true,7,true,true,false,3000,Excellent pre-owned condition; signed and authenticated,antique-estate|backvault-feed|David Webb|designer-jewelry|Earrings|ebay
gid://shopify/Product/7633248714823,bv-david-webb-gold-black-enamel-diamond-signature-earrings-rr7201,David Webb Gold Black Enamel Diamond Signature Earrings,David Webb,Earrings,ACTIVE,RR7201,1,24500.00,true,4,true,true,false,3000,Excellent pre-owned condition; signed and authenticated,antique-estate|backvault-feed|David Webb|designer-jewelry|Earrings|ebay
gid://shopify/Product/7633248747591,bv-van-cleef-arpels-18k-yellow-gold-diamond-cover-open-link-watch-rr7666,Pre-Owned Van Cleef & Arpels 18K Yellow Gold Diamond Cover Open Link Watch,Van Cleef & Arpels,Watch,ACTIVE,RR7666,1,18000.00,true,5,true,true,false,3000,Excellent pre-owned condition; signed and authenticated,antique-estate|backvault-feed|Circa 1960|designer-jewelry|ebay|Pre-Owned Watches|Van Cleef & Arpels|Watch|Watches
gid://shopify/Product/7633248813127,bv-david-webb-platinum-18k-yellow-gold-paisley-diamond-earrings-rr7662,David Webb Platinum & 18K Yellow Gold Paisley Diamond Earrings,David Webb,Earrings,ACTIVE,RR7662,1,11500.00,true,4,true,true,false,3000,Excellent pre-owned condition; signed and authenticated,antique-estate|backvault-feed|David Webb|designer-jewelry|Earrings|ebay
gid://shopify/Product/7633248878663,bv-david-webb-18k-yellow-gold-hammered-finish-jumbo-shrimp-earrings-rr7661,David Webb 18K Yellow Gold Hammered Finish Jumbo Shrimp Earrings,David Webb,Earrings,ACTIVE,RR7661,1,11500.00,true,4,true,true,false,3000,Excellent pre-owned condition; signed and authenticated,antique-estate|backvault-feed|David Webb|designer-jewelry|Earrings|ebay
gid://shopify/Product/7633248944199,bv-david-webb-18k-yellow-gold-pink-coral-cluster-and-diamond-brooch-rr7652,David Webb 18K Yellow Gold Pink Coral Cluster And Diamond Brooch,David Webb,Brooches,ACTIVE,RR7652,1,50500.00,true,8,true,true,false,3000,Excellent pre-owned condition; signed and authenticated,antique-estate|backvault-feed|Brooches|David Webb|designer-jewelry|ebay
gid://shopify/Product/7633248976967,bv-david-webb-platinum-18k-yellow-gold-azurmalachite-earrings-rr7648,David Webb Platinum & 18K Yellow Gold Azurmalachite Earrings,David Webb,Earrings,ACTIVE,RR7648,1,10200.00,true,4,true,true,false,3000,Excellent pre-owned condition; signed and authenticated,antique-estate|backvault-feed|David Webb|designer-jewelry|Earrings|ebay
gid://shopify/Product/7633249009735,bv-david-webb-platinum-18k-yellow-gold-diamond-oval-clip-on-earrings-rr7743,David Webb Platinum & 18K Yellow Gold Diamond Oval Clip On Earrings,David Webb,Earrings,ACTIVE,RR7743,1,23200.00,true,4,true,true,false,3000,Excellent pre-owned condition; signed and authenticated,antique-estate|backvault-feed|C. 1970|David Webb|designer-jewelry|Earrings|ebay
gid://shopify/Product/7633249042503,bv-van-cleef-arpels-18k-white-gold-sweet-alhambra-diamond-size-47-ring-rr7766,Van Cleef & Arpels 18K White Gold Sweet Alhambra Diamond Size 47 Ring,Van Cleef & Arpels,Rings,ARCHIVED,RR7766,0,4800.00,false,5,false,true,false,,Excellent pre-owned condition; signed and authenticated,antique-estate|backvault-feed|designer-jewelry|Rings|Van Cleef & Arpels
gid://shopify/Product/7633249075271,bv-van-cleef-arpels-18k-yellow-gold-pave-round-diamond-cluster-earrings-rr7748,Van Cleef & Arpels 18K Yellow Gold Pave Round Diamond Cluster Earrings,Van Cleef & Arpels,Earrings,ACTIVE,RR7748,1,41400.00,true,5,true,true,false,3000,Excellent pre-owned condition; signed and authenticated,antique-estate|backvault-feed|designer-jewelry|Earrings|ebay|Van Cleef & Arpels
gid://shopify/Product/7633249108039,bv-cartier-18k-white-gold-legers-diamants-spotlight-necklace-rr7785,Cartier 18K White Gold L'egers Diamants Spotlight Necklace,Cartier,Necklaces,ACTIVE,RR7785,1,127200.00,true,5,true,true,false,3000,Excellent pre-owned condition; signed and authenticated,antique-estate|backvault-feed|Cartier|designer-jewelry|ebay|Necklaces
gid://shopify/Product/7633249140807,bv-van-cleef-arpels-18k-yellow-gold-1960s-turquoise-pearl-drop-dangle-earrings-rr7713,Van Cleef & Arpels 18K Yellow Gold 1960's Turquoise Pearl Drop Dangle Earrings,Van Cleef & Arpels,Earrings,ACTIVE,RR7713,1,14100.00,true,4,true,true,false,3000,Excellent pre-owned condition; signed and authenticated,antique-estate|backvault-feed|designer-jewelry|Earrings|ebay|Van Cleef & Arpels|Vintage
gid://shopify/Product/7633249173575,bv-david-webb-18k-yellow-gold-black-enamel-and-diamond-tear-drop-earrings-rr7793,David Webb 18K Yellow Gold Black Enamel And Diamond Tear Drop Earrings,David Webb,Earrings,ACTIVE,RR7793,1,18000.00,true,4,true,true,false,3000,Excellent pre-owned condition; signed and authenticated,antique-estate|backvault-feed|David Webb|designer-jewelry|Earrings|ebay
gid://shopify/Product/7633249206343,bv-david-webb-platinum-18k-yellow-gold-faceted-coral-and-diamond-bracelet-rr7769,David Webb Platinum & 18K Yellow Gold Faceted Coral And Diamond Bracelet,David Webb,Bracelets,ACTIVE,RR7769,1,141500.00,true,5,true,true,false,3000,Excellent pre-owned condition; signed and authenticated,antique-estate|backvault-feed|Bracelets|David Webb|designer-jewelry|ebay
gid://shopify/Product/7633249271879,bv-david-webb-18k-yellow-gold-black-enamel-diamond-and-coral-barrel-shaped-earrings-rr7768,"David Webb 18K Yellow Gold Black Enamel, Diamond And Coral Barrel Shaped Earrings",David Webb,Earrings,ACTIVE,RR7768,1,38800.00,true,4,true,true,false,3000,Pre-owned; authenticated by Laura Milman New York,antique-estate|backvault-feed|David Webb|designer-jewelry|Earrings|ebay
gid://shopify/Product/7633249337415,bv-david-webb-platinum-18k-yellow-gold-white-enamel-and-diamond-ring-rr7757,David Webb Platinum & 18K Yellow Gold White Enamel And Diamond Ring,David Webb,Rings,ACTIVE,RR7757,1,19600.00,true,4,true,true,false,3000,Excellent pre-owned condition; signed and authenticated,antique-estate|backvault-feed|David Webb|designer-jewelry|ebay|Rings
gid://shopify/Product/7633249370183,bv-david-webb-yellow-gold-black-panther-mens-suit-set-cuff-links-rr7747,David Webb Yellow Gold Black Panther Mens Suit Set Cuff Links,David Webb,Cufflinks,ACTIVE,RR7747,1,14100.00,true,4,true,true,false,3000,Excellent pre-owned condition; signed and authenticated,antique-estate|backvault-feed|Cufflinks|David Webb|designer-jewelry|ebay|Vintage
gid://shopify/Product/7633249402951,bv-david-webb-platinum-18k-yellow-gold-black-and-white-enamel-bangle-bracelet-rr7740,David Webb Platinum & 18K Yellow Gold Black And White Enamel Bangle Bracelet,David Webb,Bracelets,ACTIVE,RR7740,1,23200.00,true,5,true,true,false,3000,Excellent pre-owned condition; signed and authenticated,antique-estate|backvault-feed|Bracelets|David Webb|designer-jewelry|ebay
gid://shopify/Product/7633249435719,bv-david-webb-cabochon-sapphire-emerald-and-ruby-bear-paw-earrings-rr7717,"David Webb Cabochon Sapphire, Emerald And Ruby Bear Paw Earrings",David Webb,Earrings,ACTIVE,RR7717,1,10200.00,true,4,true,true,false,3000,Excellent pre-owned condition; signed and authenticated,antique-estate|backvault-feed|David Webb|designer-jewelry|Earrings|ebay
gid://shopify/Product/7633249501255,bv-david-webb-platinum-18k-yellow-gold-diamond-sapphire-emerald-and-ruby-hoop-earrings-rr7779,"David Webb Platinum & 18K Yellow Gold Diamond, Sapphire, Emerald And Ruby Hoop Earrings",David Webb,Earrings,ACTIVE,RR7779,1,20900.00,true,4,true,true,false,3000,Excellent pre-owned condition; signed and authenticated,antique-estate|backvault-feed|David Webb|designer-jewelry|Earrings|ebay
gid://shopify/Product/7633249566791,bv-tiffany-co-18k-yellow-gold-light-pink-coral-textured-semi-flex-vintage-bracelet-rr7631,Tiffany & Co. 18K Yellow Gold Light Pink Coral Textured Semi Flex Vintage Bracelet,Tiffany & Co.,Bracelets,ACTIVE,RR7631,1,18000.00,true,6,true,true,false,3000,Excellent pre-owned condition; signed and authenticated,antique-estate|backvault-feed|Bracelets|designer-jewelry|ebay|Tiffany & Co.|Vintage
gid://shopify/Product/7633249599559,bv-david-webb-platinum-18k-yellow-gold-warty-textured-diamond-sections-wide-bracelet-rr7611,David Webb Platinum & 18K Yellow Gold Warty Textured Diamond Sections Wide Bracelet,David Webb,Bracelets,ACTIVE,RR7611,1,47900.00,true,5,true,true,false,3000,Excellent pre-owned condition; signed and authenticated,antique-estate|backvault-feed|Bracelets|David Webb|designer-jewelry|ebay
gid://shopify/Product/7633249632327,bv-david-webb-18k-yellow-gold-carvd-coral-diamond-pear-drop-clip-earrings-rr7594,David Webb 18K Yellow Gold Carvd Coral Diamond Pear Drop Clip Earrings,David Webb,Earrings,ACTIVE,RR7594,1,31000.00,true,4,true,true,false,3000,Excellent pre-owned condition; signed and authenticated,antique-estate|backvault-feed|David Webb|designer-jewelry|Earrings|ebay
gid://shopify/Product/7633249665095,bv-van-cleef-arpels-facade-18k-yellow-gold-vintage-watch-rr7571,Pre-Owned Van Cleef & Arpels Façade 18K Yellow Gold Vintage Women Watch,Van Cleef & Arpels,Watch,ACTIVE,RR7571,1,16700.00,true,5,true,true,false,3000,Excellent pre-owned condition; signed and authenticated,antique-estate|backvault-feed|designer-jewelry|ebay|Pre-Owned Watches|Van Cleef & Arpels|Vintage|Watch|Watches
gid://shopify/Product/7633249697863,bv-van-cleef-arpels-18k-white-gold-diamond-orchid-5-00cts-brooch-rr7561,Van Cleef & Arpels 18K White Gold Diamond Orchid 5.00cts Brooch,Van Cleef & Arpels,Brooches,ACTIVE,RR7561,1,23200.00,true,5,true,true,false,3000,Excellent pre-owned condition; signed and authenticated,antique-estate|backvault-feed|Brooches|Circa 1990|designer-jewelry|ebay|Van Cleef & Arpels
gid://shopify/Product/7633249730631,bv-cartier-18k-white-gold-diamond-panthere-tassel-pendant-on-a-cartier-chain-necklace-rr7559,Cartier 18K White Gold Diamond Panthere Tassel Pendant On A Cartier Chain Necklace,Cartier,Necklaces,ACTIVE,RR7559,1,124000.00,true,4,true,true,false,3000,Excellent pre-owned condition; signed and authenticated,antique-estate|backvault-feed|Cartier|designer-jewelry|ebay|Necklaces
gid://shopify/Product/7633249763399,bv-cartier-18k-white-gold-high-polished-panthere-lakarda-ring-rr7558,Cartier 18K White Gold High Polished Panthere Lakarda Ring,Cartier,Rings,ACTIVE,RR7558,1,13300.00,true,5,true,true,false,3000,Excellent pre-owned condition; signed and authenticated,antique-estate|backvault-feed|Cartier|designer-jewelry|ebay|Rings
gid://shopify/Product/7633249828935,bv-cartier-18k-white-gold-maillon-panthere-three-diamond-row-ring-rr7554,Cartier 18K White Gold Maillon Panthere Three Diamond Row Ring,Cartier,Rings,ACTIVE,RR7554,1,21100.00,true,5,true,true,false,3000,Excellent pre-owned condition; signed and authenticated,antique-estate|backvault-feed|Cartier|designer-jewelry|ebay|Rings
gid://shopify/Product/7633249894471,bv-david-webb-18k-yellow-gold-convertable-chain-with-a-french-jade-necklace-rr7540,David Webb 18K Yellow Gold Chain With A French Jade Necklace,David Webb,Necklaces,ACTIVE,RR7540,1,85000.00,true,5,true,true,false,3000,Excellent pre-owned condition; signed and authenticated,antique-estate|backvault-feed|David Webb|designer-jewelry|ebay|Necklaces
gid://shopify/Product/7633249927239,bv-david-webb-18k-yellow-gold-1970s-tiger-stripe-black-enamel-dome-ring-rr7520,David Webb 18K Yellow Gold 1970's Tiger Stripe Black Enamel Dome Ring,David Webb,Rings,ACTIVE,RR7520,1,8900.00,true,6,true,true,false,3000,Excellent pre-owned condition; signed and authenticated,antique-estate|backvault-feed|David Webb|designer-jewelry|ebay|Rings
gid://shopify/Product/7633249992775,bv-chopard-18k-white-gold-good-fortune-diamond-round-pendant-rr7494,Chopard 18K White Gold Good Fortune Diamond Round Pendant,Chopard,Pendants,ACTIVE,RR7494,1,6600.00,true,4,true,true,false,3000,Excellent pre-owned condition; signed and authenticated,antique-estate|backvault-feed|Chopard|Contemporary|designer-jewelry|ebay|Pendants
gid://shopify/Product/7633250025543,bv-david-webb-18k-yellow-gold-diamond-aquamarine-square-shaped-earrings-rr7478,David Webb 18K Yellow Gold Diamond & Aquamarine Square Shaped Earrings,David Webb,Earrings,ACTIVE,RR7478,1,47900.00,true,4,true,true,false,3000,Excellent pre-owned condition; signed and authenticated,antique-estate|backvault-feed|David Webb|designer-jewelry|Earrings|ebay
gid://shopify/Product/7633250058311,bv-david-webb-platinum-18k-yellow-gold-16-carats-diamond-dome-clip-earrings-rr7468,David Webb Platinum & 18K Yellow Gold 16 Carats Diamond Dome Clip Earrings,David Webb,Earrings,ACTIVE,RR7468,1,34900.00,true,4,true,true,false,3000,Excellent pre-owned condition; signed and authenticated,antique-estate|backvault-feed|David Webb|designer-jewelry|Earrings|ebay
gid://shopify/Product/7633250091079,bv-david-webb-platinum-18k-yellow-gold-black-enamel-and-diamond-ring-rr7429,David Webb Platinum & 18K Yellow Gold Black Enamel And Diamond Ring,David Webb,Rings,ACTIVE,RR7429,1,18000.00,true,5,true,true,false,3000,Excellent pre-owned condition; signed and authenticated,antique-estate|backvault-feed|David Webb|designer-jewelry|ebay|Rings
gid://shopify/Product/7633250156615,bv-david-webb-platinum-18k-yellow-gold-fluted-diamond-and-pearl-clip-on-earrings-rr7428,David Webb Platinum & 18K Yellow Gold Fluted Diamond And Pearl Clip-On Earrings,David Webb,Earrings,ACTIVE,RR7428,1,16700.00,true,4,true,true,false,3000,Excellent pre-owned condition; signed and authenticated,antique-estate|backvault-feed|David Webb|designer-jewelry|Earrings|ebay
gid://shopify/Product/7633250189383,bv-david-webb-platinum-18k-yellow-gold-textured-gold-and-diamond-earrings-rr7427,David Webb Platinum & 18K Yellow Gold Textured Gold And Diamond Earrings,David Webb,Earrings,ACTIVE,RR7427,1,9400.00,true,4,true,true,false,3000,Excellent pre-owned condition; signed and authenticated,antique-estate|backvault-feed|David Webb|designer-jewelry|Earrings|ebay
gid://shopify/Product/7633250222151,bv-david-webb-18k-yellow-gold-turquoise-beads-and-diamond-earrings-rr7097,David Webb 18K Yellow Gold Turquoise Beads And Diamond Earrings,David Webb,Earrings,ACTIVE,RR7097,1,17000.00,true,4,true,true,false,3000,Excellent pre-owned condition; signed and authenticated,antique-estate|backvault-feed|David Webb|designer-jewelry|Earrings|ebay
gid://shopify/Product/7633250287687,bv-david-webb-platinum-18k-yellow-gold-carved-amethyst-multi-strand-lavender-bead-necklace-rr7333,David Webb Platinum & 18K Yellow Gold Carved Amethyst Multi-Strand Lavender Bead Necklace,David Webb,Necklaces,ACTIVE,RR7333,1,50500.00,true,4,true,true,false,3000,Excellent pre-owned condition; signed and authenticated,antique-estate|backvault-feed|David Webb|designer-jewelry|ebay|Necklaces
gid://shopify/Product/7633250320455,bv-cartier-18k-yellow-gold-nigeria-onyx-and-white-diamonds-ring-rr7331,Cartier 18K Yellow Gold Nigeria Onyx And White Diamonds Ring,Cartier,Rings,ACTIVE,RR7331,1,28400.00,true,5,true,true,false,3000,Excellent pre-owned condition; signed and authenticated,antique-estate|backvault-feed|Cartier|designer-jewelry|ebay|Rings
gid://shopify/Product/7633250353223,bv-david-webb-platinum-18k-yellow-gold-1980s-color-gemstone-red-green-and-blue-diamond-earrings-rr7328,"David Webb Platinum & 18K Yellow Gold 1980's Color Gemstone Red, Green And Blue Diamond Earrings",David Webb,Earrings,ACTIVE,RR7328,1,42700.00,true,4,true,true,false,3000,Excellent pre-owned condition; signed and authenticated,antique-estate|backvault-feed|David Webb|designer-jewelry|Earrings|ebay
gid://shopify/Product/7633250385991,bv-chopard-18k-yellow-gold-pave-heart-shape-floating-diamond-ring-rr7462,Chopard 18K Yellow Gold Pave Heart Shape Floating Diamond Ring,Chopard,Rings,ACTIVE,RR7462,1,6800.00,true,4,true,true,false,3000,Good pre-owned condition; signed and authenticated,antique-estate|backvault-feed|Chopard|designer-jewelry|ebay|Rings|Vintage
gid://shopify/Product/7633250484295,bv-david-webb-platinum-18-92-cts-diamond-flower-brooch-rr7418,David Webb Platinum 18.92 CTS Diamond Flower Brooch,David Webb,Brooches,ACTIVE,RR7418,1,59000.00,true,4,true,true,false,3000,Excellent pre-owned condition; signed and authenticated,antique-estate|backvault-feed|Brooches|David Webb|designer-jewelry|ebay|Vintage
gid://shopify/Product/7633250549831,bv-david-webb-platinum-18k-yellow-gold-carved-lapis-cuff-diamond-bracelet-rr7451,David Webb Platinum & 18K Yellow Gold Carved Lapis Cuff Diamond Bracelet,David Webb,Bracelets,ACTIVE,RR7451,1,76500.00,true,5,true,true,false,3000,Excellent pre-owned condition; signed and authenticated,antique-estate|backvault-feed|Bracelets|David Webb|designer-jewelry|ebay
gid://shopify/Product/7633250582599,bv-cartier-18k-white-gold-la-dona-diamond-eu-51-ring-rr7431,Cartier 18K White Gold La Dona Diamond Eu 51 Ring,Cartier,Rings,ACTIVE,RR7431,1,32600.00,true,5,true,true,false,3000,Excellent pre-owned condition; signed and authenticated,antique-estate|backvault-feed|Cartier|designer-jewelry|ebay|Rings
gid://shopify/Product/7633250615367,bv-david-webb-18k-yellow-gold-1970s-angel-skin-coral-twisted-rope-round-button-earrings-rr7389,David Webb 18K Yellow Gold 1970's Angel Skin Coral Twisted Rope Round Button Earrings,David Webb,Earrings,ACTIVE,RR7389,1,9400.00,true,4,true,true,false,3000,Excellent pre-owned condition; signed and authenticated,antique-estate|backvault-feed|David Webb|designer-jewelry|Earrings|ebay
gid://shopify/Product/7633250648135,bv-david-webb-18k-yellow-gold-coral-black-enamel-and-diamond-bombe-earrings-rr7350,"David Webb 18K Yellow Gold Coral, Black Enamel And Diamond Bombe Earrings",David Webb,Earrings,ACTIVE,RR7350,1,23200.00,true,4,true,true,false,3000,Excellent pre-owned condition; signed and authenticated,antique-estate|backvault-feed|David Webb|designer-jewelry|Earrings|ebay
gid://shopify/Product/7633250680903,bv-cartier-panthere-18k-yellow-gold-skeleton-ring-rr6728,Cartier Panthere 18K Yellow Gold Skeleton Ring,Cartier,Rings,ACTIVE,RR6728,1,24800.00,true,5,true,true,false,3000,Excellent pre-owned condition; signed and authenticated,antique-estate|backvault-feed|Cartier|designer-jewelry|ebay|Rings
gid://shopify/Product/7633250713671,bv-bvlgari-platinum-40-carat-diamond-1960s-necklace-rr7317,Bvlgari Platinum 40 Carat Diamond 1960's Necklace,Bvlgari,Necklaces,ACTIVE,RR7317,1,111000.00,true,4,true,true,false,3000,Very Good pre-owned condition; signed and authenticated,antique-estate|backvault-feed|Bvlgari|designer-jewelry|ebay|Necklaces
gid://shopify/Product/7633250779207,bv-david-webb-platinum-18k-yellow-gold-round-disks-with-diamond-blot-lightning-earrings-rr7314,David Webb Platinum & 18K Yellow Gold Round Disks With Diamond Blot Lightning Earrings,David Webb,Earrings,ACTIVE,RR7314,1,13100.00,true,4,true,true,false,3000,Excellent pre-owned condition; signed and authenticated,antique-estate|backvault-feed|David Webb|designer-jewelry|Earrings|ebay
gid://shopify/Product/7633250811975,bv-david-webb-18k-yellow-gold-nephrite-ruby-lion-ring-rr7309,"David Webb 18K Yellow Gold Nephrite, Ruby Lion Ring",David Webb,Rings,ACTIVE,RR7309,1,19600.00,true,5,true,true,false,3000,Excellent pre-owned condition; signed and authenticated,antique-estate|backvault-feed|David Webb|designer-jewelry|ebay|Rings
gid://shopify/Product/7633250844743,bv-david-webb-platinum-18k-white-gold-rock-crystal-diamond-arch-ring-rr7260,David Webb Platinum & 18K White Gold Rock Crystal Diamond Arch Ring,David Webb,Rings,ACTIVE,RR7260,1,21900.00,true,5,true,true,false,3000,Excellent pre-owned condition; signed and authenticated,antique-estate|backvault-feed|Circa 1970s|David Webb|designer-jewelry|ebay|Rings
gid://shopify/Product/7633250877511,bv-david-webb-platinum-18k-yellow-gold-oval-bombe-pave-diamond-earrings-rr7251,David Webb Platinum & 18K Yellow Gold Oval Bombe Pave Diamond Earrings,David Webb,Earrings,ACTIVE,RR7251,1,14100.00,true,4,true,true,false,3000,Excellent pre-owned condition; signed and authenticated,antique-estate|backvault-feed|David Webb|designer-jewelry|Earrings|ebay
gid://shopify/Product/7633250910279,bv-david-webb-yellow-gold-link-black-enamel-diamond-chain-necklace-rr7147,David Webb Yellow Gold Link Black Enamel Diamond Chain Necklace,David Webb,Necklaces,ACTIVE,RR7147,1,42700.00,true,5,true,true,false,3000,Excellent pre-owned condition; signed and authenticated,antique-estate|backvault-feed|David Webb|designer-jewelry|ebay|Necklaces
gid://shopify/Product/7633250943047,bv-david-webb-platinum-18k-yellow-gold-rock-crystal-diamond-frog-brooch-rr7224,David Webb Platinum & 18K Yellow Gold Rock Crystal Diamond Frog Brooch,David Webb,Brooches,ACTIVE,RR7224,1,23200.00,true,4,true,true,false,3000,Excellent pre-owned condition; signed and authenticated,antique-estate|backvault-feed|Brooches|David Webb|designer-jewelry|ebay
gid://shopify/Product/7633251008583,bv-david-webb-platinum-18k-yellow-gold-rock-crystal-carved-clip-on-earrings-rr7223,David Webb Platinum & 18K Yellow Gold Rock Crystal Carved Clip On Earrings,David Webb,Earrings,ACTIVE,RR7223,1,18000.00,true,8,true,true,false,3000,Excellent pre-owned condition; signed and authenticated,antique-estate|backvault-feed|David Webb|designer-jewelry|Earrings|ebay|Vintage
gid://shopify/Product/7633251074119,bv-david-webb-platinum-18k-yellow-gold-domed-rock-crystal-diamond-earrings-rr7221,David Webb Platinum & 18K Yellow Gold Domed Rock Crystal Diamond Earrings,David Webb,Earrings,ACTIVE,RR7221,1,11800.00,true,4,true,true,false,3000,Excellent pre-owned condition; signed and authenticated,antique-estate|backvault-feed|David Webb|designer-jewelry|Earrings|ebay
gid://shopify/Product/7633251139655,bv-david-webb-18k-yellow-gold-coral-and-diamond-1960s-bracelet-rr7119,David Webb 18K Yellow Gold Coral And Diamond 1960's Bracelet,David Webb,Bracelets,ACTIVE,RR7119,1,49200.00,true,5,true,true,false,3000,Excellent pre-owned condition; signed and authenticated,antique-estate|backvault-feed|Bracelets|David Webb|designer-jewelry|ebay
gid://shopify/Product/7633251172423,bv-david-webb-platinum-18k-yellow-gold-black-enamel-pearl-and-diamond-ring-rr7114,"David Webb Platinum & 18K Yellow Gold Black Enamel, Pearl And Diamond Ring",David Webb,Rings,ACTIVE,RR7114,1,19300.00,true,5,true,true,false,3000,Excellent pre-owned condition; signed and authenticated,antique-estate|backvault-feed|David Webb|designer-jewelry|ebay|Rings
gid://shopify/Product/7633251205191,bv-david-webb-18k-yellow-gold-white-enamel-onion-dome-earrings-rr7110,David Webb 18K Yellow Gold White Enamel Onion Dome Earrings,David Webb,Earrings,ACTIVE,RR7110,1,12800.00,true,4,true,true,false,3000,Excellent pre-owned condition; signed and authenticated,antique-estate|backvault-feed|David Webb|designer-jewelry|Earrings|ebay
gid://shopify/Product/7633251237959,bv-cartier-18k-yellow-gold-falcon-head-anoubois-ring-rr7106,Cartier 18K Yellow Gold Falcon Head Anoubois Ring,Cartier,Rings,ACTIVE,RR7106,1,9600.00,true,3,true,true,false,3000,Excellent pre-owned condition; signed and authenticated,antique-estate|backvault-feed|Cartier|designer-jewelry|ebay|Rings|Vintage
gid://shopify/Product/7633251270727,bv-david-webb-18k-yellow-gold-amethyst-multistrand-bracelet-rr6683,David Webb 18K Yellow Gold Amethyst Multistrand Bracelet,David Webb,Bracelets,ACTIVE,RR6683,1,24000.00,true,5,true,true,false,3000,Excellent pre-owned condition; signed and authenticated,antique-estate|backvault-feed|Bracelets|David Webb|designer-jewelry|ebay
gid://shopify/Product/7633251303495,bv-david-webb-platinum-18k-yellow-gold-green-and-blue-checkerboard-enamel-clip-on-earrings-rr6760,David Webb Platinum & 18K Yellow Gold Green And Blue Checkerboard Enamel Clip-On Earrings,David Webb,Earrings,ACTIVE,RR6760,1,11200.00,true,4,true,true,false,3000,Excellent pre-owned condition; signed and authenticated,antique-estate|backvault-feed|David Webb|designer-jewelry|Earrings|ebay
gid://shopify/Product/7633251336263,bv-david-webb-platinum-18k-yellow-gold-emerald-ruby-and-diamond-clip-earrings-rr7066,"David Webb Platinum & 18K Yellow Gold Emerald, Ruby And Diamond Clip Earrings",David Webb,Earrings,ACTIVE,RR7066,1,16700.00,true,4,true,true,false,3000,Very Good pre-owned condition; signed and authenticated,antique-estate|backvault-feed|David Webb|designer-jewelry|Earrings|ebay
gid://shopify/Product/7633251401799,bv-david-webb-platinum-18k-yellow-gold-amethyst-teardrop-clip-earrings-rr7062,David Webb Platinum & 18K Yellow Gold Amethyst Teardrop Clip Earrings,David Webb,Earrings,ACTIVE,RR7062,1,16700.00,true,4,true,true,false,3000,Excellent pre-owned condition; signed and authenticated,antique-estate|backvault-feed|David Webb|designer-jewelry|Earrings|ebay
gid://shopify/Product/7633251434567,bv-david-webb-platinum-18k-yellow-gold-soft-cushion-shaped-pearl-and-diamond-earrings-rr7061,David Webb Platinum & 18K Yellow Gold Soft Cushion Shaped Pearl And Diamond Earrings,David Webb,Earrings,ACTIVE,RR7061,1,17000.00,true,4,true,true,false,3000,Excellent pre-owned condition; signed and authenticated,antique-estate|backvault-feed|David Webb|designer-jewelry|Earrings|ebay
gid://shopify/Product/7633251500103,bv-bvlgari-18k-yellow-gold-sq-22-2t-quadrato-tubogas-diamond-bezel-watch-rr7039,Pre-Owned Bvlgari 18K Yellow Gold Sq 22 2t Quadrato Tubogas Diamond Bezel Women Watch,Bvlgari,Watch,ACTIVE,RR7039,1,16700.00,true,5,true,true,false,3000,Excellent pre-owned condition; signed and authenticated,antique-estate|backvault-feed|Bvlgari|designer-jewelry|ebay|Pre-Owned Watches|Watch|Watches
gid://shopify/Product/7633251532871,bv-hermes-stainless-steel-kelly-pm-double-tour-gold-tone-blue-watch-rr2954,Pre-Owned Hermès Stainless Steel Kelly Pm Double Tour Gold Tone Blue Women Watch,Hermès,Watch,ARCHIVED,RR2954,0,2200.00,false,1,false,true,false,3000,Very Good pre-owned condition; signed and authenticated,antique-estate|backvault-feed|designer-jewelry|Hermès|Pre-Owned Watches|Watch|Watches
gid://shopify/Product/7633251598407,bv-hermes-stainless-steel-mother-of-pearl-dial-watch-rr2613,Pre-Owned Hermès Stainless Steel Mother Of Pearl Dial Women Watch,Hermès,Watch,ARCHIVED,RR2613,0,1600.00,false,1,false,true,false,3000,Fair pre-owned condition; signed and authenticated,antique-estate|backvault-feed|designer-jewelry|Hermès|Pre-Owned Watches|Watch|Watches
gid://shopify/Product/7633251631175,bv-david-webb-platinum-18k-yellow-gold-black-enamel-seashell-earrings-rr7027,David Webb Platinum & 18K Yellow Gold Black Enamel Seashell Earrings,David Webb,Earrings,ACTIVE,RR7027,1,12800.00,true,4,true,true,false,3000,Excellent pre-owned condition; signed and authenticated,antique-estate|backvault-feed|David Webb|designer-jewelry|Earrings|ebay
gid://shopify/Product/7633251696711,bv-david-webb-platinum-18k-yellow-gold-hammered-teardrop-diamond-earrings-rr7023,"David Webb Platinum & 18K Yellow Gold Hammered Teardrop, Diamond Earrings",David Webb,Earrings,ACTIVE,RR7023,1,11800.00,true,4,true,true,false,3000,Excellent pre-owned condition; signed and authenticated,antique-estate|backvault-feed|David Webb|designer-jewelry|Earrings|ebay
gid://shopify/Product/7633251729479,bv-david-webb-18k-yellow-gold-hexagonal-shaped-azurmalachite-necklace-rr7022,David Webb 18K Yellow Gold Hexagonal-Shaped Azurmalachite Necklace,David Webb,Necklaces,ACTIVE,RR7022,1,46600.00,true,4,true,true,false,3000,Excellent pre-owned condition; signed and authenticated,antique-estate|backvault-feed|David Webb|designer-jewelry|ebay|Necklaces
gid://shopify/Product/7633251762247,bv-david-webb-18k-yellow-gold-azurite-malachite-ruby-diamond-earrings-rr7021,"David Webb 18K Yellow Gold Azurite-Malachite, Ruby, Diamond Earrings",David Webb,Earrings,ACTIVE,RR7021,1,21900.00,true,4,true,true,false,3000,Excellent pre-owned condition; signed and authenticated,antique-estate|backvault-feed|David Webb|designer-jewelry|Earrings|ebay|Modern
gid://shopify/Product/7633251795015,bv-david-webb-18k-yellow-gold-hammered-braid-huggie-earrings-rr6759,David Webb 18K Yellow Gold Hammered Braid Huggie Earrings,David Webb,Earrings,ACTIVE,RR6759,1,10000.00,true,4,true,true,false,3000,Excellent pre-owned condition; signed and authenticated,antique-estate|backvault-feed|David Webb|designer-jewelry|Earrings|ebay|Vintage
gid://shopify/Product/7633251827783,bv-david-webb-18k-white-gold-diamond-amethysts-ruby-and-pearl-brooch-rr6997,"David Webb 18K White Gold Diamond, Amethysts, Ruby And Pearl Brooch",David Webb,Brooches,ACTIVE,RR6997,1,34900.00,true,6,true,true,false,3000,Excellent pre-owned condition; signed and authenticated,antique-estate|backvault-feed|Brooches|David Webb|designer-jewelry|ebay
gid://shopify/Product/7633251893319,bv-david-webb-18k-yellow-gold-black-enamel-fluted-shrimp-earrings-rr6959,David Webb 18K Yellow Gold Black Enamel Fluted Shrimp Earrings,David Webb,Earrings,ACTIVE,RR6959,1,19300.00,true,5,true,true,false,3000,Excellent pre-owned condition; signed and authenticated,antique-estate|backvault-feed|David Webb|designer-jewelry|Earrings|ebay
gid://shopify/Product/7633251926087,bv-david-webb-platinum-green-emerald-and-diamond-flexible-bracelet-rr6951,David Webb Platinum Green Emerald And Diamond Flexible Bracelet,David Webb,Bracelets,ACTIVE,RR6951,1,83000.00,true,4,true,true,false,3000,Very Good pre-owned condition; signed and authenticated,antique-estate|backvault-feed|Bracelets|David Webb|designer-jewelry|ebay
gid://shopify/Product/7633251958855,bv-david-webb-18k-yellow-gold-cabochon-emerald-diamond-flower-ring-rr6943,David Webb 18K Yellow Gold Green Emerald Diamond Flower Ring,David Webb,Rings,ACTIVE,RR6943,1,23200.00,true,10,true,true,false,3000,Excellent pre-owned condition; signed and authenticated,antique-estate|backvault-feed|David Webb|designer-jewelry|ebay|Rings|Vintage
gid://shopify/Product/7633252024391,bv-david-webb-vreeland-diamond-zebra-black-white-enamel-earrings-rr6928,David Webb Vreeland Diamond Zebra Black & White Enamel Earrings,David Webb,Earrings,ARCHIVED,RR6928,0,20600.00,false,4,true,true,false,3000,Excellent pre-owned condition; signed and authenticated,antique-estate|backvault-feed|David Webb|designer-jewelry|Earrings|ebay
gid://shopify/Product/7633252057159,bv-david-webb-platinum-18k-yellow-gold-3-carat-diamond-and-black-enamel-earrings-rr6923,David Webb Platinum & 18K Yellow Gold 3 Carat Diamond And Black Enamel Earrings,David Webb,Earrings,ACTIVE,RR6923,1,14100.00,true,4,true,true,false,3000,Excellent pre-owned condition; signed and authenticated,antique-estate|backvault-feed|David Webb|designer-jewelry|Earrings|ebay|Vintage
gid://shopify/Product/7633252122695,bv-david-webb-fluted-coral-black-enamel-diamond-clip-on-earrings-rr5726,"David Webb Fluted Coral, Black Enamel, Diamond Clip-On Earrings",David Webb,Earrings,ACTIVE,RR5726,1,25500.00,true,1,true,true,false,3000,Very Good pre-owned condition; signed and authenticated,antique-estate|backvault-feed|David Webb|designer-jewelry|Earrings|ebay|Vintage
gid://shopify/Product/7633252155463,bv-david-webb-18k-yellow-gold-purple-amethyst-rhombus-ring-rr6918,David Webb 18K Yellow Gold Purple Amethyst Rhombus Ring,David Webb,Rings,ACTIVE,RR6918,1,16700.00,true,8,true,true,false,3000,Excellent pre-owned condition; signed and authenticated,antique-estate|backvault-feed|David Webb|designer-jewelry|ebay|Rings
gid://shopify/Product/7633252188231,bv-david-webb-platinum-18k-yellow-gold-diamnd-and-ruby-bracelet-rr6907,David Webb Platinum & 18K Yellow Gold Diamnd And Ruby Bracelet,David Webb,Bracelets,ACTIVE,RR6907,1,28400.00,true,5,true,true,false,3000,Very Good pre-owned condition; signed and authenticated,antique-estate|backvault-feed|Bracelets|David Webb|designer-jewelry|ebay|Modern
gid://shopify/Product/7633252286535,bv-david-webb-platinum-1970s-green-emerald-and-diamond-hanging-earrings-rr6906,David Webb Platinum 1970's Green Emerald And Diamond Hanging Earrings,David Webb,Earrings,ACTIVE,RR6906,1,88200.00,true,4,true,true,false,3000,Excellent pre-owned condition; signed and authenticated,antique-estate|backvault-feed|David Webb|designer-jewelry|Earrings|ebay
gid://shopify/Product/7633252319303,bv-david-webb-platinum-18k-yellow-gold-black-enamel-and-diamond-round-clip-earrings-rr6904,David Webb Platinum & 18K Yellow Gold Black Enamel And Diamond Round Clip Earrings,David Webb,Earrings,ACTIVE,RR6904,1,36200.00,true,4,true,true,false,3000,Excellent pre-owned condition; signed and authenticated,antique-estate|backvault-feed|David Webb|designer-jewelry|Earrings|ebay
gid://shopify/Product/7633252352071,bv-harry-winston-18k-yellow-gold-lapis-ruby-diamond-earrings-rr6888,"Harry Winston 18K Yellow Gold Lapis, Ruby, Diamond Earrings",Harry Winston,Earrings,ACTIVE,RR6888,1,12800.00,true,4,true,true,false,3000,Excellent pre-owned condition; signed and authenticated,antique-estate|backvault-feed|designer-jewelry|Earrings|ebay|Harry Winston
gid://shopify/Product/7633252384839,bv-david-webb-18k-yellow-gold-jade-diamond-black-enamel-statement-ring-rr6876,"David Webb 18K Yellow Gold Jade, Diamond, Black Enamel Statement Ring",David Webb,Rings,ACTIVE,RR6876,1,21900.00,true,4,true,true,false,3000,Excellent pre-owned condition; signed and authenticated,antique-estate|backvault-feed|David Webb|designer-jewelry|ebay|Rings
gid://shopify/Product/7633252417607,bv-david-webb-coral-18k-yellow-gold-angel-skin-chimeral-diamond-bracelet-rr6295,David Webb Coral 18K Yellow Gold Angel Skin Chimeral & Diamond Bracelet,David Webb,Bracelets,ACTIVE,RR6295,1,107700.00,true,5,true,true,false,3000,Very Good pre-owned condition; signed and authenticated,antique-estate|backvault-feed|Bracelets|David Webb|designer-jewelry|ebay
gid://shopify/Product/7633252450375,bv-david-webb-18k-yellow-gold-mabe-pearl-ring-rr6851,David Webb 18K Yellow Gold Mabe Pearl Ring,David Webb,Rings,ACTIVE,RR6851,1,8800.00,true,4,true,true,false,3000,Very Good pre-owned condition; signed and authenticated,antique-estate|backvault-feed|David Webb|designer-jewelry|ebay|Rings
gid://shopify/Product/7633252483143,bv-david-webb-platinum-18k-yellow-gold-oval-citrine-and-diamond-ring-rr6811,David Webb Platinum & 18K Yellow Gold Oval Citrine And Diamond Ring,David Webb,Rings,ACTIVE,RR6811,1,14000.00,true,4,true,true,false,3000,Excellent pre-owned condition; signed and authenticated,antique-estate|backvault-feed|David Webb|designer-jewelry|ebay|Rings
gid://shopify/Product/7633252548679,bv-tiffany-co-18k-yellow-gold-snowflake-with-lapis-rubies-and-diamonds-brooch-rr6804,"Tiffany & Co. 18K Yellow Gold Snowflake With Lapis, Rubies And Diamonds Brooch",Tiffany & Co.,Brooches,ACTIVE,RR6804,1,16700.00,true,4,true,true,false,3000,Excellent pre-owned condition; signed and authenticated,antique-estate|backvault-feed|Brooches|designer-jewelry|ebay|Tiffany & Co.
gid://shopify/Product/7633252581447,bv-david-webb-18k-yellow-gold-1970s-multicolor-gemstone-brooch-rr6803-1,David Webb 18K Yellow Gold 1970's Multicolor Gemstone Brooch,David Webb,Brooches,ACTIVE,RR6803,1,26900.00,true,5,true,true,false,3000,Excellent pre-owned condition; signed and authenticated,antique-estate|backvault-feed|Brooches|David Webb|designer-jewelry|ebay
gid://shopify/Product/7633252646983,bv-david-webb-platinum-18k-yellow-gold-jumbo-shrimp-clip-on-earrings-rr6836,David Webb Platinum & 18K Yellow Gold Jumbo Shrimp Clip-On Earrings,David Webb,Earrings,ACTIVE,RR6836,1,12600.00,true,4,true,true,false,3000,Excellent pre-owned condition; signed and authenticated,antique-estate|backvault-feed|David Webb|designer-jewelry|Earrings|ebay
gid://shopify/Product/7633252712519,bv-david-webb-platinum-18k-yellow-gold-black-enamel-cushion-clip-on-earrings-rr6834,David Webb Platinum & 18K Yellow Gold Black Enamel Cushion Clip-On Earrings,David Webb,Earrings,ACTIVE,RR6834,1,11200.00,true,4,true,true,false,3000,Pre-owned; authenticated by Laura Milman New York,antique-estate|backvault-feed|David Webb|designer-jewelry|Earrings|ebay
gid://shopify/Product/7633252745287,bv-david-webb-platinum-18k-yellow-gold-light-blue-turquoise-vintage-ring-rr6833,David Webb Platinum & 18K Yellow Gold Light Blue Turquoise Vintage Ring,David Webb,Rings,ACTIVE,RR6833,1,14000.00,true,4,true,true,false,3000,Very Good pre-owned condition; signed and authenticated,antique-estate|backvault-feed|David Webb|designer-jewelry|ebay|Rings|Vintage
gid://shopify/Product/7633252778055,bv-david-webb-18k-yellow-gold-interlocking-crecent-hammered-brooch-rr6831,David Webb 18K Yellow Gold Interlocking Crecent Hammered Brooch,David Webb,Brooches,ACTIVE,RR6831,1,9700.00,true,4,true,true,false,3000,Excellent pre-owned condition; signed and authenticated,antique-estate|backvault-feed|Brooches|David Webb|designer-jewelry|ebay|Vintage
gid://shopify/Product/7633252810823,bv-david-webb-platinum-18k-yellow-gold-checkerboard-dome-ring-rr6830,David Webb Platinum & 18K Yellow Gold Checkerboard Dome Ring,David Webb,Rings,ACTIVE,RR6830,1,11200.00,true,6,true,true,false,3000,Excellent pre-owned condition; signed and authenticated,antique-estate|backvault-feed|David Webb|designer-jewelry|ebay|Rings
gid://shopify/Product/7633252843591,bv-david-webb-platinum-18k-yellow-gold-turquoise-diamond-flower-brooch-rr6802,"David Webb Platinum & 18K Yellow Gold Turquoise, Diamond Flower Brooch",David Webb,Brooches,ACTIVE,RR6802,1,39800.00,true,8,true,true,false,3000,Excellent pre-owned condition; signed and authenticated,antique-estate|backvault-feed|Brooches|David Webb|designer-jewelry|ebay
gid://shopify/Product/7633252909127,bv-david-webb-platinum-18k-yellow-gold-black-enamel-diamond-earrings-rr6797,David Webb Platinum & 18K Yellow Gold Black Enamel Diamond Earrings,David Webb,Earrings,ACTIVE,RR6797,1,29800.00,true,4,true,true,false,3000,Excellent pre-owned condition; signed and authenticated,antique-estate|backvault-feed|David Webb|designer-jewelry|Earrings|ebay
gid://shopify/Product/7633252974663,bv-david-webb-18k-yellow-gold-cameo-sagittarius-brooch-rr6783,David Webb 18K Yellow Gold Cameo Sagittarius Brooch,David Webb,Brooches,ACTIVE,RR6783,1,14000.00,true,8,true,true,false,3000,Excellent pre-owned condition; signed and authenticated,antique-estate|backvault-feed|Brooches|David Webb|designer-jewelry|ebay
gid://shopify/Product/7633253007431,bv-david-webb-18k-yellow-gold-ornate-crossover-diamond-bracelet-rr6779,David Webb 18K Yellow Gold Ornate Crossover Diamond Bracelet,David Webb,Bracelets,ACTIVE,RR6779,1,70200.00,true,5,true,true,false,3000,Excellent pre-owned condition; signed and authenticated,antique-estate|backvault-feed|Bracelets|David Webb|designer-jewelry|ebay|Vintage
gid://shopify/Product/7633253072967,bv-david-webb-1960s-impressive-25-carat-diamond-cluster-brooch-rr6774,David Webb 1960's Impressive 25 Carat Diamond Cluster Brooch,David Webb,Brooches,ACTIVE,RR6774,1,55500.00,true,5,true,true,false,3000,Excellent pre-owned condition; signed and authenticated,antique-estate|backvault-feed|Brooches|David Webb|designer-jewelry|ebay
gid://shopify/Product/7633253105735,bv-cartier-nigeria-18k-yellow-gold-sapphire-and-diamond-ring-rr5975,Cartier Nigeria 18K Yellow Gold Sapphire And Diamond Ring,Cartier,Rings,ACTIVE,RR5975,1,28400.00,true,4,true,true,false,3000,Good pre-owned condition; signed and authenticated,antique-estate|backvault-feed|Cartier|designer-jewelry|ebay|Rings
gid://shopify/Product/7633253171271,bv-david-webb-platinum-18k-yellow-gold-1960s-diamond-ruby-and-turquoise-bangle-bracelet-rr6730,"David Webb Platinum & 18K Yellow Gold 1960's Diamond, Ruby And Turquoise Bangle Bracelet",David Webb,Bracelets,ACTIVE,RR6730,1,54100.00,true,6,true,true,false,3000,Excellent pre-owned condition; signed and authenticated,antique-estate|backvault-feed|Bracelets|David Webb|designer-jewelry|ebay
gid://shopify/Product/7633253204039,bv-david-webb-platinum-18k-yellow-gold-oval-coral-and-round-cut-diamond-earrings-rr6712,David Webb Platinum & 18K Yellow Gold Oval Coral And Round Cut Diamond Earrings,David Webb,Earrings,ACTIVE,RR6712,1,35500.00,true,4,true,true,false,3000,Excellent pre-owned condition; signed and authenticated,antique-estate|backvault-feed|David Webb|designer-jewelry|Earrings|ebay
gid://shopify/Product/7633253236807,bv-david-webb-platinum-18k-yellow-gold-diamond-and-green-emerald-earrings-rr6711,David Webb Platinum & 18K Yellow Gold Diamond And Green Emerald Earrings,David Webb,Earrings,ACTIVE,RR6711,1,39800.00,true,4,true,true,false,3000,Excellent pre-owned condition; signed and authenticated,antique-estate|backvault-feed|David Webb|designer-jewelry|Earrings|ebay
gid://shopify/Product/7633253269575,bv-david-webb-platinum-18k-yellow-gold-2-13-carat-emerald-cut-turban-diamond-ring-rr6710,David Webb Platinum & 18K Yellow Gold 2.13 Carat Emerald Cut Turban Diamond Ring,David Webb,Rings,ACTIVE,RR6710,1,42600.00,true,3,true,true,false,3000,Excellent pre-owned condition; signed and authenticated,antique-estate|backvault-feed|David Webb|designer-jewelry|ebay|Rings
gid://shopify/Product/7633253335111,bv-david-webb-platinum-18k-yellow-gold-checkerboard-green-red-enamel-and-diamonds-earrings-rr6702,"David Webb Platinum & 18K Yellow Gold Checkerboard Green, Red Enamel And Diamonds Earrings",David Webb,Earrings,ACTIVE,RR6702,1,18300.00,true,4,true,true,false,3000,Excellent pre-owned condition; signed and authenticated,antique-estate|backvault-feed|David Webb|designer-jewelry|Earrings|ebay
gid://shopify/Product/7633253367879,bv-david-webb-18k-yellow-gold-large-yellow-enamel-pyramid-earrings-rr6695,David Webb 18K Yellow Gold Large Yellow Enamel Pyramid Earrings,David Webb,Earrings,ACTIVE,RR6695,1,11200.00,true,4,true,true,false,3000,Excellent pre-owned condition; signed and authenticated,antique-estate|backvault-feed|David Webb|designer-jewelry|Earrings|ebay
gid://shopify/Product/7633253400647,bv-david-webb-18k-white-gold-black-enamel-tiger-brooch-rr6688,David Webb 18K White Gold Black Enamel Tiger Brooch,David Webb,Brooches,ACTIVE,RR6688,1,64800.00,true,4,true,true,false,3000,Excellent pre-owned condition; signed and authenticated,antique-estate|backvault-feed|Brooches|David Webb|designer-jewelry|ebay
gid://shopify/Product/7633253433415,bv-david-webb-platinum-18k-yellow-gold-ruby-diamond-and-lacquer-pendant-necklace-rr6664,"David Webb Platinum & 18K Yellow Gold Ruby, Diamond And Lacquer Pendant Necklace",David Webb,Necklaces,ACTIVE,RR6664,1,19800.00,true,5,true,true,false,3000,Excellent pre-owned condition; signed and authenticated,antique-estate|backvault-feed|David Webb|designer-jewelry|ebay|Necklaces
gid://shopify/Product/7633253498951,bv-cartier-18k-yellow-gold-carved-lion-bangle-bracelet-rr6645,Cartier 18K Yellow Gold Carved Lion Bangle Bracelet,Cartier,Bracelets,ACTIVE,RR6645,1,25500.00,true,5,true,true,false,3000,Excellent pre-owned condition; signed and authenticated,antique-estate|backvault-feed|Bracelets|Cartier|designer-jewelry|ebay|Vintage
gid://shopify/Product/7633253564487,bv-david-webb-18k-yellow-gold-rock-crystal-lion-brooch-pendant-rr6633,David Webb 18K Yellow Gold Rock Crystal Lion Brooch Pendant,David Webb,Brooches,ACTIVE,RR6633,1,23000.00,true,4,true,true,false,3000,Excellent pre-owned condition; signed and authenticated,antique-estate|backvault-feed|Brooches|David Webb|designer-jewelry|ebay
gid://shopify/Product/7633253597255,bv-david-webb-platinum-18k-yellow-gold-garnet-turquoise-diamond-necklace-rr6622,"David Webb Platinum & 18K Yellow Gold Garnet, Turquoise & Diamond Necklace",David Webb,Necklaces,ACTIVE,RR6622,1,32600.00,true,6,true,true,false,3000,Excellent pre-owned condition; signed and authenticated,antique-estate|backvault-feed|David Webb|designer-jewelry|ebay|Necklaces
gid://shopify/Product/7633253630023,bv-david-webb-platinum-18k-yellow-gold-multi-strand-lapis-coral-necklace-rr6619,"David Webb Platinum & 18K Yellow Gold Multi-Strand Lapis, Coral Necklace",David Webb,Necklaces,ACTIVE,RR6619,1,26900.00,true,5,true,true,false,3000,Excellent pre-owned condition; signed and authenticated,antique-estate|backvault-feed|David Webb|designer-jewelry|ebay|Necklaces
gid://shopify/Product/7633253662791,bv-david-webb-1970s-platinum-18k-yellow-gold-coral-and-diamond-earrings-rr6609,David Webb 1970's Platinum & 18K Yellow Gold Coral And Diamond Earrings,David Webb,Earrings,ACTIVE,RR6609,1,39800.00,true,5,true,true,false,3000,Very Good pre-owned condition; signed and authenticated,antique-estate|backvault-feed|David Webb|designer-jewelry|Earrings|ebay|Vintage
gid://shopify/Product/7633253695559,bv-david-webb-ram-head-blue-enamel-green-emeralds-cuff-links-and-stud-dress-set-rr6597,"David Webb Ram Head Blue Enamel, Green Emeralds Cuff Links And Stud Dress Set",David Webb,Cufflinks,ACTIVE,RR6597,1,20100.00,true,4,true,true,false,3000,Excellent pre-owned condition; signed and authenticated,antique-estate|backvault-feed|Cufflinks|David Webb|designer-jewelry|ebay
gid://shopify/Product/7633253728327,bv-david-webb-platinum-radiant-cut-diamond-12-92-carat-eternity-band-rr6588,David Webb Platinum Radiant Cut Diamond 12.92 Carat Eternity Band,David Webb,Rings,ACTIVE,RR6588,1,125500.00,true,4,true,true,false,3000,Excellent pre-owned condition; signed and authenticated,antique-estate|backvault-feed|David Webb|designer-jewelry|ebay|Rings
gid://shopify/Product/7633253793863,bv-david-webb-carnelian-and-diamond-platinum-18k-yellow-gold-clip-earrings-rr6526,David Webb Carnelian And Diamond Platinum & 18K Yellow Gold Clip Earrings,David Webb,Earrings,ACTIVE,RR6526,1,26900.00,true,4,true,true,false,3000,Excellent pre-owned condition; signed and authenticated,antique-estate|backvault-feed|David Webb|designer-jewelry|Earrings|ebay
gid://shopify/Product/7633253826631,bv-david-webb-kingdom-18k-yellow-gold-two-snakes-emeralds-diamonds-interlocking-ring-rr6515,"David Webb Kingdom 18K Yellow Gold Two Snakes, Emeralds, Diamonds, Interlocking Ring",David Webb,Rings,ACTIVE,RR6515,1,41200.00,true,5,true,true,false,3000,Excellent pre-owned condition; signed and authenticated,antique-estate|backvault-feed|David Webb|designer-jewelry|ebay|Rings
gid://shopify/Product/7633253859399,bv-david-webb-platinum-18k-yellow-gold-raja-tears-green-emeralds-rubies-diamonds-bracelet-rr6496,"David Webb Platinum & 18K Yellow Gold Raja Tears Green Emeralds, Rubies, Diamonds Bracelet",David Webb,Bracelets,ACTIVE,RR6496,1,70000.00,true,5,true,true,false,3000,Excellent pre-owned condition; signed and authenticated,antique-estate|backvault-feed|Bracelets|Circa 1969|David Webb|designer-jewelry|ebay
gid://shopify/Product/7633253957703,bv-david-webb-18k-yellow-gold-coral-and-white-enamel-multi-strand-necklace-rr6493,David Webb 18K Yellow Gold Coral And White Enamel Multi-Strand Necklace,David Webb,Necklaces,ACTIVE,RR6493,1,93400.00,true,5,true,true,false,3000,Excellent pre-owned condition; signed and authenticated,antique-estate|backvault-feed|Circa 1970|David Webb|designer-jewelry|ebay|Necklaces
gid://shopify/Product/7633253990471,bv-david-webb-platinum-18k-yellow-gold-cabochon-amethyst-diamond-and-emerald-earrings-rr6489,"David Webb Platinum & 18K Yellow Gold Cabochon Amethyst, Diamond And Emerald Earrings",David Webb,Earrings,ACTIVE,RR6489,1,21200.00,true,4,true,true,false,3000,Excellent pre-owned condition; signed and authenticated,antique-estate|backvault-feed|David Webb|designer-jewelry|Earrings|ebay|Vintage
gid://shopify/Product/7633254023239,bv-david-webb-platinum-18k-yellow-gold-blue-enamel-and-diamond-bracelet-rr6486,David Webb Platinum & 18K Yellow Gold Blue Enamel And Diamond Bracelet,David Webb,Bracelets,ACTIVE,RR6486,1,25500.00,true,4,true,true,false,3000,Very Good pre-owned condition; signed and authenticated,antique-estate|backvault-feed|Bracelets|David Webb|designer-jewelry|ebay
gid://shopify/Product/7633254187079,bv-david-webb-platinum-18k-yellow-gold-blue-enamel-and-diamond-bracelet-rr6485,David Webb Platinum & 18K Yellow Gold Blue Enamel And Diamond Bracelet,David Webb,Bracelets,ACTIVE,RR6485,1,25500.00,true,1,true,true,false,3000,Very Good pre-owned condition; signed and authenticated,antique-estate|backvault-feed|Bracelets|David Webb|designer-jewelry|ebay
gid://shopify/Product/7633254219847,bv-david-webb-platinum-18k-yellow-gold-black-enamel-and-diamond-ring-rr6484,David Webb Platinum & 18K Yellow Gold Black Enamel And Diamond Ring,David Webb,Rings,ACTIVE,RR6484,1,41200.00,true,9,true,true,false,3000,Excellent pre-owned condition; signed and authenticated,antique-estate|backvault-feed|David Webb|designer-jewelry|ebay|Rings
gid://shopify/Product/7633254252615,bv-david-webb-18k-yellow-gold-frog-with-azurite-malachite-diamonds-ruby-brooch-rr6469,"David Webb 18K Yellow Gold Frog With Azurite-Malachite, Diamonds, Ruby Brooch",David Webb,Brooches,ACTIVE,RR6469,1,18300.00,true,2,true,true,false,3000,Excellent pre-owned condition; signed and authenticated,antique-estate|backvault-feed|Brooches|David Webb|designer-jewelry|ebay
gid://shopify/Product/7633254285383,bv-david-webb-platinum-18k-yellow-gold-cabochon-amethyst-and-diamonds-earrings-rr6468,David Webb Platinum & 18K Yellow Gold Cabochon Amethyst And Diamonds Earrings,David Webb,Earrings,ACTIVE,RR6468,1,18300.00,true,4,true,true,false,3000,Excellent pre-owned condition; signed and authenticated,antique-estate|backvault-feed|David Webb|designer-jewelry|Earrings|ebay|Vintage
gid://shopify/Product/7633254318151,bv-david-webb-18k-yellow-gold-black-enamel-gold-spotted-earrings-rr6466,David Webb 18K Yellow Gold Black Enamel Gold Spotted Earrings,David Webb,Earrings,ACTIVE,RR6466,1,12600.00,true,4,true,true,false,3000,Excellent pre-owned condition; signed and authenticated,antique-estate|backvault-feed|David Webb|designer-jewelry|Earrings|ebay|Vintage
gid://shopify/Product/7633254350919,bv-david-webb-crescent-platinum-18k-yellow-gold-black-enamel-diamonds-earrings-rr6448,David Webb Crescent Platinum & 18K Yellow Gold Black Enamel & Diamonds Earrings,David Webb,Earrings,ACTIVE,RR6448,1,19800.00,true,4,true,true,false,3000,Excellent pre-owned condition; signed and authenticated,antique-estate|backvault-feed|David Webb|designer-jewelry|Earrings|ebay
gid://shopify/Product/7633254416455,bv-david-webb-platinum-18k-yellow-gold-diamonds-cabochon-emeralds-bracelet-rr6436,"David Webb Platinum & 18K Yellow Gold Diamonds, Cabochon Emeralds Bracelet",David Webb,Bracelets,ACTIVE,RR6436,1,52600.00,true,4,true,true,false,3000,Excellent pre-owned condition; signed and authenticated,antique-estate|backvault-feed|Bracelets|David Webb|designer-jewelry|ebay|Vintage
gid://shopify/Product/7633254449223,bv-david-webb-lion-head-platinum-18k-yellow-gold-12-one-line-black-enamel-head-motifs-bracelet-rr6413,David Webb Lion Head Platinum & 18K Yellow Gold 12 One Line Black Enamel Head Motifs Bracelet,David Webb,Bracelets,ACTIVE,RR6413,1,18300.00,true,3,true,true,false,3000,Excellent pre-owned condition; signed and authenticated,antique-estate|backvault-feed|Bracelets|David Webb|designer-jewelry|ebay
gid://shopify/Product/7633254514759,bv-david-webb-snowflake-platinum-18k-yellow-gold-onyx-webb-earrings-rr6403,David Webb Snowflake Platinum & 18K Yellow Gold Onyx Webb Earrings,David Webb,Earrings,ACTIVE,RR6403,1,8700.00,true,4,true,true,false,3000,Excellent pre-owned condition; signed and authenticated,antique-estate|backvault-feed|David Webb|designer-jewelry|Earrings|ebay
gid://shopify/Product/7633254580295,bv-david-webb-tiger-platinum-18k-yellow-gold-diamond-and-chrysoprave-brooch-rr6351,David Webb Tiger Platinum & 18K Yellow Gold Diamond And Chrysoprase Brooch,David Webb,Brooches,ACTIVE,RR6351,1,22600.00,true,4,true,true,false,3000,Excellent pre-owned condition; signed and authenticated,antique-estate|backvault-feed|Brooches|David Webb|designer-jewelry|ebay
gid://shopify/Product/7633254613063,bv-david-webb-crossover-platinum-18k-yellow-gold-carved-emerald-and-diamond-bracelet-rr6328,David Webb Crossover Platinum & 18K Yellow Gold Carved Emerald And Diamond Bracelet,David Webb,Bracelets,ACTIVE,RR6328,1,179200.00,true,5,true,true,false,3000,Excellent pre-owned condition; signed and authenticated,antique-estate|backvault-feed|Bracelets|David Webb|designer-jewelry|ebay
gid://shopify/Product/7633254645831,bv-david-webb-jade-platinum-18k-yellow-gold-black-enamel-diamonds-ruby-ring-rr6327,"David Webb Jade Platinum & 18K Yellow Gold Black Enamel, Diamonds, Ruby Ring",David Webb,Rings,ACTIVE,RR6327,1,39800.00,true,4,true,true,false,3000,Excellent pre-owned condition; signed and authenticated,antique-estate|backvault-feed|David Webb|designer-jewelry|ebay|Rings
gid://shopify/Product/7633254678599,bv-david-webb-turquoise-platinum-18k-yellow-gold-large-bead-strand-necklace-rr6294,David Webb Turquoise Platinum & 18K Yellow Gold Large Bead Strand Necklace,David Webb,Necklaces,ACTIVE,RR6294,1,75500.00,true,4,true,true,false,3000,Excellent pre-owned condition; signed and authenticated,antique-estate|backvault-feed|Circa 1980|David Webb|designer-jewelry|ebay|Necklaces
gid://shopify/Product/7633254744135,bv-david-webb-platinum-18k-white-gold-day-and-night-50-carat-diamond-earrings-rr6293,David Webb Platinum & 18K White Gold Day And Night 50 Carat Diamond Earrings,David Webb,Earrings,ACTIVE,RR6293,1,228000.00,true,9,true,true,false,3000,Excellent pre-owned condition; signed and authenticated,antique-estate|backvault-feed|David Webb|designer-jewelry|Earrings|ebay
gid://shopify/Product/7633254809671,bv-cartier-maillon-18k-white-gold-1-45cts-diamond-ring-rr6245,Cartier Maillon 18K White Gold 1.45cts Diamond Ring,Cartier,Rings,ACTIVE,RR6245,1,12600.00,true,4,true,true,false,3000,Good pre-owned condition; signed and authenticated,antique-estate|backvault-feed|Cartier|designer-jewelry|ebay|Rings
gid://shopify/Product/7633254842439,bv-cartier-18k-yellow-gold-panthere-head-with-chain-silk-bracelet-bracelet-rr6235,Cartier 18K Yellow Gold Panthere Head With Chain Silk Bracelet Bracelet,Cartier,Bracelets,ACTIVE,RR6235,1,51900.00,true,4,true,true,false,3000,Good pre-owned condition; signed and authenticated,antique-estate|backvault-feed|Bracelets|Cartier|designer-jewelry|ebay
gid://shopify/Product/7633254907975,bv-david-webb-18k-yellow-gold-rock-crystal-and-diamond-round-clip-on-earrings-rr6218,David Webb 18K Yellow Gold Rock Crystal And Diamond Round Clip-On Earrings,David Webb,Earrings,ACTIVE,RR6218,1,16900.00,true,4,true,true,false,3000,Excellent pre-owned condition; signed and authenticated,antique-estate|backvault-feed|David Webb|designer-jewelry|Earrings|ebay
gid://shopify/Product/7633254973511,bv-david-webb-platinum-18k-yellow-gold-arabesque-black-enamel-diamond-cuff-bangle-bracelet-rr6200,David Webb Platinum & 18K Yellow Gold Arabesque Black Enamel Diamond Cuff Bangle Bracelet,David Webb,Bracelets,ACTIVE,RR6200,1,52600.00,true,5,true,true,false,3000,Excellent pre-owned condition; signed and authenticated,antique-estate|backvault-feed|Bracelets|David Webb|designer-jewelry|ebay
gid://shopify/Product/7633255006279,bv-david-webb-hammered-f-18k-yellow-gold-star-sapphire-ring-rr6170,David Webb Hammered F 18K Yellow Gold Star Sapphire Ring,David Webb,Rings,ACTIVE,RR6170,1,25500.00,true,4,true,true,false,3000,Excellent pre-owned condition; signed and authenticated,antique-estate|backvault-feed|David Webb|designer-jewelry|ebay|Rings
gid://shopify/Product/7633255039047,bv-david-webb-coral-18k-yellow-gold-hoop-style-clip-on-earrings-rr6168,David Webb Coral 18K Yellow Gold Hoop Style Clip-On Earrings,David Webb,Earrings,ACTIVE,RR6168,1,15800.00,true,4,true,true,false,3000,Excellent pre-owned condition; signed and authenticated,antique-estate|backvault-feed|David Webb|designer-jewelry|Earrings|ebay
gid://shopify/Product/7633255071815,bv-david-webb-citrine-18k-yellow-gold-hexagon-ring-rr6148,David Webb Citrine 18K Yellow Gold Hexagon Ring,David Webb,Rings,ACTIVE,RR6148,1,14000.00,true,4,true,true,false,3000,Excellent pre-owned condition; signed and authenticated,antique-estate|backvault-feed|David Webb|designer-jewelry|ebay|Rings
gid://shopify/Product/7633255137351,bv-david-webb-white-coral-18k-yellow-gold-clip-on-round-earrings-rr6146,David Webb White Coral 18K Yellow Gold Clip-On Round Earrings,David Webb,Earrings,ACTIVE,RR6146,1,12600.00,true,4,true,true,false,3000,Excellent pre-owned condition; signed and authenticated,antique-estate|backvault-feed|David Webb|designer-jewelry|Earrings|ebay
gid://shopify/Product/7633255170119,bv-david-webb-white-enamel-platinum-18k-yellow-gold-clip-on-earrings-rr6059,David Webb White Enamel Platinum & 18K Yellow Gold Clip-On Earrings,David Webb,Earrings,ACTIVE,RR6059,1,15800.00,true,5,true,true,false,3000,Pre-owned; authenticated by Laura Milman New York,antique-estate|backvault-feed|David Webb|designer-jewelry|Earrings|ebay
gid://shopify/Product/7633255202887,bv-david-webb-18k-yellow-gold-oval-white-enamel-earrings-rr6048,David Webb 18K Yellow Gold Oval White Enamel Earrings,David Webb,Earrings,ACTIVE,RR6048,1,7200.00,true,4,true,true,false,3000,Excellent pre-owned condition; signed and authenticated,antique-estate|backvault-feed|David Webb|designer-jewelry|Earrings|ebay
gid://shopify/Product/7633255268423,bv-david-webb-18k-yellow-gold-turquoise-and-diamond-oval-clip-on-earrings-rr6046,David Webb 18K Yellow Gold Turquoise And Diamond Oval Clip-On Earrings,David Webb,Earrings,ACTIVE,RR6046,1,20000.00,true,4,true,true,false,3000,Excellent pre-owned condition; signed and authenticated,antique-estate|backvault-feed|Circa 1970|David Webb|designer-jewelry|Earrings|ebay
gid://shopify/Product/7633255333959,bv-david-webb-enamel-platinum-18k-yellow-gold-diamond-clip-on-earrings-rr6025,David Webb Black Enamel And Diamond Round Clip-On Earrings,David Webb,Earrings,ACTIVE,RR6025,1,72000.00,true,4,true,true,false,3000,Good pre-owned condition; signed and authenticated,antique-estate|backvault-feed|David Webb|designer-jewelry|Earrings|ebay
gid://shopify/Product/7633255366727,bv-david-webb-hinge-collar-platinum-18k-yellow-gold-2-50-carat-diamond-necklace-rr6024,David Webb Hinge Collar Platinum & 18K Yellow Gold 2.50 Carat Diamond Necklace,David Webb,Necklaces,ACTIVE,RR6024,1,50500.00,true,6,true,true,false,3000,Very Good pre-owned condition; signed and authenticated,antique-estate|backvault-feed|David Webb|designer-jewelry|ebay|Necklaces
gid://shopify/Product/7633255399495,bv-david-webb-white-enamel-platinum-18k-yellow-gold-bombe-gold-checkerboard-clip-on-earrings-rr6004,David Webb White Enamel Platinum & 18K Yellow Gold Bombe Gold Checkerboard Clip-On Earrings,David Webb,Earrings,ACTIVE,RR6004,1,12600.00,true,9,true,true,false,3000,Pre-owned; authenticated by Laura Milman New York,antique-estate|backvault-feed|David Webb|designer-jewelry|Earrings|ebay
gid://shopify/Product/7633255432263,bv-david-webb-1970s-platinum-18k-yellow-gold-round-cabochon-coral-clip-on-earrings-rr5944,David Webb 1970's Platinum & 18K Yellow Gold Round Cabochon Coral Clip-On Earrings,David Webb,Earrings,ACTIVE,RR5944,1,19800.00,true,4,true,true,false,3000,Excellent pre-owned condition; signed and authenticated,antique-estate|backvault-feed|David Webb|designer-jewelry|Earrings|ebay|Vintage
gid://shopify/Product/7633255465031,bv-david-webb-1980s-platinum-18k-yellow-gold-black-enamel-diamond-earrings-rr5832,David Webb 1980's Platinum & 18K Yellow Gold Black Enamel Diamond Earrings,David Webb,Earrings,ACTIVE,RR5832,1,12600.00,true,5,true,true,false,3000,Pre-owned; authenticated by Laura Milman New York,antique-estate|backvault-feed|David Webb|designer-jewelry|Earrings|ebay|Vintage
gid://shopify/Product/7633255530567,bv-david-webb-kingdom-platinum-18k-yellow-gold-diamond-tiger-chrysoprase-brooch-rr5824,David Webb Kingdom Platinum & 18K Yellow Gold Diamond Tiger Chrysoprase Brooch,David Webb,Brooches,ACTIVE,RR5824,1,22600.00,true,5,true,true,false,3000,Excellent pre-owned condition; signed and authenticated,antique-estate|backvault-feed|Brooches|David Webb|designer-jewelry|ebay
gid://shopify/Product/7633255596103,van-cleef-1940s-rr5823,Pre-Owned Van Cleef & Arpels 1940's 18K Yellow Gold Vintage Retro Diamond Wrist Women Watch,Van Cleef & Arpels,Watch,ARCHIVED,RR5823,1,21400.00,false,5,false,true,false,3000,Pre-owned; authenticated by Laura Milman New York,antique-estate|backvault-feed|designer-jewelry|Pre-Owned Watches|Van Cleef & Arpels|Vintage|Watch|Watches
gid://shopify/Product/7633255628871,bv-david-webb-azurmalachite-platinum-18k-yellow-gold-diamond-earrings-rr5803,David Webb Azurmalachite Platinum & 18K Yellow Gold & Diamond Earrings,David Webb,Earrings,ARCHIVED,RR5803,0,13500.00,false,1,false,true,false,,Pre-owned; authenticated by Laura Milman New York,antique-estate|backvault-feed|David Webb|designer-jewelry|Earrings
gid://shopify/Product/7633255694407,bv-david-webb-coral-platinum-18k-yellow-gold-black-enamel-and-diamond-earrings-rr5652,David Webb Coral Platinum & 18K Yellow Gold Black Enamel And Diamond Earrings,David Webb,Earrings,ACTIVE,RR5652,1,41200.00,true,5,true,true,false,3000,Excellent pre-owned condition; signed and authenticated,antique-estate|backvault-feed|Contemporary|David Webb|designer-jewelry|Earrings|ebay
gid://shopify/Product/7633255759943,bv-david-webb-platinum-coral-and-diamond-drop-convertable-earrings-rr5647,David Webb Platinum Coral And Diamond Drop Convertable Earrings,David Webb,Earrings,ACTIVE,RR5647,1,122000.00,true,5,true,true,false,3000,Excellent pre-owned condition; signed and authenticated,antique-estate|backvault-feed|David Webb|designer-jewelry|Earrings|ebay
gid://shopify/Product/7633255792711,bv-david-webb-multicolor-platinum-18k-yellow-gold-emeralds-ruby-sapphire-diamonds-earrings-rr5615,"David Webb Multicolor Platinum & 18K Yellow Gold Emeralds, Ruby, Sapphire, Diamonds Earrings",David Webb,Earrings,ACTIVE,RR5615,1,14000.00,true,1,true,true,false,3000,Excellent pre-owned condition; signed and authenticated,antique-estate|backvault-feed|David Webb|designer-jewelry|Earrings|ebay
gid://shopify/Product/7633255825479,bv-david-webb-1970s-platinum-18k-yellow-gold-2-75-carat-large-lapis-lazuli-earrings-rr5563,David Webb 1970's Platinum & 18K Yellow Gold 2.75 Carat Large Lapis Lazuli Earrings,David Webb,Earrings,ACTIVE,RR5563,1,18300.00,true,5,true,true,false,3000,Excellent pre-owned condition; signed and authenticated,antique-estate|backvault-feed|David Webb|designer-jewelry|Earrings|ebay
gid://shopify/Product/7633255858247,bv-david-webb-platinum-pearl-diamond-ruby-earrings-rr5463,"David Webb Platinum Pearl, Diamond & Ruby Earrings",David Webb,Earrings,ACTIVE,RR5463,1,34100.00,true,10,true,true,false,3000,Good pre-owned condition; signed and authenticated,antique-estate|backvault-feed|David Webb|designer-jewelry|Earrings|ebay
gid://shopify/Product/7633255891015,bv-david-webb-kingdom-platinum-18k-yellow-gold-white-enamel-aries-ram-bracelet-rr5411,David Webb Kingdom Platinum & 18K Yellow Gold White Enamel Aries Ram Bracelet,David Webb,Bracelets,ACTIVE,RR5411,1,64800.00,true,5,true,true,false,3000,Good pre-owned condition; signed and authenticated,antique-estate|backvault-feed|Bracelets|C1960|David Webb|designer-jewelry|ebay
gid://shopify/Product/7633255923783,bv-david-webb-platinum-18k-yellow-gold-green-enamel-shrimp-clip-on-earrings-rr5392,David Webb Platinum & 18K Yellow Gold Green Enamel Shrimp Clip-On Earrings,David Webb,Earrings,ACTIVE,RR5392,1,12600.00,true,5,true,true,false,3000,Excellent pre-owned condition; signed and authenticated,antique-estate|backvault-feed|David Webb|designer-jewelry|Earrings|ebay
gid://shopify/Product/7633255989319,bv-david-webb-platinum-18k-yellow-gold-oval-shaped-blue-turquoise-diamond-clip-on-earrings-rr5385,David Webb Platinum & 18K Yellow Gold Oval Shaped Blue Turquoise Diamond Clip-On Earrings,David Webb,Earrings,ACTIVE,RR5385,1,11200.00,true,4,true,true,false,3000,Excellent pre-owned condition; signed and authenticated,antique-estate|backvault-feed|Contemporary|David Webb|designer-jewelry|Earrings|ebay
gid://shopify/Product/7633256022087,bv-david-webb-platinum-18k-yellow-gold-black-enamel-diamond-bombe-shrimp-earrings-rr5369,David Webb Platinum & 18K Yellow Gold Black Enamel Diamond Bombe Shrimp Earrings,David Webb,Earrings,ACTIVE,RR5369,1,28400.00,true,5,true,true,false,3000,Excellent pre-owned condition; signed and authenticated,antique-estate|backvault-feed|David Webb|designer-jewelry|Earrings|ebay
gid://shopify/Product/7633256087623,bv-david-webb-18k-yellow-gold-white-enamel-bombe-ring-rr5368,David Webb 18K Yellow Gold White Enamel Bombe Ring,David Webb,Rings,ACTIVE,RR5368,1,13000.00,true,6,true,true,false,3000,Very Good pre-owned condition; signed and authenticated,antique-estate|backvault-feed|David Webb|designer-jewelry|ebay|Rings
gid://shopify/Product/7633256153159,bv-david-webb-platinum-18k-white-gold-white-pearl-diamond-bracelet-rr5356,David Webb Platinum & 18K White Gold White Pearl & Diamond Bracelet,David Webb,Bracelets,ACTIVE,RR5356,1,55700.00,true,5,true,true,false,3000,Excellent pre-owned condition; signed and authenticated,antique-estate|backvault-feed|Bracelets|Circa 1970|David Webb|designer-jewelry|ebay
gid://shopify/Product/7633256185927,bv-david-webb-platinum-18k-yellow-gold-domed-coral-diamond-earrings-rr5339,David Webb Platinum & 18K Yellow Gold Domed Coral Diamond Earrings,David Webb,Earrings,ACTIVE,RR5339,1,18300.00,true,5,true,true,false,3000,Excellent pre-owned condition; signed and authenticated,antique-estate|backvault-feed|David Webb|designer-jewelry|Earrings|ebay
gid://shopify/Product/7633256251463,bv-van-cleef-arpels-platinum-12-50-cttw-diamond-brooch-rr5327,Van Cleef & Arpels Platinum 12.50 CTTW Diamond Brooch,Van Cleef & Arpels,Brooches,ACTIVE,RR5327,1,46900.00,true,5,true,true,false,3000,Excellent pre-owned condition; signed and authenticated,antique-estate|backvault-feed|Brooches|Circa 1960|designer-jewelry|ebay|Van Cleef & Arpels
gid://shopify/Product/7633256284231,bv-david-webb-platinum-18k-yellow-gold-black-enamel-large-square-cushion-shape-clip-on-earrings-rr5323,David Webb Platinum & 18K Yellow Gold Black Enamel Large Square Cushion Shape Clip-On Earrings,David Webb,Earrings,ACTIVE,RR5323,1,11200.00,true,5,true,true,false,3000,Very Good pre-owned condition; signed and authenticated,antique-estate|backvault-feed|David Webb|designer-jewelry|Earrings|ebay
gid://shopify/Product/7633256316999,bv-david-webb-platinum-18k-yellow-gold-black-enamel-clip-on-earrings-rr5320,David Webb Platinum & 18K Yellow Gold Black Enamel Clip-On Earrings,David Webb,Earrings,ACTIVE,RR5320,1,10500.00,true,5,true,true,false,3000,Excellent pre-owned condition; signed and authenticated,antique-estate|backvault-feed|David Webb|designer-jewelry|Earrings|ebay|Vintage
gid://shopify/Product/7633256349767,bv-cartier-1950s-platinum-foliate-design-with-center-cushion-cut-diamond-1-35-e-vs2-gia-brooch-rr5302,Cartier 1950's Platinum Foliate Design With Center Cushion Cut Diamond 1.35 E/vs2 GIA Brooch,Cartier,Brooches,ACTIVE,RR5302,1,36900.00,true,4,true,true,false,3000,Pre-owned; authenticated by Laura Milman New York,antique-estate|backvault-feed|Brooches|Cartier|designer-jewelry|ebay
gid://shopify/Product/7633256382535,bv-david-webb-elephant-platinum-18k-yellow-gold-rock-crystal-elephant-brooch-rr5253,David Webb Elephant Platinum & 18K Yellow Gold Rock Crystal Elephant Brooch,David Webb,Brooches,ACTIVE,RR5253,1,15625.00,true,1,true,true,false,3000,Excellent pre-owned condition; signed and authenticated,antique-estate|backvault-feed|Brooches|Circa 1990|David Webb|designer-jewelry|ebay
gid://shopify/Product/7633256415303,bv-david-webb-kingdom-platinum-18k-yellow-gold-white-enamel-panther-with-diamond-collar-brooch-rr5219,David Webb Kingdom Platinum & 18K Yellow Gold White Enamel Panther With Diamond Collar Brooch,David Webb,Brooches,ACTIVE,RR5219,1,25800.00,true,1,true,true,false,3000,Pre-owned; authenticated by Laura Milman New York,antique-estate|backvault-feed|Brooches|Circa 1970s|David Webb|designer-jewelry|ebay
gid://shopify/Product/7633256480839,bv-david-webb-kingdom-platinum-18k-yellow-gold-green-enamel-frog-brooch-rr5151,David Webb Kingdom Platinum & 18K Yellow Gold Green Enamel Frog Brooch,David Webb,Brooches,ACTIVE,RR5151,1,16200.00,true,2,true,true,false,3000,Excellent pre-owned condition; signed and authenticated,antique-estate|backvault-feed|Brooches|David Webb|designer-jewelry|ebay
gid://shopify/Product/7633256513607,bv-david-webb-platinum-18k-yellow-gold-carved-coral-bangle-bracelet-rr5117,David Webb Platinum & 18K Yellow Gold Carved Coral Bangle Bracelet,David Webb,Bracelets,ACTIVE,RR5117,1,250700.00,true,6,true,true,false,3000,Excellent pre-owned condition; signed and authenticated,antique-estate|backvault-feed|Bracelets|David Webb|designer-jewelry|ebay
gid://shopify/Product/7633256546375,bv-david-webb-platinum-18k-yellow-gold-green-emeralds-diamonds-brooch-rr5103,"David Webb Platinum & 18K Yellow Gold Green Emeralds & Diamonds, Brooch",David Webb,Brooches,ACTIVE,RR5103,1,114900.00,true,5,true,true,false,3000,Excellent pre-owned condition; signed and authenticated,antique-estate|backvault-feed|Brooches|Circa 1960|David Webb|designer-jewelry|ebay
gid://shopify/Product/7633256579143,bv-cartier-panthere-18k-yellow-gold-french-diamond-pearl-cat-brooch-rr5051,Cartier Panthere 18K Yellow Gold French Diamond & Pearl Cat Brooch,Cartier,Brooches,ACTIVE,RR5051,1,21900.00,true,1,true,true,false,3000,Excellent pre-owned condition; signed and authenticated,antique-estate|backvault-feed|Brooches|Cartier|designer-jewelry|ebay
gid://shopify/Product/7633256677447,bv-david-webb-platinum-18k-yellow-gold-hammered-quartz-clip-on-earrings-rr5008,David Webb Platinum & 18K Yellow Gold Hammered Quartz Clip-On Earrings,David Webb,Earrings,ACTIVE,RR5008,1,16000.00,true,4,true,true,false,3000,Excellent pre-owned condition; signed and authenticated,antique-estate|backvault-feed|David Webb|designer-jewelry|Earrings|ebay
gid://shopify/Product/7633256710215,bv-cartier-trinity-18k-yellow-gold-diamond-spotted-lacquer-slip-on-bracelet-rr4973,Cartier Trinity 18K Yellow Gold Diamond Spotted Lacquer Slip On Bracelet,Cartier,Bracelets,ACTIVE,RR4973,1,50500.00,true,4,true,true,false,3000,Excellent pre-owned condition; signed and authenticated,antique-estate|backvault-feed|Bracelets|Cartier|designer-jewelry|ebay
gid://shopify/Product/7633256775751,bv-david-webb-platinum-18k-yellow-gold-black-and-white-bombe-diamond-enamel-ring-rr4809,David Webb Platinum & 18K Yellow Gold Black And White Bombe Diamond Enamel Ring,David Webb,Rings,ARCHIVED,RR4809,0,15300.00,false,4,false,true,false,,Pre-owned; authenticated by Laura Milman New York,antique-estate|backvault-feed|David Webb|designer-jewelry|Rings
gid://shopify/Product/7633256808519,bv-van-cleef-arpels-circa-1950s-platinum-18k-yellow-gold-snowflake-diamond-bracelet-rr4686,Van Cleef & Arpels Circa 1950's Platinum & 18K Yellow Gold Snowflake Diamond Bracelet,Van Cleef & Arpels,Bracelets,ACTIVE,RR4686,1,50500.00,true,1,true,true,false,3000,Pre-owned; authenticated by Laura Milman New York,antique-estate|backvault-feed|Bracelets|Circa 1950|designer-jewelry|ebay|Van Cleef & Arpels
gid://shopify/Product/7633256841287,bv-cartier-maillon-18k-yellow-gold-2-60cts-diamond-ring-rr4582,Cartier Maillon 18K Yellow Gold 2.60cts Diamond Ring,Cartier,Rings,ACTIVE,RR4582,1,18300.00,true,4,true,true,false,3000,Excellent pre-owned condition; signed and authenticated,antique-estate|backvault-feed|Cartier|designer-jewelry|ebay|Rings
gid://shopify/Product/7633256874055,bv-van-cleef-arpels-circa-1970s-18k-yellow-gold-42-00cts-ganse-diamond-necklace-rr4452,"Van Cleef & Arpels Circa 1970's 18K Yellow Gold 42.00cts ""ganse"" Diamond Necklace",Van Cleef & Arpels,Necklaces,ACTIVE,RR4452,1,236400.00,true,2,true,true,false,3000,Excellent pre-owned condition; signed and authenticated,antique-estate|backvault-feed|Circa 1970|designer-jewelry|ebay|Necklaces|Van Cleef & Arpels
gid://shopify/Product/7633256906823,bv-david-webb-circa-1970s-platinum-18k-yellow-gold-ruby-emerald-sapphire-earrings-rr4391,"David Webb Circa 1970's Platinum & 18K Yellow Gold Ruby, Emerald, Sapphire Earrings",David Webb,Earrings,ACTIVE,RR4391,1,6900.00,true,5,true,true,false,3000,Excellent pre-owned condition; signed and authenticated,antique-estate|backvault-feed|Circa 1970|David Webb|designer-jewelry|Earrings|ebay
gid://shopify/Product/7633256939591,bv-david-webb-kingdom-18k-yellow-gold-green-enamel-frog-pendant-rr4261,David Webb Kingdom 18K Yellow Gold Green Enamel Frog Pendant,David Webb,Pendants,ACTIVE,RR4261,1,12600.00,true,1,true,true,false,3000,Pre-owned; authenticated by Laura Milman New York,antique-estate|backvault-feed|David Webb|designer-jewelry|ebay|Pendants
gid://shopify/Product/7633257005127,bv-cartier-panthere-18k-yellow-gold-lacquer-head-pendant-rr4230,Cartier Panthere 18K Yellow Gold Lacquer Head Pendant,Cartier,Pendants,ACTIVE,RR4230,1,35500.00,true,1,true,true,false,3000,Excellent pre-owned condition; signed and authenticated,antique-estate|backvault-feed|Cartier|designer-jewelry|ebay|Pendants
gid://shopify/Product/7633257070663,bv-david-webb-flower-platinum-18k-yellow-gold-12-50-carats-enteremblant-diamond-brooch-rr4198,David Webb Flower Platinum & 18K Yellow Gold 12.50 Carats Enteremblant Diamond Brooch,David Webb,Brooches,ACTIVE,RR4198,1,34100.00,true,1,true,true,false,3000,Excellent pre-owned condition; signed and authenticated,antique-estate|backvault-feed|Brooches|David Webb|designer-jewelry|ebay
gid://shopify/Product/7633257136199,bv-cartier-panthere-18k-yellow-gold-hinged-cuff-bracelet-rr4151,Cartier Panthere 18K Yellow Gold Hinged Cuff Bracelet,Cartier,Bracelets,ACTIVE,RR4151,1,34900.00,true,5,true,true,false,3000,Excellent pre-owned condition; signed and authenticated,antique-estate|backvault-feed|Bracelets|Cartier|designer-jewelry|ebay
gid://shopify/Product/7633257201735,bv-cartier-art-deco-18k-yellow-gold-lipstick-gold-black-enamel-jewelry-rr4065,Cartier Art Deco 18K Yellow Gold Lipstick - Gold & Black Enamel Jewelry,Cartier,Jewelry,ACTIVE,RR4065,1,8800.00,true,1,true,true,false,3000,Pre-owned; authenticated by Laura Milman New York,antique-estate|Art Deco|backvault-feed|Cartier|designer-jewelry|ebay|Jewelry
gid://shopify/Product/7633257267271,bv-david-webb-panthere-platinum-18k-white-gold-19-27-cttw-diamond-brooch-rr4040,David Webb Panthere Platinum & 18K White Gold 19.27 CTTW Diamond Brooch,David Webb,Brooches,ACTIVE,RR4040,1,50500.00,true,4,true,true,false,3000,Excellent pre-owned condition; signed and authenticated,antique-estate|backvault-feed|Brooches|David Webb|designer-jewelry|ebay
gid://shopify/Product/7633257300039,bv-cartier-tremblant-18k-white-gold-diamond-sapphire-and-ruby-clip-on-earrings-rr4022,"Cartier Tremblant 18K White Gold Diamond, Sapphire And Ruby Clip-On Earrings",Cartier,Earrings,ACTIVE,RR4022,1,64800.00,true,4,true,true,false,3000,Excellent pre-owned condition; signed and authenticated,antique-estate|backvault-feed|Cartier|designer-jewelry|Earrings|ebay|Retro
gid://shopify/Product/7633257332807,bv-david-webb-platinum-18k-white-gold-40-00-carat-old-cut-diamond-brooch-rr3990,David Webb Platinum & 18K White Gold 40.00 Carat Old Cut Diamond Brooch,David Webb,Brooches,ACTIVE,RR3990,1,89500.00,true,4,true,true,false,3000,Excellent pre-owned condition; signed and authenticated,antique-estate|backvault-feed|Brooches|David Webb|designer-jewelry|ebay|Mid-Century
gid://shopify/Product/7633257365575,bv-cartier-trinity-18k-two-tone-celestial-tri-color-diamond-bangle-bracelet-rr3979,Cartier Trinity 18K Two Tone Celestial Tri Color Diamond Bangle Bracelet,Cartier,Bracelets,ACTIVE,RR3979,1,64800.00,true,5,true,true,false,3000,Excellent pre-owned condition; signed and authenticated,antique-estate|backvault-feed|Bracelets|Cartier|designer-jewelry|ebay
gid://shopify/Product/7633257398343,bv-van-cleef-arpels-french-18k-yellow-gold-1965-coral-rose-brooch-rr3974,Van Cleef & Arpels French 18K Yellow Gold 1965 Coral Rose Brooch,Van Cleef & Arpels,Brooches,ACTIVE,RR3974,1,29500.00,true,6,true,true,false,3000,Good pre-owned condition; signed and authenticated,antique-estate|backvault-feed|Brooches|designer-jewelry|ebay|Van Cleef & Arpels|Vintage
gid://shopify/Product/7633257431111,bv-david-webb-platinum-18k-yellow-gold-5-50-carat-diamond-oval-citrine-ring-rr3936,"David Webb Platinum & 18K Yellow Gold 5.50 Carat Diamond, Oval Citrine Ring",David Webb,Rings,ACTIVE,RR3936,1,20600.00,true,8,true,true,false,3000,Excellent pre-owned condition; signed and authenticated,antique-estate|backvault-feed|David Webb|designer-jewelry|ebay|Rings
gid://shopify/Product/7633257496647,bv-david-webb-circa-1960s-platinum-moonstonesapphire-and-diamonds-brooch-rr3935,"David Webb Circa 1960's Platinum Moonstone,sapphire And Diamonds Brooch",David Webb,Brooches,ACTIVE,RR3935,1,26900.00,true,1,true,true,false,3000,Excellent pre-owned condition; signed and authenticated,antique-estate|backvault-feed|Brooches|Circa 1960|David Webb|designer-jewelry|ebay
gid://shopify/Product/7633257529415,bv-david-webb-bombe-platinum-56-84-carats-hanging-door-knocker-earrings-rr3917,David Webb Bombe Platinum 56.84 Carats Hanging Door Knocker Earrings,David Webb,Earrings,ACTIVE,RR3917,1,215000.00,true,4,true,true,false,3000,Excellent pre-owned condition; signed and authenticated,antique-estate|backvault-feed|David Webb|designer-jewelry|Earrings|ebay
gid://shopify/Product/7633257562183,bv-david-webb-18k-yellow-gold-diamond-emerald-bead-clip-on-earrings-rr3902,David Webb 18K Yellow Gold Diamond & Emerald Bead Clip-On Earrings,David Webb,Earrings,ACTIVE,RR3902,1,27800.00,true,5,true,true,false,3000,Excellent pre-owned condition; signed and authenticated,antique-estate|backvault-feed|David Webb|designer-jewelry|Earrings|ebay
gid://shopify/Product/7633257594951,bv-david-webb-18k-yellow-gold-ruby-and-diamond-fan-earrings-rr3831,David Webb 18K Yellow Gold Ruby And Diamond Fan Earrings,David Webb,Earrings,ACTIVE,RR3831,1,11200.00,true,1,true,true,false,3000,Excellent pre-owned condition; signed and authenticated,antique-estate|backvault-feed|David Webb|designer-jewelry|Earrings|ebay
gid://shopify/Product/7633257627719,bv-david-webb-platinum-18k-yellow-gold-large-fluted-coral-white-enamel-diamond-ring-rr3806,"David Webb Platinum & 18K Yellow Gold Large Fluted Coral, White Enamel, Diamond Ring",David Webb,Rings,ACTIVE,RR3806,1,49200.00,true,4,true,true,false,3000,Excellent pre-owned condition; signed and authenticated,antique-estate|backvault-feed|David Webb|designer-jewelry|ebay|Rings
gid://shopify/Product/7633257693255,bv-david-webb-platinum-18k-yellow-gold-20-00-carats-diamond-double-clip-convertable-brooch-rr3367,David Webb Platinum & 18K Yellow Gold 20.00 Carats Diamond Double Clip Convertable Brooch,David Webb,Brooches,ACTIVE,RR3367,1,36200.00,true,4,true,true,false,3000,Excellent pre-owned condition; signed and authenticated,antique-estate|backvault-feed|Brooches|David Webb|designer-jewelry|ebay
gid://shopify/Product/7633257758791,bv-boucheron-18k-yellow-gold-green-emerald-vintage-round-slip-on-bangle-bracelet-rr4564,Boucheron 18K Yellow Gold Green Emerald Vintage Round Slip-On Bangle Bracelet,Boucheron,Bracelets,ACTIVE,RR4564,1,11500.00,true,1,true,true,false,3000,Good pre-owned condition; signed and authenticated,antique-estate|backvault-feed|Boucheron|Bracelets|designer-jewelry|ebay|Vintage
gid://shopify/Product/7633257791559,bv-angela-cummings-18k-white-gold-black-jade-gold-studded-earrings-rr6402,"Angela Cummings 18K White Gold Black Jade, Gold Studded Earrings",Angela Cummings,Earrings,ACTIVE,RR6402,1,9400.00,true,1,true,true,false,3000,Excellent pre-owned condition; signed and authenticated,Angela Cummings|antique-estate|backvault-feed|designer-jewelry|Earrings|ebay
gid://shopify/Product/7633257824327,bv-aletto-brothers-18k-yellow-gold-diamonds-lapis-agate-jewelry-set-rr3793,"Aletto Brothers 18K Yellow Gold Diamonds, Lapis, Agate Jewelry Set",Aletto Brothers,Jewelry,ACTIVE,RR3793,1,37800.00,true,7,true,true,false,3000,Excellent pre-owned condition; signed and authenticated,Aletto Brothers|antique-estate|backvault-feed|designer-jewelry|ebay|Jewelry
gid://shopify/Product/7633257889863,bv-bvlgari-tubogas-18k-yellow-gold-square-shape-black-diamond-dial-f078-flex-ladies-watch-rr5576,Pre-Owned Bvlgari Quadrato Tubogas Gold Diamond Dial F078 Flex Women Watch,Bvlgari,Watch,ACTIVE,RR5576,1,12790.00,true,4,true,true,false,3000,Excellent pre-owned condition; signed and authenticated,antique-estate|backvault-feed|Bvlgari|designer-jewelry|ebay|Pre-Owned Watches|Watch|Watches
gid://shopify/Product/7633257922631,bv-chanel-18k-yellow-gold-multicolor-gemstone-and-diamond-collar-necklace-rr3868,Chanel 18K Yellow Gold Multicolor Gemstone And Diamond Collar Necklace,Chanel,Necklaces,ACTIVE,RR3868,1,46000.00,true,5,true,true,false,3000,Excellent pre-owned condition; signed and authenticated,antique-estate|backvault-feed|Chanel|designer-jewelry|ebay|Necklaces|Vintage
gid://shopify/Product/7633257955399,bv-chopard-18k-white-gold-classique-femme-secret-compartment-diamond-watch-rr4616,Pre-Owned Chopard 18K White Gold Classique Femme Secret Compartment Diamond Women Watch,Chopard,Watch,ACTIVE,RR4616,1,20000.00,true,1,true,true,false,3000,Pre-owned; authenticated by Laura Milman New York,antique-estate|backvault-feed|Chopard|Circa 2000s|designer-jewelry|ebay|Pre-Owned Watches|Watch|Watches
gid://shopify/Product/7633257988167,bv-tiffany-co-schlumberger-platinum-18k-yellow-gold-blue-enamel-cuff-links-rr5796,Tiffany & Co. Schlumberger Platinum & 18K Yellow Gold Blue Enamel Cuff Links,Tiffany & Co.,Cufflinks,ACTIVE,RR5796,1,5050.00,true,4,true,true,false,3000,Pre-owned; authenticated by Laura Milman New York,antique-estate|backvault-feed|Cufflinks|designer-jewelry|ebay|Tiffany & Co.|Vintage
gid://shopify/Product/7633258020935,bv-tiffany-co-schlumberger-18k-yellow-gold-blue-enamel-heart-motif-earrings-rr5591,Tiffany & Co. Schlumberger 18K Yellow Gold Blue Enamel Heart Motif Earrings,Tiffany & Co.,Earrings,ACTIVE,RR5591,1,5800.00,true,1,true,true,false,3000,Excellent pre-owned condition; signed and authenticated,antique-estate|backvault-feed|designer-jewelry|Earrings|ebay|Tiffany & Co.
gid://shopify/Product/7633258053703,bv-tiffany-co-circa-1990-18k-yellow-gold-yellow-sapphire-amethyst-tsavorite-diamond-earrings-brooch-jewelry-set-rr4697,Tiffany & Co. Circa 1990 18K Yellow Gold Yellow Sapphire Amethyst Tsavorite & Diamond Earrings & Brooch Jewelry Set,Tiffany & Co.,Jewelry,ACTIVE,RR4697,1,68750.00,true,3,true,true,false,3000,Pre-owned; authenticated by Laura Milman New York,antique-estate|backvault-feed|Circa 1990|designer-jewelry|ebay|Jewelry|Tiffany & Co.
gid://shopify/Product/7633258086471,bv-graff-18k-white-gold-medallion-shape-diamond-pave-earrings-rr4443,Graff 18K White Gold Medallion Shape Diamond Pave Earrings,Graff,Earrings,ACTIVE,RR4443,1,114200.00,true,4,true,true,false,3000,Pre-owned; authenticated by Laura Milman New York,antique-estate|backvault-feed|Contemporary|designer-jewelry|Earrings|ebay|Graff
gid://shopify/Product/7633258119239,bv-tiffany-co-18k-yellow-gold-cultured-pearl-coral-and-chrysoprase-clip-on-earrings-rr4386,Tiffany & Co. 18K Yellow Gold Cultured Pearl Coral And Chrysoprase Clip-On Earrings,Tiffany & Co.,Earrings,ACTIVE,RR4386,1,18050.00,true,5,true,true,false,3000,Pre-owned; authenticated by Laura Milman New York,antique-estate|backvault-feed|designer-jewelry|Earrings|ebay|Tiffany & Co.
gid://shopify/Product/7633258184775,bv-chanel-18k-yellow-gold-premier-diamond-black-dial-watch-rr4018,Pre-Owned Chanel 18K Yellow Gold Premier Diamond Black Dial Women Watch,Chanel,Watch,ACTIVE,RR4018,1,43000.00,true,5,true,true,false,3000,Excellent pre-owned condition; signed and authenticated,antique-estate|backvault-feed|Chanel|Circa 2000s|designer-jewelry|ebay|Pre-Owned Watches|Watch|Watches
gid://shopify/Product/7633258217543,bv-graff-18k-white-gold-multicolor-sapphire-diamond-chandelier-earrings-rr3598,Graff 18K White Gold Multicolor Sapphire & Diamond Chandelier Earrings,Graff,Earrings,ACTIVE,RR3598,1,150000.00,true,5,true,true,false,3000,Excellent pre-owned condition; signed and authenticated,antique-estate|backvault-feed|designer-jewelry|Earrings|ebay|Graff
gid://shopify/Product/7633258283079,bv-chopard-18k-white-gold-diamond-pendant-rr1295,Chopard 18K White Gold Diamond Pendant,Chopard,Pendants,ACTIVE,RR1295,1,16700.00,true,4,true,true,false,3000,Excellent pre-owned condition; signed and authenticated,antique-estate|backvault-feed|Chopard|designer-jewelry|ebay|Pendants
gid://shopify/Product/7635492175943,bv-tiffany-co-charm-platinum-7-charm-diamond-bracelet-j10625,Tiffany & Co. Charm Platinum 7 Charm Diamond Bracelet,Tiffany & Co.,Bracelets,ACTIVE,J10625,1,30000.00,true,8,true,true,false,3000,Pre-owned; authenticated by Laura Milman New York,antique-estate|backvault-feed|Bracelets|designer-jewelry|ebay|Tiffany & Co.|Vintage
gid://shopify/Product/7638594945095,bv-tiffany-co-schlumberger-18k-yellow-gold-paillonne-blue-enamel-cones-bangle-bracelet-j10615,Tiffany & Co. Schlumberger 18K Yellow Gold Paillonne Blue Enamel Cones Bangle Bracelet,Tiffany & Co.,Bracelets,ACTIVE,J10615,1,54400.00,true,7,true,true,false,3000,Pre-owned; authenticated by Laura Milman New York,antique-estate|backvault-feed|Bracelets|designer-jewelry|ebay|Tiffany & Co.
gid://shopify/Product/7646066049095,bv-tiffany-co-18k-yellow-gold-circa-1970s-30-inch-bamboo-finish-necklace-j10574,Tiffany & Co. 18K Yellow Gold Circa 1970's 30 Inch Bamboo Finish Necklace,Tiffany & Co.,Necklaces,ACTIVE,J10574,1,59000.00,true,6,true,true,false,3000,Excellent pre-owned condition; signed and authenticated,antique-estate|backvault-feed|Circa 1970|designer-jewelry|ebay|Necklaces|Tiffany & Co.
gid://shopify/Product/7646066081863,bv-tiffany-co-18k-yellow-gold-toucan-enamel-bird-brooch-j10573,Tiffany & Co. 18K Yellow Gold Toucan Enamel Bird Brooch,Tiffany & Co.,Brooches,ACTIVE,J10573,1,11500.00,true,7,true,true,false,3000,Excellent pre-owned condition; signed and authenticated,antique-estate|backvault-feed|Brooches|designer-jewelry|ebay|Tiffany & Co.
gid://shopify/Product/7646066114631,bv-tiffany-co-18k-yellow-gold-zodiac-libra-1970s-44-5mm-diamond-medallion-pendant-j10572,Tiffany & Co. 18K Yellow Gold Zodiac Libra 1970's 44.5mm Diamond Medallion Pendant,Tiffany & Co.,Pendants,ACTIVE,J10572,1,23900.00,true,6,true,true,false,3000,Excellent pre-owned condition; signed and authenticated,antique-estate|backvault-feed|designer-jewelry|ebay|Pendants|Tiffany & Co.
gid://shopify/Product/7646066147399,bv-chopard-happy-diamonds-18k-yellow-gold-happy-diamonds-heart-ring-j10552,Chopard Happy Diamonds 18K Yellow Gold Happy Diamonds Heart Ring,Chopard,Rings,ACTIVE,J10552,1,5300.00,true,7,true,true,false,3000,Excellent pre-owned condition; signed and authenticated,antique-estate|backvault-feed|Chopard|designer-jewelry|ebay|Rings
gid://shopify/Product/7646066180167,bv-chopard-18k-white-gold-sapphire-mens-cuff-links-j10551,Chopard 18K White Gold Sapphire Mens Cuff Links,Chopard,Cufflinks,ACTIVE,J10551,1,5000.00,true,6,true,true,false,3000,Excellent pre-owned condition; signed and authenticated,antique-estate|backvault-feed|Chopard|Cufflinks|designer-jewelry|ebay
gid://shopify/Product/7646068932679,bv-van-cleef-arpels-1940s-18k-yellow-gold-vintage-retro-diamond-wrist-watch-rr5823,Pre-Owned Van Cleef & Arpels 1940's 18K Yellow Gold Vintage Retro Diamond Wrist Women Watch,Van Cleef & Arpels,Watch,ACTIVE,RR5823,1,21900.00,true,5,true,true,false,3000,Pre-owned; authenticated by Laura Milman New York,antique-estate|backvault-feed|designer-jewelry|ebay|Pre-Owned Watches|Van Cleef & Arpels|Vintage|Watch|Watches
gid://shopify/Product/7650579415111,bv-van-cleef-arpels-alhambra-18k-yellow-gold-blue-agate-20-motif-necklace-j10636,Van Cleef & Arpels Alhambra 18K Yellow Gold Blue Agate 20 Motif Necklace,Van Cleef & Arpels,Necklaces,ACTIVE,J10636,1,20500.00,true,7,true,true,false,3000,Excellent pre-owned condition; signed and authenticated,antique-estate|backvault-feed|designer-jewelry|ebay|Necklaces|Van Cleef & Arpels
gid://shopify/Product/7650579447879,bv-van-cleef-arpels-frivole-18k-yellow-gold-9-flowers-diamond-motifs-necklace-j10581,Van Cleef & Arpels Frivole 18K Yellow Gold 9 Flowers Diamond Motifs Necklace,Van Cleef & Arpels,Necklaces,ACTIVE,J10581,1,25000.00,true,7,true,true,false,3000,Excellent pre-owned condition; signed and authenticated,antique-estate|backvault-feed|designer-jewelry|ebay|Necklaces|Van Cleef & Arpels
gid://shopify/Product/7650579480647,bv-van-cleef-arpels-frivole-18k-yellow-gold-diamond-flower-in-between-the-finger-ring-j10580,Van Cleef & Arpels Frivole 18K Yellow Gold Diamond Flower In Between The Finger Ring,Van Cleef & Arpels,Rings,ACTIVE,J10580,1,25500.00,true,8,true,true,false,3000,Excellent pre-owned condition; signed and authenticated,antique-estate|backvault-feed|designer-jewelry|ebay|Rings|Van Cleef & Arpels
gid://shopify/Product/7650579513415,bv-van-cleef-arpels-18k-yellow-gold-coral-diamond-philippine-ring-j10576,Van Cleef & Arpels 18K Yellow Gold Coral Diamond Philippine Ring,Van Cleef & Arpels,Rings,ACTIVE,J10576,1,6300.00,true,7,true,true,false,3000,Pre-owned; authenticated by Laura Milman New York,antique-estate|backvault-feed|designer-jewelry|ebay|Rings|Van Cleef & Arpels|Vintage
gid://shopify/Product/7650579546183,bv-van-cleef-arpels-onyx-18k-yellow-gold-diamond-philippine-ring-j10575,Van Cleef & Arpels Onyx 18K Yellow Gold Diamond Philippine Ring,Van Cleef & Arpels,Rings,ACTIVE,J10575,1,6300.00,true,7,true,true,false,3000,Pre-owned; authenticated by Laura Milman New York,antique-estate|backvault-feed|designer-jewelry|ebay|Rings|Van Cleef & Arpels|Vintage
gid://shopify/Product/7650579578951,bv-boucheron-18k-yellow-gold-old-european-cut-13-00cttw-diamond-necklace-j10585,Boucheron 18K Yellow Gold Old European Cut 13.00cttw Diamond Necklace,Boucheron,Necklaces,ACTIVE,J10585,1,94100.00,true,6,true,true,false,3000,Pre-owned; authenticated by Laura Milman New York,antique-estate|backvault-feed|Boucheron|designer-jewelry|ebay|Necklaces|Vintage
gid://shopify/Product/7650579775559,bv-cartier-18k-white-gold-10-diamond-love-with-screw-driver-sz19-bracelet-rr7549,Cartier 18K White Gold 10 Diamond Love With Screw Driver Sz19 Bracelet,Cartier,Bracelets,ACTIVE,RR7549,1,15400.00,true,4,true,true,false,3000,Excellent pre-owned condition; signed and authenticated,antique-estate|backvault-feed|Bracelets|Cartier|designer-jewelry|ebay
gid://shopify/Product/7656941584455,bv-david-webb-platinum-18k-yellow-gold-cabochon-cut-turquoise-flower-clip-on-earrings-rr9020,David Webb Platinum & 18K Yellow Gold Cabochon Cut Turquoise Flower Clip-On Earrings,David Webb,Earrings,ACTIVE,RR9020,1,23200.00,true,4,true,true,false,3000,Excellent pre-owned condition; signed and authenticated,antique-estate|backvault-feed|David Webb|designer-jewelry|Earrings|ebay
