handle,sku,vendor,title,status,product_type,has_ebay,reason
bv-cartier-dolphin-18k-yellow-gold-double-dolphin-diamond-ring-j10605,J10605,Cartier,Cartier Dolphin 18K Yellow Gold Double Dolphin Diamond Ring,ACTIVE,Rings,true,already-tagged-and-conditioned
bv-cartier-diamond-elephant-18k-white-gold-walking-elephant-shirt-studs-and-cuff-links-j10604,J10604,Cartier,Cartier Diamond Elephant 18K White Gold Walking Elephant Shirt Studs And Cuff Links,ACTIVE,Cufflinks,true,already-tagged-and-conditioned
bv-cartier-trinity-18k-tri-color-roller-bracelet-j10233,J10233,Cartier,Cartier Trinity 18K Tri Color Roller Bracelet,ACTIVE,Bracelets,true,already-tagged-and-conditioned
bv-buccellati-18k-two-tone-capri-macri-7-sapphire-bangle-bracelet-j10536,J10536,Buccellati,Buccellati 18K Two Tone Capri Macri 7 Sapphire Bangle Bracelet,ACTIVE,Bracelets,true,already-tagged-and-conditioned
bv-buccellati-18k-two-tone-macri-capri-7-round-green-emerald-bangle-bracelet-j10535,J10535,Buccellati,Buccellati 18K Two Tone Macri Capri 7 Round Green Emerald Bangle Bracelet,ACTIVE,Bracelets,true,already-tagged-and-conditioned
bv-david-webb-18k-yellow-gold-black-enamel-open-link-bracelet-j10533,J10533,David Webb,David Webb 18K Yellow Gold Black Enamel Open Link Bracelet,ARCHIVED,Bracelets,false,status:ARCHIVED
bv-cartier-maillon-18k-yellow-gold-three-row-necklace-j10531,J10531,Cartier,Cartier Maillon 18K Yellow Gold Three Row Necklace,ACTIVE,Necklaces,true,already-tagged-and-conditioned
bv-van-cleef-arpels-18k-yellow-gold-36-inches-georges-lenfant-chain-j10522,J10522,Van Cleef & Arpels,Van Cleef & Arpels 18K Yellow Gold 36 Inches Georges L'enfant Chain,ACTIVE,Necklaces,true,already-tagged-and-conditioned
bv-hermes-18k-yellow-gold-link-chain-necklace-j10508,J10508,Hermès,Hermès 18K Yellow Gold Link Chain Necklace,ACTIVE,Necklaces,true,already-tagged-and-conditioned
bv-van-cleef-arpels-alhambra-18k-yellow-gold-magic-bracelet-j10526,J10526,Van Cleef & Arpels,Van Cleef & Arpels Alhambra 18K Yellow Gold Magic Bracelet,ACTIVE,Bracelets,true,already-tagged-and-conditioned
bv-david-webb-18k-yellow-gold-leopard-emerald-eyes-with-box-cuff-links-j10525,J10525,David Webb,David Webb 18K Yellow Gold Leopard Emerald Eyes With Box Cuff Links,ACTIVE,Cufflinks,true,already-tagged-and-conditioned
bv-bvlgari-serpenti-18k-yellow-gold-blackened-steel-circa-1965-jaeger-lecoultre-manual-watch-j10515,J10515,Bvlgari,Pre-Owned Bvlgari Serpenti 18K Yellow Gold Blackened Steel Circa 1965 Jaeger Lecoultre Manual Watch,ACTIVE,Watch,true,watch
bv-david-webb-platinum-18k-yellow-gold-necklace-rr7432,RR7432,David Webb,David Webb Platinum & 18K Yellow Gold Necklace,ACTIVE,Necklaces,true,already-tagged-and-conditioned
bv-bvlgari-parentesi-18k-yellow-gold-hematite-bangle-bracelet-j10512,J10512,Bvlgari,Bvlgari Parentesi 18K Yellow Gold Hematite Bangle Bracelet,ACTIVE,Bracelets,true,already-tagged-and-conditioned
bv-bvlgari-parentesi-18k-yellow-gold-hoop-earrings-j10511,J10511,Bvlgari,Bvlgari Parentesi 18K Yellow Gold Hoop Earrings,ACTIVE,Earrings,true,already-tagged-and-conditioned
bv-cartier-rouleaux-18k-white-gold-onyx-ruby-and-diamond-ring-j10510,J10510,Cartier,"Cartier Rouleaux 18K White Gold Onyx, Ruby And Diamond Ring",ACTIVE,Rings,true,already-tagged-and-conditioned
bv-van-cleef-arpels-18k-rose-gold-charms-carnelian-dial-38mm-double-row-diamond-bezel-watch-rr9406,RR9406,Van Cleef & Arpels,Pre-Owned Van Cleef & Arpels 18K Rose Gold Charms Carnelian Dial 38mm Double Row Diamond Bezel Watch,ACTIVE,Watch,true,watch
bv-cartier-tank-asymmetric-18k-white-gold-diamond-ladies-ref-2786-watch-j10493,J10493,Cartier,Pre-Owned Cartier Tank Asymmetric 18K White Gold Diamond Ladies Ref 2786 Watch,ARCHIVED,Watch,false,watch
bv-chopard-18k-yellow-gold-diamond-grid-ref-2044-manual-wind-onyx-ladies-watch-j10484,J10484,Chopard,Pre-Owned Chopard 18K Yellow Gold Diamond Grid Ref 2044 Manual Wind Onyx Ladies Watch,ACTIVE,Watch,true,watch
bv-van-cleef-arpels-alhambra-18k-white-gold-diamond-magic-alhambra-16-motifs-necklace-j10316,J10316,Van Cleef & Arpels,Van Cleef & Arpels Alhambra 18K White Gold Diamond Magic Alhambra 16 Motifs Necklace,ACTIVE,Necklaces,true,already-tagged-and-conditioned
bv-david-webb-18k-yellow-gold-black-enamel-large-link-gold-stations-necklace-j10507,J10507,David Webb,David Webb 18K Yellow Gold Black Enamel Large Link Gold Stations Necklace,ACTIVE,Necklaces,true,already-tagged-and-conditioned
bv-cartier-18k-white-gold-diamond-c-ring-j10506,J10506,Cartier,"Cartier 18K White Gold Diamond ""c"" Ring",ACTIVE,Rings,true,already-tagged-and-conditioned
bv-van-cleef-arpels-aries-18k-rose-gold-medallion-on-a-34-inch-chain-pendant-j10505,J10505,Van Cleef & Arpels,Van Cleef & Arpels Aries 18K Rose Gold Medallion On A 34 Inch Chain Pendant,ACTIVE,Pendants,true,already-tagged-and-conditioned
bv-david-webb-18k-yellow-gold-lapis-and-carved-coral-hammered-finish-earrings-j10503,J10503,David Webb,David Webb 18K Yellow Gold Lapis And Carved Coral Scroll Disc Earrings,ACTIVE,Earrings,true,already-tagged-and-conditioned
bv-graff-18k-white-gold-butterfly-green-emerald-limited-edition-32mm-dial-watch-j10501,J10501,Graff,Pre-Owned Graff 18K White Gold Butterfly Green Emerald Limited Edition 32mm Dial Watch,ACTIVE,Watch,true,watch
bv-david-webb-18k-yellow-gold-scroll-crossover-fluted-bracelet-j10478,J10478,David Webb,David Webb 18K Yellow Gold Scroll Crossover Fluted Bracelet,ACTIVE,Bracelets,true,already-tagged-and-conditioned
bv-david-webb-18k-yellow-gold-frog-with-ruby-eyes-brooch-j10470,J10470,David Webb,David Webb 18K Yellow Gold Frog With Ruby Eyes Brooch,ACTIVE,Brooches,true,already-tagged-and-conditioned
bv-ilias-lalaounis-vintage-18k-yellow-gold-double-ram-ruby-bracelet-j10469,J10469,Ilias Lalaounis,Ilias Lalaounis Vintage 18K Yellow Gold Double Ram Ruby Bracelet,ACTIVE,Bracelets,true,already-tagged-and-conditioned
bv-tiffany-co-18k-white-gold-t-collection-bangle-bracelet-j10468,J10468,Tiffany & Co.,"Tiffany & Co. 18K White Gold ""t"" Collection Bangle Bracelet",ACTIVE,Bracelets,true,already-tagged-and-conditioned
bv-cartier-18k-yellow-gold-classic-dome-eu-61-wedding-band-j10467,J10467,Cartier,Cartier 18K Yellow Gold Classic Dome Eu 61 Wedding Band,ACTIVE,Rings,true,already-tagged-and-conditioned
bv-david-webb-vintage-18k-yellow-gold-purple-chalcedony-carved-beads-rock-crystal-necklace-j10465,J10465,David Webb,David Webb Vintage 18K Yellow Gold Purple Chalcedony Carved Beads Rock Crystal Necklace,ACTIVE,Necklaces,true,already-tagged-and-conditioned
bv-tiffany-co-18k-yellow-gold-12-00cttw-round-diamond-vintage-bracelet-j10495,J10495,Tiffany & Co.,Tiffany & Co. 18K Yellow Gold 12.00cttw Round Diamond Vintage Bracelet,ACTIVE,Bracelets,true,already-tagged-and-conditioned
bv-hermes-18k-rose-gold-16-link-medium-model-toggle-bracelet-j10494,J10494,Hermès,Hermès 18K Rose Gold 16 Link Medium Model Toggle Bracelet,ACTIVE,Bracelets,true,already-tagged-and-conditioned
bv-van-cleef-arpels-alhambra-18k-rose-gold-20-motif-obsidian-necklace-j10463,J10463,Van Cleef & Arpels,Van Cleef & Arpels Alhambra 18K Rose Gold 20 Motif Obsidian Necklace,ACTIVE,Necklaces,true,already-tagged-and-conditioned
bv-tiffany-co-schlumberger-18k-yellow-gold-green-enamel-diamond-bracelet-j10458,J10458,Tiffany & Co.,Tiffany & Co. Schlumberger 18K Yellow Gold Green Enamel Diamond Bracelet,ACTIVE,Bracelets,true,already-tagged-and-conditioned
bv-cartier-pasha-18k-yellow-gold-38mm-ref-1989-leather-accents-watch-j10492,J10492,Cartier,Pre-Owned Cartier Pasha 18K Yellow Gold 38mm Ref.1989 Leather Accents Watch,ACTIVE,Watch,true,watch
bv-bvlgari-18k-yellow-gold-bb-19-2t-quartz-watch-j10487,J10487,Bvlgari,Pre-Owned Bvlgari 18K Yellow Gold Bb 19 2t Quartz Watch,ACTIVE,Watch,true,watch
bv-van-cleef-arpels-alhambra-18k-rose-gold-five-motif-obsidian-bracelet-j10462,J10462,Van Cleef & Arpels,Van Cleef & Arpels Alhambra 18K Rose Gold Five Motif Obsidian Bracelet,ACTIVE,Bracelets,true,already-tagged-and-conditioned
bv-cartier-pasha-18k-white-gold-32mm-dial-diamond-markers-2398-watch-j10461,J10461,Cartier,Pre-Owned Cartier Pasha 18K White Gold 32mm Dial Diamond Markers #2398 Watch,ACTIVE,Watch,true,watch
bv-david-webb-platinum-18k-yellow-gold-wave-with-rubies-emeralds-and-sapphires-ring-rr8366,RR8366,David Webb,"David Webb Platinum & 18K Yellow Gold Wave With Rubies, Emeralds And Sapphires Ring",ACTIVE,Rings,true,already-tagged-and-conditioned
bv-david-webb-18k-yellow-gold-double-fish-with-ruby-eyes-bracelet-j10451,J10451,David Webb,David Webb 18K Yellow Gold Double Fish With Ruby Eyes Bracelet,ACTIVE,Bracelets,true,already-tagged-and-conditioned
bv-tiffany-co-18k-yellow-gold-angela-cummings-1981-silver-inlay-bangle-bracelet-j10449,J10449,Tiffany & Co.,Tiffany & Co. 18K Yellow Gold Angela Cummings 1981 Silver Inlay Bangle Bracelet,ACTIVE,Bracelets,true,already-tagged-and-conditioned
bv-tiffany-co-schlumberger-18k-yellow-gold-red-enamel-banana-earrings-j10401,J10401,Tiffany & Co.,Tiffany & Co. Schlumberger 18K Yellow Gold Red Enamel Banana Earrings,ACTIVE,Earrings,true,already-tagged-and-conditioned
bv-cartier-18k-yellow-gold-aldo-cipullo-1973-rock-crystal-earrings-j10337,J10337,Cartier,Cartier 18K Yellow Gold Aldo Cipullo 1973 Rock Crystal Earrings,ACTIVE,Earrings,true,already-tagged-and-conditioned
bv-cartier-panthere-18k-yellow-gold-double-spotted-collar-necklace-j10344,J10344,Cartier,Cartier Panthere 18K Yellow Gold Double Spotted Collar Necklace,ACTIVE,Necklaces,true,already-tagged-and-conditioned
bv-david-webb-18k-yellow-gold-vintage-ram-with-green-emerald-and-diamonds-bangle-bracelet-j10452,J10452,David Webb,David Webb 18K Yellow Gold Vintage Ram With Green Emerald And Diamonds Bangle Bracelet,ACTIVE,Bracelets,true,already-tagged-and-conditioned
bv-cartier-18k-yellow-gold-panthere-on-a-black-cord-pendant-rr8928,RR8928,Cartier,Cartier 18K Yellow Gold Panthere On A Black Cord Pendant,ACTIVE,Pendants,true,already-tagged-and-conditioned
bv-cartier-love-18k-rose-gold-6-diamond-small-model-size-16-bracelet-j10214,J10214,Cartier,Cartier Love 18K Rose Gold 6 Diamond Small Model Size 16 Bracelet,ACTIVE,Bracelets,true,sku-already-ebay:cartier-love-18k-rose-gold-6-diamond-small-model-size-16-bracelet-j10214
bv-van-cleef-arpels-alhambra-18k-rose-gold-grey-mother-of-pearl-and-diamonds-bracelet-j10146,J10146,Van Cleef & Arpels,Van Cleef & Arpels Alhambra 18K Rose Gold Grey Mop And Diamonds Bracelet,ACTIVE,Bracelets,true,already-tagged-and-conditioned
bv-cartier-18k-white-gold-captive-35mm-diamond-dial-ref-3120-watch-rr9533,RR9533,Cartier,Pre-Owned Cartier 18K White Gold Captive 35mm Diamond Dial Ref 3120 Watch,ACTIVE,Watch,true,watch
bv-david-webb-leopard-platinum-18k-yellow-gold-spotted-bangle-diamond-bracelet-rr6236,RR6236,David Webb,David Webb Leopard Platinum & 18K Yellow Gold Spotted Bangle Diamond Bracelet,ACTIVE,Bracelets,true,already-tagged-and-conditioned
bv-cartier-18k-white-gold-love-all-diamond-pave-black-ceramic-size-18-with-cert-bracelet-j10445,J10445,Cartier,Cartier 18K White Gold Love All Diamond Pave Black Ceramic Size 18 With Cert Bracelet,ACTIVE,Bracelets,true,already-tagged-and-conditioned
bv-bvlgari-18k-yellow-gold-tubogas-30mm-dial-watch-j10444,J10444,Bvlgari,Pre-Owned Bvlgari 18K Yellow Gold Tubogas 30mm Dial Watch,ACTIVE,Watch,true,watch
bv-van-cleef-arpels-18k-yellow-gold-coral-hear-key-brooch-j10443,J10443,Van Cleef & Arpels,Van Cleef & Arpels 18K Yellow Gold Coral Hear Key Brooch,ACTIVE,Brooches,true,already-tagged-and-conditioned
bv-cartier-18k-two-tone-coffee-bean-16-inch-made-in-italy-necklace-j10441,J10441,Cartier,Cartier 18K Two Tone Coffee Bean 16 Inch Made In Italy Necklace,ACTIVE,Necklaces,true,already-tagged-and-conditioned
bv-cartier-18k-yellow-gold-starburst-cluster-vintage-retro-diamond-earrings-j10439,J10439,Cartier,Cartier 18K Yellow Gold Starburst Cluster Vintage Retro Diamond Earrings,ACTIVE,Earrings,true,already-tagged-and-conditioned
bv-tiffany-co-18k-white-gold-diamond-metro-three-row-pave-bracelet-j10437,J10437,Tiffany & Co.,Tiffany & Co. 18K White Gold Diamond Metro Three Row Pave Bracelet,ACTIVE,Bracelets,true,already-tagged-and-conditioned
bv-tiffany-co-schlumberger-18k-yellow-gold-red-enamel-diamond-banana-earrings-j10407,J10407,Tiffany & Co.,Tiffany & Co. Schlumberger 18K Yellow Gold Red Enamel Diamond Banana Earrings,ACTIVE,Earrings,true,already-tagged-and-conditioned
bv-tiffany-co-schlumberger-18k-yellow-gold-dot-losange-red-enamel-bangle-bracelet-j10406,J10406,Tiffany & Co.,Tiffany & Co. Schlumberger 18K Yellow Gold Dot Losange Red Enamel Bangle Bracelet,ACTIVE,Bracelets,true,already-tagged-and-conditioned
bv-tiffany-co-victoria-platinum-diamond-and-sapphire-pendant-j10398,J10398,Tiffany & Co.,Tiffany & Co. Victoria Platinum Diamond And Sapphire Pendant,ACTIVE,Pendants,true,sku-already-ebay:tiffany-co-victoria-platinum-diamond-and-sapphire-pendant-j10398
bv-tiffany-co-schlumberger-18k-yellow-gold-blue-enamel-ruby-and-diamond-banana-earrings-j10397,J10397,Tiffany & Co.,Tiffany & Co. Schlumberger 18K Yellow Gold Blue Enamel Ruby And Diamond Banana Earrings,ACTIVE,Earrings,true,already-tagged-and-conditioned
bv-tiffany-co-schlumberger-18k-yellow-gold-vintage-croisillon-red-enamel-bracelet-j10396,J10396,Tiffany & Co.,Tiffany & Co. Schlumberger 18K Yellow Gold Vintage Croisillon Red Enamel Bracelet,ACTIVE,Bracelets,true,already-tagged-and-conditioned
bv-david-webb-unicorn-platinum-18k-yellow-gold-unicorn-black-enamel-ruby-diamonds-brooch-rr3833,RR3833,David Webb,"David Webb Unicorn Platinum & 18K Yellow Gold Unicorn Black Enamel, Ruby, Diamonds Brooch",ACTIVE,Brooches,true,already-tagged-and-conditioned
bv-bvlgari-zodiac-kingdom-coin-style-horoscope-pendant-j10419,J10419,Bvlgari,Bvlgari Zodiac Kingdom Coin Style Horoscope Pendant,ACTIVE,Pendants,true,already-tagged-and-conditioned
bv-bvlgari-18k-yellow-gold-monete-carthago-severus-ad-305-306-necklace-j10414,J10414,Bvlgari,Bvlgari 18K Yellow Gold Monete Carthago-Severus Ad 305-306 Necklace,ACTIVE,Necklaces,true,already-tagged-and-conditioned
bv-david-webb-unicorn-18k-yellow-gold-white-enamel-diamonds-and-rubies-brooch-rr6488,RR6488,David Webb,"David Webb Unicorn 18K Yellow Gold White Enamel, Diamonds And Rubies Brooch",ACTIVE,Brooches,true,already-tagged-and-conditioned
bv-cartier-18k-yellow-gold-diamond-deux-tetes-croisees-ring-j10415,J10415,Cartier,Cartier 18K Yellow Gold Diamond Deux Tetes Croisées Ring,ACTIVE,Rings,true,already-tagged-and-conditioned
bv-cartier-18k-yellow-gold-five-charms-bracelet-j10413,J10413,Cartier,Cartier 18K Yellow Gold Five Charms Bracelet,ACTIVE,Bracelets,true,already-tagged-and-conditioned
bv-van-cleef-arpels-18k-yellow-gold-5-multi-color-gem-stack-ring-j10411,J10411,Van Cleef & Arpels,Van Cleef & Arpels 18K Yellow Gold 5 Multi Color Gem Stack Ring,ACTIVE,Rings,true,already-tagged-and-conditioned
bv-cartier-18k-yellow-gold-vintage-panthere-ring-j10390,J10390,Cartier,Cartier 18K Yellow Gold Vintage Panthere Ring,ACTIVE,Rings,true,already-tagged-and-conditioned
bv-cartier-18k-rose-gold-happy-birthday-pendant-j10384,J10384,Cartier,Cartier 18K Rose Gold Happy Birthday Pendant,ACTIVE,Pendants,true,already-tagged-and-conditioned
bv-van-cleef-arpels-18k-yellow-gold-diamond-and-multi-gem-flower-motif-bangle-bracelet-j10360,J10360,Van Cleef & Arpels,Van Cleef & Arpels 18K Yellow Gold Diamond And Multi Gem Flower Motif Bangle Bracelet,ACTIVE,Bracelets,true,already-tagged-and-conditioned
bv-van-cleef-arpels-cadenas-18k-yellow-gold-diamond-five-row-ladies-bracelet-watch-j10355,J10355,Van Cleef & Arpels,Pre-Owned Van Cleef & Arpels Cadenas 18K Yellow Gold Diamond Five Row Bracelet Watch,ARCHIVED,Watch,false,watch
bv-van-cleef-arpels-18k-yellow-gold-lapis-and-coral-33-inch-necklace-j10350,J10350,Van Cleef & Arpels,Van Cleef & Arpels 18K Yellow Gold Lapis And Coral 33 Inch Necklace,ACTIVE,Necklaces,true,already-tagged-and-conditioned
bv-van-cleef-arpels-18k-yellow-gold-1970s-lapis-and-coral-pendant-j10349,J10349,Van Cleef & Arpels,Van Cleef & Arpels 18K Yellow Gold 1970's Lapis And Coral Pendant,ACTIVE,Pendants,true,already-tagged-and-conditioned
bv-cartier-tank-francaise-18k-yellow-gold-2-00cttw-round-diamond-11mm-wide-ring-j10348,J10348,Cartier,Cartier Tank Francaise 18K Yellow Gold 2.00cttw Round Diamond 11mm Wide Ring,ACTIVE,Rings,true,already-tagged-and-conditioned
bv-van-cleef-arpels-circa-1980s-18k-white-gold-pave-diamond-hoop-1-00cttw-earrings-j10343,J10343,Van Cleef & Arpels,Van Cleef & Arpels Circa 1980's 18K White Gold Pave Diamond Hoop 1.00cttw Earrings,ACTIVE,Earrings,true,already-tagged-and-conditioned
bv-van-cleef-arpels-18k-white-gold-grey-mother-of-pearl-butterfly-necklace-j10330,J10330,Van Cleef & Arpels,Van Cleef & Arpels 18K White Gold Grey Mother Of Pearl Butterfly Necklace,ACTIVE,Necklaces,true,already-tagged-and-conditioned
bv-tiffany-co-schlumberger-18k-yellow-gold-croisillon-blue-enamel-bangle-bracelet-j10369,J10369,Tiffany & Co.,Tiffany & Co. Schlumberger 18K Yellow Gold Croisillon Blue Enamel Bangle Bracelet,ACTIVE,Bracelets,true,already-tagged-and-conditioned
bv-david-webb-platinum-18k-yellow-gold-buckle-cuff-red-enamel-diamond-bangle-bracelet-j10333,J10333,David Webb,David Webb Platinum & 18K Yellow Gold Buckle Cuff Red Enamel Diamond Bangle Bracelet,ACTIVE,Bracelets,true,already-tagged-and-conditioned
bv-van-cleef-arpels-alhambra-18k-white-gold-magic-diamond-in-between-the-fingers-ring-j10329,J10329,Van Cleef & Arpels,Van Cleef & Arpels 18K White Gold Magic Diamond In Between The Fingers Ring,ACTIVE,Rings,true,already-tagged-and-conditioned
bv-bvlgari-bypass-enigma-diamond-spinning-bracelet-j10324,J10324,Bvlgari,Bvlgari Bypass Enigma 18K Rose Gold White Gold Diamond Spinning Bracelet,ACTIVE,Bracelets,true,already-tagged-and-conditioned
bv-angela-cummings-18k-yellow-gold-black-onyx-knot-clip-earrings-j10296,J10296,Angela Cummings,Angela Cummings 18K Yellow Gold Black Onyx Knot Clip Earrings,ACTIVE,Earrings,true,already-tagged-and-conditioned
bv-bvlgari-serpenti-18k-rose-gold-diamond-serpenti-tubogas-size-l-ring-j10285,J10285,Bvlgari,Bvlgari Serpenti 18K Rose Gold Diamond Serpenti Tubogas Size L Ring,ACTIVE,Rings,true,already-tagged-and-conditioned
bv-van-cleef-arpels-rose-de-noel-18k-yellow-gold-1978-vintage-clip-on-coral-earrings-j10284,J10284,Van Cleef & Arpels,Van Cleef & Arpels Rose De Noel 18K Yellow Gold 1978 Vintage Clip On Coral Earrings,ACTIVE,Earrings,true,already-tagged-and-conditioned
bv-bvlgari-18k-yellow-gold-allegra-aquamarine-amethyst-pink-tourmaline-ring-j10282,J10282,Bvlgari,Bvlgari 18K Yellow Gold Allegra Aquamarine Amethyst Pink Tourmaline Ring,ACTIVE,Rings,true,already-tagged-and-conditioned
bv-bvlgari-serpenti-18k-rose-gold-sp-p35g-black-dial-diamond-bezel-ladies-watch-j10326,J10326,Bvlgari,Pre-Owned Bvlgari Serpenti 18K Rose Gold Sp P35g Black Dial Diamond Bezel Ladies Watch,ACTIVE,Watch,true,watch
bv-bvlgari-quadrato-bvlgari-quadrato-22mm-square-dial-f1218-sq-22-2t-watch-watch-j10322,J10322,Bvlgari,Pre-Owned Bvlgari Quadrato Bvlgari Quadrato 22mm Square Dial F1218 Sq 22 2t Watch Watch,ACTIVE,Watch,true,watch
bv-bvlgari-circa-1990-18k-two-tone-bvlgari-circa-1990-18k-two-tone-bb-26-2t-26mm-dial-quartz-watch-watch-j10321,J10321,Bvlgari,Pre-Owned Bvlgari Circa 1990 18K Two Tone Bvlgari Circa 1990 18K Two Tone Bb 26 2t 26mm Dial Quartz Watch Watch,ACTIVE,Watch,true,watch
bv-cartier-18k-yellow-gold-panthere-black-ceramic-pendant-rr9966,RR9966,Cartier,Cartier 18K Yellow Gold Panthere Black Ceramic Pendant,ARCHIVED,Pendants,false,status:ARCHIVED
bv-van-cleef-arpels-18k-yellow-gold-bouton-dor-pendant-detachable-brooch-clip-necklace-rr9930,RR9930,Van Cleef & Arpels,Van Cleef & Arpels 18K Yellow Gold Bouton D'or Pendant Detachable Brooch Clip Necklace,ARCHIVED,Necklaces,false,status:ARCHIVED
bv-david-webb-collar-platinum-18k-yellow-gold-black-enamel-and-collar-necklace-rr9730,RR9730,David Webb,David Webb Collar Platinum & 18K Yellow Gold Black Enamel And Collar Necklace,ACTIVE,Necklaces,true,already-tagged-and-conditioned
bv-chaumet-emerald-platinum-18k-yellow-gold-diamond-and-green-emerald-ladies-necklace-rr9679,RR9679,Chaumet,Chaumet Emerald Platinum & 18K Yellow Gold Diamond And Green Emerald Ladies Necklace,ACTIVE,Necklaces,true,already-tagged-and-conditioned
bv-cartier-collar-18k-yellow-gold-fluted-twist-diamond-choker-necklace-rr9593,RR9593,Cartier,Cartier Collar 18K Yellow Gold Fluted Twist Diamond Choker Necklace,ACTIVE,Necklaces,true,already-tagged-and-conditioned
bv-david-webb-18k-yellow-gold-hammered-link-long-convertible-necklace-rr9536,RR9536,David Webb,David Webb 18K Yellow Gold Hammered Link Long Convertible Necklace,ACTIVE,Necklaces,true,already-tagged-and-conditioned
bv-david-webb-emerald-platinum-18k-yellow-gold-pear-shaped-green-emerald-and-diamond-vintage-necklace-rr9457,RR9457,David Webb,David Webb Emerald Platinum & 18K Yellow Gold Pear Shaped Green Emerald And Diamond Vintage Necklace,ACTIVE,Necklaces,true,already-tagged-and-conditioned
bv-david-webb-pearl-platinum-18k-yellow-gold-dusk-pearl-rock-crystal-diamond-white-enamel-necklace-rr9456,RR9456,David Webb,David Webb Pearl Platinum & 18K Yellow Gold Dusk Pearl Rock Crystal Diamond White Enamel Necklace,ACTIVE,Necklaces,true,already-tagged-and-conditioned
bv-david-webb-coin-platinum-18k-yellow-gold-hammered-coin-necklace-rr9331,RR9331,David Webb,David Webb Coin Platinum & 18K Yellow Gold Hammered Coin Necklace,ACTIVE,Necklaces,true,already-tagged-and-conditioned
bv-hermes-collar-18k-yellow-gold-woven-collar-necklace-rr9152,RR9152,Hermès,Hermès Collar 18K Yellow Gold Woven Collar Necklace,ACTIVE,Necklaces,true,already-tagged-and-conditioned
bv-cartier-18k-tri-color-bullseye-tricolor-pendant-rr9099,RR9099,Cartier,Cartier 18K Tri Color Bullseye Tricolor Pendant,ACTIVE,Pendants,true,sku-already-ebay:cartier-18k-tri-color-bullseye-tricolor-pendant-rr9099
bv-david-webb-collar-platinum-18k-yellow-gold-black-enamel-diamond-collar-9-00cttw-necklace-rr9055,RR9055,David Webb,David Webb Collar Platinum & 18K Yellow Gold Black Enamel Diamond Collar 9.00cttw Necklace,ACTIVE,Necklaces,true,already-tagged-and-conditioned
bv-david-webb-collar-platinum-18k-yellow-gold-diamond-sapphire-rock-crystal-choker-necklace-rr9039,RR9039,David Webb,David Webb Collar Platinum & 18K Yellow Gold Diamond Sapphire Rock Crystal Choker Necklace,ACTIVE,Necklaces,true,already-tagged-and-conditioned
bv-tiffany-co-diamond-platinum-diamond-and-pearl-collar-necklace-rr8952,RR8952,Tiffany & Co.,Tiffany & Co. Diamond Platinum Diamond And Pearl Collar Necklace,ACTIVE,Necklaces,true,already-tagged-and-conditioned
bv-david-webb-jade-18k-yellow-gold-carved-jade-link-chain-necklace-rr8680,RR8680,David Webb,David Webb Jade 18K Yellow Gold Carved Jade Link Chain Necklace,ACTIVE,Necklaces,true,already-tagged-and-conditioned
bv-cartier-diamond-18k-white-gold-three-tiered-ring-pave-set-pendant-pendant-rr8660,RR8660,Cartier,Cartier Diamond 18K White Gold Three Tiered Ring Pave Set Pendant Pendant,ACTIVE,Pendants,true,already-tagged-and-conditioned
bv-van-cleef-arpels-diamond-18k-white-gold-fleurette-necklace-rr8307,RR8307,Van Cleef & Arpels,Van Cleef & Arpels Diamond 18K White Gold Fleurette Necklace,ACTIVE,Necklaces,true,already-tagged-and-conditioned
bv-david-webb-collar-platinum-18k-yellow-gold-25-carat-diamond-collar-necklace-rr8178,RR8178,David Webb,David Webb Collar Platinum & 18K Yellow Gold 25 Carat Diamond Collar Necklace,ACTIVE,Necklaces,true,already-tagged-and-conditioned
bv-david-webb-jade-platinum-18k-yellow-gold-jade-diamond-blue-enamel-necklace-rr8093,RR8093,David Webb,"David Webb Jade Platinum & 18K Yellow Gold Jade, Diamond, Blue Enamel Necklace",ACTIVE,Necklaces,true,already-tagged-and-conditioned
bv-chopard-diamond-18k-white-gold-happy-spirit-floating-diamond-pendant-rr7955,RR7955,Chopard,Chopard Diamond 18K White Gold Happy Spirit Floating Diamond Pendant,ARCHIVED,Pendants,false,status:ARCHIVED
bv-david-webb-turquoise-platinum-turquoise-and-diamond-necklace-rr7804,RR7804,David Webb,David Webb Turquoise Platinum Turquoise And Diamond Necklace,ACTIVE,Necklaces,true,already-tagged-and-conditioned
bv-david-webb-coral-18k-yellow-gold-large-coral-balls-string-circa-1960s-necklace-rr6491,RR6491,David Webb,David Webb Coral 18K Yellow Gold Large Coral Balls String Circa 1960s Necklace,ACTIVE,Necklaces,true,already-tagged-and-conditioned
bv-boucheron-music-platinum-1960s-111-carat-magnificent-musical-note-diamond-necklace-rr6421,RR6421,Boucheron,Boucheron Music Platinum 1960s 111 Carat Magnificent Musical Note Diamond Necklace,ACTIVE,Necklaces,true,already-tagged-and-conditioned
bv-david-webb-pearl-platinum-18k-yellow-gold-5-multi-colored-pearl-string-torsade-diamond-necklace-rr6370,RR6370,David Webb,David Webb Pearl Platinum & 18K Yellow Gold 5 Multi-Colored Pearl String Torsade Diamond Necklace,ACTIVE,Necklaces,true,already-tagged-and-conditioned
bv-david-webb-pearl-platinum-18k-yellow-gold-baraque-pearl-and-diamond-collar-necklace-rr6368,RR6368,David Webb,David Webb Pearl Platinum & 18K Yellow Gold Baraque Pearl And Diamond Collar Necklace,ACTIVE,Necklaces,true,already-tagged-and-conditioned
bv-aspery-platinum-flexible-27-carat-round-cut-diamond-bracelet-rr4836,RR4836,Asprey,Asprey Aspery Platinum Flexible 27 Carat Round Cut Diamond Bracelet,ACTIVE,Bracelets,true,already-tagged-and-conditioned
bv-david-webb-tiger-eye-platinum-18k-yellow-gold-tiger-eye-station-chain-circa-1970-necklace-rr4046,RR4046,David Webb,David Webb Tiger Eye Platinum & 18K Yellow Gold Tiger Eye Station Chain Circa 1970 Necklace,ACTIVE,Necklaces,true,already-tagged-and-conditioned
bv-cartier-love-18k-rose-gold-size-18-bracelet-j10230,J10230,Cartier,Cartier Love 18K Rose Gold Size 18 Bracelet,ACTIVE,Bracelets,true,sku-already-ebay:cartier-love-18k-rose-gold-size-18-bracelet-j10230
bv-cartier-love-18k-white-gold-10-diamonds-size-17-bracelet-j10229,J10229,Cartier,Cartier Love 18K White Gold 10 Diamonds Size 17 Bracelet,ACTIVE,Bracelets,true,already-tagged-and-conditioned
bv-david-webb-platinum-18k-yellow-gold-hammered-turquoise-cabochon-cut-cuff-bracelet-rr9396,RR9396,David Webb,David Webb Platinum & 18K Yellow Gold Hammered Turquoise Cabochon Cut Cuff Bracelet,ACTIVE,Bracelets,true,already-tagged-and-conditioned
bv-david-webb-platinum-18k-yellow-gold-zebra-enamel-diamond-bracelet-rr3992,RR3992,David Webb,David Webb Platinum & 18K Yellow Gold Zebra Enamel Diamond Bracelet,ACTIVE,Bracelets,true,already-tagged-and-conditioned
bv-cartier-juste-un-clou-18k-rose-gold-diamond-size-16-bracelet-j10217,J10217,Cartier,Cartier Juste Un Clou 18K Rose Gold Diamond Size 16 Bracelet,ACTIVE,Bracelets,true,already-tagged-and-conditioned
bv-cartier-love-18k-white-gold-4-diamonds-size-17-bracelet-j10213,J10213,Cartier,Cartier Love 18K White Gold 4 Diamonds Size 17 Bracelet,ACTIVE,Bracelets,true,already-tagged-and-conditioned
bv-cartier-juste-un-clou-18k-white-gold-diamond-size-18-bracelet-j10206,J10206,Cartier,Cartier Juste Un Clou 18K White Gold Diamond Size 18 Bracelet,ACTIVE,Bracelets,true,already-tagged-and-conditioned
bv-cartier-love-18k-white-gold-4-diamonds-size17-box-papers-bracelet-j10205,J10205,Cartier,Cartier Love 18K White Gold 4 Diamonds Size17 Box & Papers Bracelet,ACTIVE,Bracelets,true,already-tagged-and-conditioned
bv-david-webb-18k-yellow-gold-rock-crystal-open-link-bracelet-j10306,J10306,David Webb,David Webb 18K Yellow Gold Rock Crystal Open Link Bracelet,ACTIVE,Bracelets,true,already-tagged-and-conditioned
bv-tiffany-co-platinum-18k-gold-soleste-0-56ct-fancy-vivid-yellow-oval-cut-engagement-ring-j10303,J10303,Tiffany & Co.,"Tiffany & Co. Platinum, 18K Gold Soleste 0.56ct Fancy Vivid Yellow Oval Cut Engagement Ring",ACTIVE,Rings,true,already-tagged-and-conditioned
bv-cartier-18k-white-gold-trinity-dangle-black-ceramic-diamond-earrings-j10192,J10192,Cartier,Cartier 18K White Gold Trinity Dangle Black Ceramic Diamond Earrings,ACTIVE,Earrings,true,already-tagged-and-conditioned
bv-cartier-18k-white-gold-multirow-lignes-essentielles-ring-j10191,J10191,Cartier,Cartier 18K White Gold Multirow Lignes Essentielles Ring,ACTIVE,Rings,true,already-tagged-and-conditioned
bv-cartier-18k-tri-color-small-model-all-pave-set-ring-j10190,J10190,Cartier,Cartier 18K Tri Color Small Model All Pave Set Ring,ACTIVE,Rings,true,already-tagged-and-conditioned
bv-cartier-love-18k-white-gold-black-ceramic-motifs-ring-j10189,J10189,Cartier,Cartier Love 18K White Gold Black Ceramic Motifs Ring,ACTIVE,Rings,true,already-tagged-and-conditioned
bv-cartier-love-18k-rose-gold-mini-pave-diamond-ring-j10185,J10185,Cartier,Cartier Love 18K Rose Gold Mini Pave Diamond Ring,ACTIVE,Rings,true,sku-already-ebay:cartier-love-18k-rose-gold-mini-pave-diamond-ring-j10185
bv-cartier-juste-un-clou-18k-rose-gold-diamond-ring-j10183,J10183,Cartier,Cartier Juste Un Clou 18K Rose Gold Diamond Ring,ACTIVE,Rings,true,sku-already-ebay:cartier-juste-un-clou-18k-rose-gold-diamond-ring-j10183
bv-cartier-love-18k-white-gold-mini-diamond-ring-j10180,J10180,Cartier,Cartier Love 18K White Gold Mini Diamond Ring,ACTIVE,Rings,true,sku-already-ebay:cartier-love-18k-white-gold-mini-diamond-ring-j10180
bv-cartier-lanieres-18k-white-gold-lanieres-diamond-eu-52-ring-j10178,J10178,Cartier,"Cartier Lanieres 18K White Gold Lanieres Diamond, Eu 52 Ring",ACTIVE,Rings,true,already-tagged-and-conditioned
bv-cartier-love-18k-white-gold-classic-ring-j10176,J10176,Cartier,Cartier Love 18K White Gold Classic Ring,ACTIVE,Rings,true,sku-already-ebay:cartier-love-18k-white-gold-classic-ring-j10176
bv-cartier-love-18k-yellow-gold-3-diamond-size-54-ring-j10173,J10173,Cartier,"Cartier Love 18K Yellow Gold 3 Diamond, Size 54 Ring",ACTIVE,Rings,true,sku-already-ebay:cartier-love-18k-yellow-gold-3-diamond-size-54-ring-j10173
bv-cartier-juste-un-clou-18k-white-gold-diamond-tip-ring-j10171,J10171,Cartier,Cartier Juste Un Clou 18K White Gold Diamond Tip Ring,ACTIVE,Rings,true,sku-already-ebay:cartier-juste-un-clou-18k-white-gold-diamond-tip-ring-j10171
bv-cartier-trinity-18k-tri-color-diamond-pave-ring-j10170,J10170,Cartier,Cartier Trinity 18K Tri Color Diamond Pave Ring,ACTIVE,Rings,true,sku-already-ebay:cartier-trinity-18k-tri-color-diamond-pave-ring-j10170
bv-cartier-love-18k-white-gold-3-diamond-ring-j10168,J10168,Cartier,Cartier Love 18K White Gold 3 Diamond Ring,ACTIVE,Rings,true,sku-already-ebay:cartier-love-18k-white-gold-3-diamond-ring-j10168
bv-cartier-love-18k-white-gold-6-diamonds-size-18-bracelet-j10226,J10226,Cartier,Cartier Love 18K White Gold 6 Diamonds Size 18 Bracelet,ACTIVE,Bracelets,true,already-tagged-and-conditioned
bv-cartier-love-18k-yellow-gold-4-diamonds-size-19-box-and-papers-bracelet-j10225,J10225,Cartier,Cartier Love 18K Yellow Gold 4 Diamonds Size 19 Box And Papers Bracelet,ACTIVE,Bracelets,true,already-tagged-and-conditioned
bv-van-cleef-arpels-alhambra-18k-white-gold-diamond-bracelet-j10298,J10298,Van Cleef & Arpels,Van Cleef & Arpels Alhambra 18K White Gold Diamond Bracelet,ACTIVE,Bracelets,true,already-tagged-and-conditioned
bv-cartier-love-18k-white-gold-4-diamonds-size-17-with-certificate-bangle-bracelet-j10297,J10297,Cartier,Cartier Love 18K White Gold 4 Diamonds Size 17 With Certificate Bangle Bracelet,ACTIVE,Bracelets,true,already-tagged-and-conditioned
bv-marina-b-lucilla-18k-yellow-gold-spinel-tanzanite-diamond-and-sapphires-earrings-j10295,J10295,Marina B,"Marina B . Lucilla 18K Yellow Gold Spinel, Tanzanite, Diamond And Sapphires Earrings",ACTIVE,Earrings,true,already-tagged-and-conditioned
bv-tiffany-co-18k-yellow-gold-1970s-open-link-drapes-bracelet-j10294,J10294,Tiffany & Co.,Tiffany & Co. 18K Yellow Gold 1970's Open Link Drapes Bracelet,ACTIVE,Bracelets,true,already-tagged-and-conditioned
bv-bvlgari-parentesi-18k-yellow-gold-bj-01-h54486-watch-j10267,J10267,Bvlgari,Pre-Owned Bvlgari Parentesi 18K Yellow Gold Bj 01 H54486 Watch,ACTIVE,Watch,true,watch
bv-david-webb-18k-yellow-gold-white-enamel-1-75-inches-long-doorknocker-earrings-j10265,J10265,David Webb,David Webb 18K Yellow Gold White Enamel 1.75 Inches Long Doorknocker Earrings,ACTIVE,Earrings,true,already-tagged-and-conditioned
bv-david-webb-bombe-18k-white-gold-pave-round-cut-diamond-earrings-j10253,J10253,David Webb,David Webb Bombe 18K White Gold Pave Round Cut Diamond Earrings,ACTIVE,Earrings,true,already-tagged-and-conditioned
bv-van-cleef-arpels-18k-rose-gold-perlee-diamond-size-l-bangle-1-row-bracelet-j10112,J10112,Van Cleef & Arpels,Van Cleef & Arpels 18K Rose Gold Perlee Diamond Size L Bangle 1 Row Bracelet,ACTIVE,Bracelets,true,already-tagged-and-conditioned
bv-cartier-18k-yellow-gold-5-animal-33-inches-necklace-j10263,J10263,Cartier,Cartier 18K Yellow Gold 5 Animal 33 Inches Necklace,ACTIVE,Necklaces,true,already-tagged-and-conditioned
bv-cartier-18k-yellow-gold-c-de-cartier-full-diamond-ladies-bracelet-j10264,J10264,Cartier,Cartier 18K Yellow Gold C De Cartier Full Diamond Ladies Bracelet,ACTIVE,Bracelets,true,already-tagged-and-conditioned
bv-van-cleef-arpels-18k-yellow-gold-16-motif-magic-alhambra-necklace-j10244,J10244,Van Cleef & Arpels,Van Cleef & Arpels 18K Yellow Gold 16 Motif Magic Alhambra Necklace,ACTIVE,Necklaces,true,already-tagged-and-conditioned
bv-david-webb-18k-yellow-gold-snake-serpent-white-enamel-ruby-and-diamonds-ring-j10236,J10236,David Webb,David Webb 18K Yellow Gold Snake Serpent White Enamel Ruby And Diamonds Ring,ACTIVE,Rings,true,already-tagged-and-conditioned
bv-cartier-love-18k-white-gold-pave-diamonds-and-ceramic-motifs-size-19-bracelet-j10211,J10211,Cartier,Cartier Love 18K White Gold Pave Diamonds And Ceramic Motifs Size 19 Bracelet,ARCHIVED,Bracelets,false,status:ARCHIVED
bv-cartier-love-18k-white-gold-pave-diamonds-size-19-bracelet-j10210,J10210,Cartier,Cartier Love 18K White Gold Pave Diamonds Size 19 Bracelet,ACTIVE,Bracelets,true,already-tagged-and-conditioned
bv-cartier-panthere-18k-white-gold-pave-lakarda-ring-j10184,J10184,Cartier,Cartier Panthere 18K White Gold Pave Lakarda Ring,ACTIVE,Rings,true,already-tagged-and-conditioned
bv-cartier-love-18k-rose-gold-diamond-necklace-j10201,J10201,Cartier,Cartier Love 18K Rose Gold Diamond Necklace,ACTIVE,Necklaces,true,already-tagged-and-conditioned
bv-cartier-18k-white-gold-diamond-etincelle-pendant-j10198,J10198,Cartier,Cartier 18K White Gold Diamond Etincelle Pendant,ACTIVE,Pendants,true,already-tagged-and-conditioned
bv-david-webb-snake-platinum-18k,RR6269,David Webb,David Webb Snake Platinum & 18K Yellow Gold Diamonds Green Cabochon Red Ruby Bracelet,ARCHIVED,Bracelets,false,status:ARCHIVED
bv-cartier-love-18k-rose-gold-bangle-size-17-bracelet-j10208,J10208,Cartier,Cartier Love 18K Rose Gold Bangle Size 17 Bracelet,ACTIVE,Bracelets,true,sku-already-ebay:cartier-love-18k-rose-gold-bangle-size-17-bracelet-j10208
bv-cartier-love-18k-white-gold-love-size-18-bracelet-rr9205,RR9205,Cartier,Cartier Love 18K White Gold Love Size 18 Bracelet,ACTIVE,Bracelets,true,sku-already-ebay:cartier-love-18k-white-gold-love-size-18-bracelet-rr9205
bv-david-webb-platinum-9-92-cttw-diamond-and-pearl-day-to-night-earrings-rr7940,RR7940,David Webb,David Webb Platinum 9.92 CTTW Diamond And Pearl Day To Night Earrings,ACTIVE,Earrings,true,already-tagged-and-conditioned
bv-van-cleef-arpels-18k-white-gold-socrate-between-the-finger-diamond-ring-j10145,J10145,Van Cleef & Arpels,Van Cleef & Arpels 18K White Gold Socrate Flower Diamond Ring,ACTIVE,Rings,true,already-tagged-and-conditioned
bv-van-cleef-arpels-18k-white-gold-perlee-diamond-clovers-size-s-bracelet-j10144,J10144,Van Cleef & Arpels,Van Cleef & Arpels 18K White Gold Perlee Diamond Clovers Size S Bracelet,ACTIVE,Bracelets,true,already-tagged-and-conditioned
bv-van-cleef-arpels-18k-white-gold-perlee-clover-diamond-size-s-bracelet-j10143,J10143,Van Cleef & Arpels,Van Cleef & Arpels 18K White Gold Perlee Clover Diamond Size S Bracelet,ACTIVE,Bracelets,true,already-tagged-and-conditioned
bv-david-webb-platinum-18k-yellow-gold-stitch-round-diamond-bangle-bracelet-j10126,J10126,David Webb,David Webb Platinum & 18K Yellow Gold Stitch Round Diamond Bangle Bracelet,ACTIVE,Bracelets,true,already-tagged-and-conditioned
bv-david-webb-platinum-18k-yellow-gold-red-enamel-door-knockers-earrings-rr8336,RR8336,David Webb,David Webb Platinum & 18K Yellow Gold Red Enamel Door Knockers Earrings,ACTIVE,Earrings,true,already-tagged-and-conditioned
bv-van-cleef-arpels-18k-yellow-gold-rose-de-noel-2-inches-white-coral-brooch-j10127,J10127,Van Cleef & Arpels,Van Cleef & Arpels 18K Yellow Gold Rose De Noel 2 Inches Coral Brooch,ACTIVE,Brooches,true,already-tagged-and-conditioned
bv-david-webb-18k-yellow-gold-black-enamel-with-gemstones-and-diamonds-bracelet-j10101,J10101,David Webb,David Webb 18K Yellow Gold Black Enamel With Gemstones And Diamonds Bracelet,ACTIVE,Bracelets,true,already-tagged-and-conditioned
bv-vintage-18k-yellow-gold-vine-front-facing-hoop-earrings-rr9861,RR9861,Cartier,Cartier Vintage 18K Yellow Gold Vine Front Facing Hoop Earrings,ACTIVE,Earrings,true,already-tagged-and-conditioned
bv-david-webb-platinum-18k-yellow-gold-stripe-black-enamel-diamond-zig-zag-bracelet-rr9601,RR9601,David Webb,David Webb Platinum & 18K Yellow Gold Stripe Black Enamel Diamond Zig Zag Bracelet,ACTIVE,Bracelets,true,already-tagged-and-conditioned
bv-bvlgari-18k-yellow-gold-lycea-pearl-chain-33-inches-long-necklace-j10084,J10084,Bvlgari,Bvlgari 18K Yellow Gold Lycea Pearl Chain 33 Inches Long Necklace,ACTIVE,Necklaces,true,already-tagged-and-conditioned
bv-bvlgari-18k-yellow-gold-34-inches-curb-link-necklace-j10085,J10085,Bvlgari,Bvlgari 18K Yellow Gold 34 Inches Curb Link Necklace,ACTIVE,Necklaces,true,already-tagged-and-conditioned
bv-van-cleef-arpels-18k-yellow-gold-bouton-dor-medium-model-diamond-dial-watch-j10077,J10077,Van Cleef & Arpels,Pre-Owned Van Cleef & Arpels 18K Yellow Gold Bouton D'or Medium Model Diamond Dial Watch,ARCHIVED,Watch,true,watch
bv-van-cleef-arpels-18k-yellow-gold-30-inches-convertable-bracelet-brooch-necklace-j10064,J10064,Van Cleef & Arpels,Van Cleef & Arpels 18K Yellow Gold 30 Inches Convertable Bracelet Brooch Necklace,ACTIVE,Necklaces,true,already-tagged-and-conditioned
bv-cartier-18k-yellow-gold-panthere-black-enamel-spotted-brooch-rr9953,RR9953,Cartier,Cartier 18K Yellow Gold Panthere Black Enamel Spotted Brooch,ACTIVE,Brooches,true,already-tagged-and-conditioned
bv-david-webb-platinum-18k-yellow-gold-red-enamel-diamond-dome-ring-rr9951,RR9951,David Webb,David Webb Platinum & 18K Yellow Gold Red Enamel Diamond Dome Ring,ACTIVE,Rings,true,already-tagged-and-conditioned
bv-tiffany-co-schlumberger-platinum-18k-yellow-gold-blue-enamel-diamond-bracelet-rr8382,RR8382,Tiffany & Co.,Tiffany & Co. Schlumberger Platinum & 18K Yellow Gold Blue Enamel Diamond Bracelet,ACTIVE,Bracelets,true,already-tagged-and-conditioned
bv-david-webb-18k-yellow-gold-black-enamel-ruby-and-diamond-earrings-j10087,J10087,David Webb,"David Webb 18K Yellow Gold Black Enamel, Ruby And Diamond Earrings",ACTIVE,Earrings,true,already-tagged-and-conditioned
bv-david-webb-platinum-18k-yellow-gold-double-lion-black-enamel-sapphire-eyes-diamonds-bracelet-rr9049,RR9049,David Webb,David Webb Platinum & 18K Yellow Gold Double Lion Black Enamel Sapphire Eyes Diamonds Bracelet,ACTIVE,Bracelets,true,already-tagged-and-conditioned
bv-van-cleef-arpels-18k-yellow-gold-1970s-blue-enamel-ring-and-earrings-jewelry-set-rr9854,RR9854,Van Cleef & Arpels,Van Cleef & Arpels 18K Yellow Gold 1970's Blue Enamel Ring And Earrings Jewelry Set,ACTIVE,Jewelry,true,already-tagged-and-conditioned
bv-david-webb-18k-yellow-gold-hammered-textured-door-knockers-earrings-rr9872,RR9872,David Webb,David Webb 18K Yellow Gold Hammered Textured Door Knockers Earrings,ACTIVE,Earrings,true,already-tagged-and-conditioned
bv-bvlgari-18k-rose-gold-serpent-diamond-and-emerald-earrings-rr9868,RR9868,Bvlgari,Bvlgari 18K Rose Gold Serpent Diamond And Emerald Earrings,ACTIVE,Earrings,true,already-tagged-and-conditioned
bv-van-cleef-arpels-18k-yellow-gold-green-emerald-yellow-sapphire-mother-of-pearl-necklace-j10073,J10073,Van Cleef & Arpels,"Van Cleef & Arpels 18K Yellow Gold Green Emerald, Yellow Sapphire, Mother Of Pearl Necklace",ACTIVE,Necklaces,true,already-tagged-and-conditioned
bv-van-cleef-arpels-18k-yellow-gold-rose-de-noel-white-coral-large-model-brooch-j10072,J10072,Van Cleef & Arpels,Van Cleef & Arpels 18K Yellow Gold Rose De Noel White Coral Large Model Brooch,ACTIVE,Brooches,true,already-tagged-and-conditioned
bv-graff-18k-white-gold-threads-baguette-and-round-earrings-j10068,J10068,Graff,Graff 18K White Gold Threads Baguette And Round Earrings,ACTIVE,Earrings,true,already-tagged-and-conditioned
bv-chopard-happy-diamonds-18k-yellow-gold-three-diamond-floating-0-25cttw-earrings-j10054,J10054,Chopard,Chopard Happy Diamonds 18K Yellow Gold Three Diamond Floating 0.25cttw Earrings,ARCHIVED,Earrings,false,status:ARCHIVED
bv-david-webb-platinum-18k-yellow-gold-baroque-pearl-diamond-ring-rr9866,RR9866,David Webb,David Webb Platinum & 18K Yellow Gold Baroque Pearl Diamond Ring,ACTIVE,Rings,true,already-tagged-and-conditioned
bv-graff-18k-white-gold-15-75cttw-diamond-necklace-rr9863,RR9863,Graff,Graff 18K White Gold 15.75cttw Diamond Necklace,ACTIVE,Necklaces,true,already-tagged-and-conditioned
bv-david-webb-platinum-18k-yellow-gold-pagoda-tassel-drop-earrings-rr9943,RR9943,David Webb,David Webb Platinum & 18K Yellow Gold Pagoda Tassel Drop Earrings,ACTIVE,Earrings,true,already-tagged-and-conditioned
bv-tiffany-co-schlumberger-platinum-18k-yellow-gold-blue-enamel-and-diamond-earrings-rr9857,RR9857,Tiffany & Co.,Tiffany & Co. Schlumberger Platinum & 18K Yellow Gold Blue Enamel And Diamond Earrings,ACTIVE,Earrings,true,already-tagged-and-conditioned
bv-cartier-18k-white-gold-pave-diamond-heart-necklace-rr9853,RR9853,Cartier,Cartier 18K White Gold Pave Diamond Heart Necklace,ACTIVE,Necklaces,true,sku-already-ebay:cartier-18k-white-gold-pave-diamond-heart-necklace-rr9853
bv-david-webb-platinum-18k-yellow-gold-carved-coral-mountain-goat-capricorn-brooch-rr9839,RR9839,David Webb,David Webb Platinum & 18K Yellow Gold Carved Coral Mountain Goat Capricorn Brooch,ACTIVE,Brooches,true,already-tagged-and-conditioned
bv-david-webb-18k-yellow-gold-jade-and-turquoise-door-knocker-earrings-rr9924,RR9924,David Webb,David Webb 18K Yellow Gold Jade And Turquoise Door Knocker Earrings,ACTIVE,Earrings,true,already-tagged-and-conditioned
bv-david-webb-18k-yellow-gold-french-chinos-carved-jade-pendant-rr9920,RR9920,David Webb,David Webb 18K Yellow Gold French Chinos Carved Jade Pendant,ACTIVE,Pendants,true,already-tagged-and-conditioned
bv-david-webb-18k-yellow-gold-cabochon-cut-green-emerald-and-diamond-heraldic-brooch-rr9918,RR9918,David Webb,David Webb 18K Yellow Gold Cabochon Cut Green Emerald And Diamond Heraldic Brooch,ACTIVE,Brooches,true,already-tagged-and-conditioned
bv-cartier-18k-rose-gold-captive-55mm-diamond-bezel-and-diamond-dial-watch-rr9917,RR9917,Cartier,Pre-Owned Cartier 18K Rose Gold Captive 55mm Diamond Bezel And Diamond Dial Watch,ACTIVE,Watch,true,watch
bv-david-webb-18k-yellow-gold-1960s-tiger-eye-long-bead-with-a-frog-necklace-rr9915,RR9915,David Webb,David Webb 18K Yellow Gold 1960's Tiger Eye Long Bead With A Frog Necklace,ACTIVE,Necklaces,true,already-tagged-and-conditioned
bv-cartier-delices-de-goa-amethyst-coral-and-diamond-ring-rr9837,RR9837,Cartier,"Cartier Delices De Goa Amethyst, Coral And Diamond Ring",ACTIVE,Rings,true,already-tagged-and-conditioned
bv-chopard-18k-yellow-gold-happy-diamond-round-1-20cttw-stud-earrings-j10036,J10036,Chopard,Chopard 18K Yellow Gold Happy Diamond Round 1.20cttw Stud Earrings,ACTIVE,Earrings,true,sku-already-ebay:chopard-18k-yellow-gold-happy-diamond-round-1-20cttw-stud-earrings-j10036
bv-cartier-18k-tri-color-trinity-diamond-spotted-panthere-circle-necklace-rr9962,RR9962,Cartier,Cartier 18K Tri Color Trinity Diamond Spotted Panthere Circle Necklace,ACTIVE,Necklaces,true,already-tagged-and-conditioned
bv-david-webb-platinum-18k-yellow-gold-coral-carved-black-enamel-oval-clip-earrings-rr9836,RR9836,David Webb,David Webb Platinum & 18K Yellow Gold Coral Carved Black Enamel Oval Clip Earrings,ACTIVE,Earrings,true,already-tagged-and-conditioned
bv-david-webb-platinum-18k-yellow-gold-white-enamel-bombe-dome-geodesic-earrings-rr9835,RR9835,David Webb,David Webb Platinum & 18K Yellow Gold White Enamel Bombe Dome Geodesic Earrings,ACTIVE,Earrings,true,already-tagged-and-conditioned
bv-tiffany-co-schlumberger-platinum-18k-yellow-gold-banana-black-enamel-earrings-rr9820,RR9820,Tiffany & Co.,Tiffany & Co. Schlumberger Platinum & 18K Yellow Gold Banana Black Enamel Earrings,ACTIVE,Earrings,true,already-tagged-and-conditioned
bv-cartier-18k-white-gold-diamond-and-onyx-menotte-ring-rr9772,RR9772,Cartier,Cartier 18K White Gold Diamond And Onyx Menotte Ring,ACTIVE,Rings,true,already-tagged-and-conditioned
bv-david-webb-platinum-18k-yellow-gold-jade-textured-drop-earrings-rr9747,RR9747,David Webb,David Webb Platinum & 18K Yellow Gold Jade Textured Drop Earrings,ACTIVE,Earrings,true,already-tagged-and-conditioned
bv-david-webb-18k-yellow-gold-spike-black-enamel-pyramid-slip-on-bracelet-rr9725,RR9725,David Webb,David Webb 18K Yellow Gold Spike Black Enamel Pyramid Slip On Bracelet,ACTIVE,Bracelets,true,already-tagged-and-conditioned
bv-marina-b-18k-yellow-gold-green-emerald-and-diamond-cuff-bracelet-rr9912,RR9912,Marina B,Marina B . 18K Yellow Gold Green Emerald And Diamond Cuff Bracelet,ACTIVE,Bracelets,true,already-tagged-and-conditioned
bv-david-webb-platinum-1960s-pearl-multi-string-diamond-clasp-bracelet-rr9904,RR9904,David Webb,David Webb Platinum 1960's Pearl Multi-String Diamond Clasp Bracelet,ACTIVE,Bracelets,true,already-tagged-and-conditioned
bv-david-webb-platinum-18k-yellow-gold-turquoise-lapis-and-diamond-clip-on-earrings-rr9879,RR9879,David Webb,David Webb Platinum & 18K Yellow Gold Turquoise Lapis And Diamond Clip On Earrings,ACTIVE,Earrings,true,already-tagged-and-conditioned
bv-david-webb-platinum-18k-yellow-gold-8-75cttw-round-diamond-crossover-bracelet-rr8229,RR8229,David Webb,David Webb Platinum & 18K Yellow Gold 8.75cttw Round Diamond Crossover Bracelet,ACTIVE,Bracelets,true,already-tagged-and-conditioned
bv-david-webb-platinum-18k-yellow-gold-pave-set-diamonds-and-black-enamel-ring-rr9898,RR9898,David Webb,David Webb Platinum & 18K Yellow Gold Pave Set Diamonds And Black Enamel Ring,ACTIVE,Rings,true,already-tagged-and-conditioned
bv-cartier-panthere-18k-yellow-gold-black-onyx-nose-and-green-eyes-cuff-links-rr9895,RR9895,Cartier,Cartier Panthere 18K Yellow Gold Black Onyx Nose And Green Eyes Cuff Links,ARCHIVED,Cufflinks,false,status:ARCHIVED
bv-david-webb-platinum-18k-yellow-gold-cabochon-pear-shaped-lapis-and-diamond-clip-earrings-rr9818,RR9818,David Webb,David Webb Platinum & 18K Yellow Gold Cabochon Pear Shaped Lapis And Diamond Clip Earrings,ACTIVE,Earrings,true,already-tagged-and-conditioned
bv-david-webb-platinum-18k-yellow-gold-coral-onyx-turquoise-necklace-rr9814,RR9814,David Webb,"David Webb Platinum & 18K Yellow Gold Coral, Onyx, Turquoise Necklace",ACTIVE,Necklaces,true,already-tagged-and-conditioned
bv-van-cleef-arpels-18k-yellow-gold-manchette-hammered-cuff-bracelet-rr9813,RR9813,Van Cleef & Arpels,Van Cleef & Arpels 18ky Gold “jackie O” Manchette Cuff Bracelet,ACTIVE,Bracelets,true,already-tagged-and-conditioned
bv-david-webb-platinum-18k-yellow-gold-with-bark-finish-estate-step-ring-rr9808,RR9808,David Webb,David Webb Platinum & 18K Yellow Gold With Bark Finish Estate Step Ring,ACTIVE,Rings,true,already-tagged-and-conditioned
bv-david-webb-18k-yellow-gold-black-and-white-enamel-diamond-ring-rr9776,RR9776,David Webb,David Webb 18K Yellow Gold Black And White Enamel Diamond Ring,ACTIVE,Rings,true,already-tagged-and-conditioned
bv-harry-winston-platinum-7-charm-vintage-bracelet-rr9865,RR9865,Harry Winston,Harry Winston Platinum 7 Charm Vintage Bracelet,ACTIVE,Bracelets,true,already-tagged-and-conditioned
bv-van-cleef-arpels-18k-yellow-gold-5-row-pave-round-cut-diamond-ring-rr9809,RR9809,Van Cleef & Arpels,Van Cleef & Arpels 18K Yellow Gold 5 Row Pave Round Cut Diamond Ring,ACTIVE,Rings,true,already-tagged-and-conditioned
bv-david-webb-18k-yellow-gold-zebra-style-pave-diamond-set-dome-clip-on-earrings-rr9723,RR9723,David Webb,David Webb 18K Yellow Gold Zebra Style Pave Diamond Set Dome Clip On Earrings,ACTIVE,Earrings,true,already-tagged-and-conditioned
bv-david-webb-platinum-18k-yellow-gold-white-enamel-and-diamond-mini-hoop-earrings-rr9722,RR9722,David Webb,David Webb Platinum & 18K Yellow Gold White Enamel And Diamond Mini Hoop Earrings,ACTIVE,Earrings,true,already-tagged-and-conditioned
bv-cartier-18k-two-tone-honeymoon-huggie-earrings-rr9761,RR9761,Cartier,Cartier 18K Two Tone Honeymoon Huggie Earrings,ACTIVE,Earrings,true,already-tagged-and-conditioned
bv-cartier-18k-white-and-rose-gold-love-12-diamonds-size-17-bracelet-rr9750,RR9750,Cartier,Cartier 18K White And Rose Gold Love 12 Diamonds Size 17 Bracelet,ACTIVE,Bracelets,true,already-tagged-and-conditioned
bv-cartier-18k-yellow-gold-double-panthere-ring-rr9746,RR9746,Cartier,Cartier 18K Yellow Gold Double Panthere Ring,ARCHIVED,Rings,false,status:ARCHIVED
bv-cartier-paris-nouvelle-vague-18k-yellow-gold-blue-lapis-and-diamond-ring-rr9724,RR9724,Cartier,Cartier Paris Nouvelle Vague 18K Yellow Gold Blue Lapis And Diamond Ring,ACTIVE,Rings,true,already-tagged-and-conditioned
bv-david-webb-platinum-18k-yellow-gold-bombe-highly-decorated-diamond-sapphire-and-emerald-earrings-rr7070,RR7070,David Webb,"David Webb Platinum & 18K Yellow Gold Bombe Highly Decorated Diamond, Sapphire And Emerald Clip Earrings",ACTIVE,Earrings,true,already-tagged-and-conditioned
bv-david-webb-platinum-40-carat-diamond-feather-set-of-two-brooch-rr6784,RR6784,David Webb,David Webb Platinum 40 Carat Diamond Feather Set Of Two Brooch,ACTIVE,Brooches,true,already-tagged-and-conditioned
bv-cartier-18k-white-gold-maillon-panthere-hoop-earrings-rr9795,RR9795,Cartier,Cartier 18K White Gold Maillon Panthere Hoop Earrings,ACTIVE,Earrings,true,already-tagged-and-conditioned
bv-cartier-18k-yellow-gold-1970s-cascade-earrings-rr9705,RR9705,Cartier,Cartier 18K Yellow Gold 1970's Cascade Earrings,ACTIVE,Earrings,true,already-tagged-and-conditioned
bv-david-webb-18k-yellow-gold-star-sapphire-nephrite-jade-ring-rr7335,RR7335,David Webb,David Webb 18K Yellow Gold Star Sapphire Nephrite Jade Ring,ARCHIVED,Rings,true,status:ARCHIVED
bv-tiffany-co-paloma-picasso-18k-yellow-gold-blue-enamel-star-bracelet-rr9698,RR9698,Tiffany & Co.,Tiffany & Co. Paloma Picasso 18K Yellow Gold Blue Enamel Star Bracelet,ACTIVE,Bracelets,true,already-tagged-and-conditioned
bv-david-webb-platinum-18k-yellow-4,RR9693,David Webb,David Webb Platinum & 18K Yellow Gold Pave Hammered Diamond Cocktail Ring,ACTIVE,Rings,true,already-tagged-and-conditioned
bv-chopard-platinum-deco-diamond-and-green-emerald-watch-rr9688,RR9688,Chopard,Pre-Owned Chopard Platinum Deco Diamond And Green Emerald Women Watch,ACTIVE,Watch,true,watch
bv-cartier-18k-white-gold-love-black-ceramic-eu-49-ring-rr9687,RR9687,Cartier,Cartier 18K White Gold Love Black Ceramic Eu 49 Ring,ACTIVE,Rings,true,sku-already-ebay:cartier-18k-white-gold-love-black-ceramic-eu-49-ring-rr9687
bv-cartier-18k-yellow-gold-1970s-wire-twist-disk-chain-necklace-rr9706,RR9706,Cartier,Cartier 18K Yellow Gold 1970's Wire Twist Disk Chain Necklace,ACTIVE,Necklaces,true,already-tagged-and-conditioned
bv-bvlgari-18k-yellow-gold-1960s-diamond-link-18-inches-necklace-rr9657,RR9657,Bvlgari,Bvlgari 18K Yellow Gold 1960's Diamond Link Chain,ACTIVE,Necklaces,true,already-tagged-and-conditioned
bv-van-cleef-arpels-18k-yellow-gold-1960s-cabochon-cut-green-emerald-and-diamond-ring-rr9656,RR9656,Van Cleef & Arpels,Van Cleef & Arpels 18K Yellow Gold 1960's Cabochon Cut Green Emerald And Diamond Ring,ACTIVE,Rings,true,already-tagged-and-conditioned
bv-tiffany-co-schlumberger-18k-yellow-gold-dark-green-enamel-and-diamond-bracelet-rr9636,RR9636,Tiffany & Co.,Tiffany & Co. Schlumberger 18K Yellow Gold Dark Green Enamel And Diamond Bracelet,ACTIVE,Bracelets,true,already-tagged-and-conditioned
bv-tiffany-co-legacy-platinum-1-50cttw-round-diamond-ring-rr9202,RR9202,Tiffany & Co.,Tiffany & Co. Legacy Platinum 1.50cttw Round Diamond Ring,ACTIVE,Rings,true,sku-already-ebay:tiffany-co-legacy-platinum-1-50cttw-round-diamond-ring-rr9202
bv-cartier-platinum-5-50cttw-princess-cut-diamond-eternity-eu-49-ring-rr9633,RR9633,Cartier,Cartier Platinum 5.50cttw Princess Cut Diamond Eternity Eu 49 Ring,ACTIVE,Rings,true,already-tagged-and-conditioned
bv-cartier-18k-yellow-gold-trinity-diamond-slip-on-bracelet-rr9627,RR9627,Cartier,Cartier 18K Yellow Gold Trinity Diamond Slip On Bracelet,ACTIVE,Bracelets,true,already-tagged-and-conditioned
bv-hermes-18k-yellow-gold-clic-clac-h-diamond-black-enamel-bracelet-rr9622,RR9622,Hermès,Hermès 18K Yellow Gold Clic Clac H Diamond Black Enamel Bracelet,ACTIVE,Bracelets,true,already-tagged-and-conditioned
bv-david-webb-platinum-18k-yellow-gold-zig-zag-diamond-motif-white-enamel-bangle-bracelet-rr9600,RR9600,David Webb,David Webb Platinum & 18K Yellow Gold Zig Zag Diamond Motif White Enamel Bangle Bracelet,ACTIVE,Bracelets,true,already-tagged-and-conditioned
bv-van-cleef-arpels-18k-yellow-gold-sapphire-and-diamond-hoop-earrings-rr9592,RR9592,Van Cleef & Arpels,Van Cleef & Arpels 18K Yellow Gold Sapphire And Diamond Hoop Earrings,ACTIVE,Earrings,true,already-tagged-and-conditioned
bv-tiffany-co-schlumberger-platinum-18k-yellow-gold-vigne-diamond-ring-rr9589,RR9589,Tiffany & Co.,Tiffany & Co. Schlumberger Platinum & 18K Yellow Gold Vigne Diamond Ring,ACTIVE,Rings,true,already-tagged-and-conditioned
bv-david-webb-bombe-platinum-18k-yellow-gold-lozenge-detail-white-enamel-clip-on-earrings-rr9580,RR9580,David Webb,David Webb Bombe Platinum & 18K Yellow Gold Lozenge Detail White Enamel Clip On Earrings,ACTIVE,Earrings,true,already-tagged-and-conditioned
bv-david-webb-platinum-18k-yellow-gold-double-head-lion-ring-rr9571,RR9571,David Webb,David Webb Platinum & 18K Yellow Gold Double Head Lion Ring,ACTIVE,Rings,true,already-tagged-and-conditioned
bv-tiffany-co-schlumberger-platinum-18k-yellow-gold-lozenge-blue-enamel-earrings-rr9570,RR9570,Tiffany & Co.,Tiffany & Co. Schlumberger Platinum & 18K Yellow Gold Lozenge Blue Enamel Earrings,ACTIVE,Earrings,true,already-tagged-and-conditioned
bv-tiffany-co-schlumberger-platinum-18k-yellow-gold-red-enamel-diamond-earrings-rr9569,RR9569,Tiffany & Co.,Tiffany & Co. Schlumberger Platinum & 18K Yellow Gold Red Enamel Diamond Earrings,ACTIVE,Earrings,true,already-tagged-and-conditioned
bv-david-webb-platinum-18k-yellow-gold-textured-diamond-nugget-bracelet-rr9545,RR9545,David Webb,David Webb Platinum & 18K Yellow Gold Textured Diamond Nugget Bracelet,ACTIVE,Bracelets,true,already-tagged-and-conditioned
bv-david-webb-platinum-18k-yellow-gold-diamond-sapphire-and-ruby-ring-rr9517,RR9517,David Webb,David Webb Platinum & 18K Yellow Gold Diamond Sapphire And Ruby Ring,ACTIVE,Rings,true,already-tagged-and-conditioned
bv-david-webb-platinum-diamond-panthere-6-50cttw-earrings-rr9554,RR9554,David Webb,David Webb Platinum Diamond Panthere 6.50cttw Earrings,ACTIVE,Earrings,true,already-tagged-and-conditioned
bv-cartier-14k-yellow-gold-1881-coin-e-pluribus-money-clip-rr9527,RR9527,Cartier,Cartier 14K Yellow Gold 1881 Coin E Pluribus Money Clip,ACTIVE,Brooches,true,sku-already-ebay:cartier-14k-yellow-gold-1881-coin-e-pluribus-money-clip-rr9527
bv-cartier-platinum-18k-yellow-gold-walking-panthere-earrings-rr9525,RR9525,Cartier,Cartier Platinum & 18K Yellow Gold Walking Panthere Earrings,ACTIVE,Earrings,true,already-tagged-and-conditioned
bv-david-webb-platinum-18k-yellow-gold-carved-coral-diamond-rim-ring-rr9431,RR9431,David Webb,David Webb Platinum & 18K Yellow Gold Carved Coral Diamond Rim Ring,ACTIVE,Rings,true,already-tagged-and-conditioned
bv-david-webb-18k-white-gold-12-50cttw-round-button-coral-and-daimond-clip-earrings-rr9498,RR9498,David Webb,David Webb 18K White Gold 12.50cttw Round Button Coral And Daimond Clip Earrings,ACTIVE,Earrings,true,already-tagged-and-conditioned
bv-david-webb-platinum-18k-yellow-gold-coral-and-4-00cttw-diamond-drop-earrings-rr9474,RR9474,David Webb,David Webb Platinum & 18K Yellow Gold Coral And 4.00cttw Diamond Drop Earrings,ARCHIVED,Earrings,false,status:ARCHIVED
bv-david-webb-platinum-18k-yellow-gold-marquise-coral-and-5-00cttw-diamond-bracelet-rr9473,RR9473,David Webb,David Webb Platinum & 18K Yellow Gold Marquise Coral And 5.00cttw Diamond Bracelet,ACTIVE,Bracelets,true,already-tagged-and-conditioned
bv-david-webb-yellow-gold-large-square-cushion-brown-enamel-clip-ons-earrings-rr9469,RR9469,David Webb,David Webb Yellow Gold Large Square Cushion Brown Enamel Clip-Ons Earrings,ACTIVE,Earrings,true,already-tagged-and-conditioned
bv-bvlgari-18k-white-gold-diamond-and-pearl-cuff-bangle-bracelet-rr9458,RR9458,Bvlgari,Bvlgari 18K White Gold Diamond And Pearl Cuff Bangle Bracelet,ACTIVE,Bracelets,true,already-tagged-and-conditioned
bv-david-webb-platinum-18k-yellow-gold-hammered-scrolled-clip-earrings-rr9434,RR9434,David Webb,David Webb Platinum & 18K Yellow Gold Hammered Scrolled Clip Earrings,ACTIVE,Earrings,true,already-tagged-and-conditioned
bv-david-webb-18k-yellow-gold-black-enamel-jockey-horse-cuff-links-rr9412,RR9412,David Webb,David Webb 18K Yellow Gold Black Enamel Jockey Horse Cuff Links,ACTIVE,Cufflinks,true,already-tagged-and-conditioned
bv-david-webb-platinum-18k-yellow-gold-white-enamel-and-diamond-ring-rr9482,RR9482,David Webb,David Webb Platinum & 18K Yellow Gold White Enamel And Diamond Ring,ACTIVE,Rings,true,title-vendor-already-ebay:bv-david-webb-platinum-18k-yellow-gold-white-enamel-and-diamond-ring-rr7757
bv-david-webb-platinum-carved-green-emerald-and-diamond-drop-earrings-rr9477,RR9477,David Webb,David Webb Platinum Carved Green Emerald And Diamond Drop Earrings,ACTIVE,Earrings,true,already-tagged-and-conditioned
bv-david-webb-14k-white-gold-carved-jade-ring-rr9246,RR9246,David Webb,David Webb 14K White Gold Carved Jade Ring,ACTIVE,Rings,true,already-tagged-and-conditioned
bv-david-webb-18k-yellow-gold-lion-with-emerald-eye-brooch-rr9467,RR9467,David Webb,David Webb 18K Yellow Gold Lion With Emerald Eye Brooch,ACTIVE,Brooches,true,already-tagged-and-conditioned
bv-david-webb-bypass-18k-yellow-gold-bypass-fluted-crossover-bracelet-rr9465,RR9465,David Webb,David Webb Bypass 18K Yellow Gold Bypass Fluted Crossover Bracelet,ACTIVE,Bracelets,true,already-tagged-and-conditioned
bv-bvlgari-18k-white-gold-45-carat-pave-round-cut-diamond-twist-earrings-rr9460,RR9460,Bvlgari,Bvlgari 18K White Gold 45 Carat Pave Round Cut Diamond Twist Earrings,ACTIVE,Earrings,true,already-tagged-and-conditioned
bv-david-webb-platinum-18k-yellow-gold-hammered-organic-design-clip-earrings-rr9432,RR9432,David Webb,David Webb Platinum & 18K Yellow Gold Hammered Organic Design Clip Earrings,ACTIVE,Earrings,true,already-tagged-and-conditioned
bv-david-webb-platinum-18k-yellow-gold-apes-bracelet-rr7545,RR7545,David Webb,David Webb Platinum & 18K Yellow Gold Apes Bracelet,ACTIVE,Bracelets,true,already-tagged-and-conditioned
bv-david-webb-platinum-18k-yellow-gold-rock-crystal-cross-hatched-bracelet-rr9447,RR9447,David Webb,David Webb Platinum & 18K Yellow Gold Rock Crystal Cross Hatched Bracelet,ACTIVE,Bracelets,true,already-tagged-and-conditioned
bv-cartier-love-18k-rose-gold-4-diamond-size-16-bracelet-rr9436,RR9436,Cartier,Cartier Love 18K Rose Gold 4 Diamond Size 16 Bracelet,ACTIVE,Bracelets,true,already-tagged-and-conditioned
bv-david-webb-18k-yellow-gold-repousee-leopard-with-green-emerald-eyes-bracelet-rr9435,RR9435,David Webb,David Webb 18K Yellow Gold Repousee Leopard With Green Emerald Eyes Bracelet,ACTIVE,Bracelets,true,already-tagged-and-conditioned
bv-david-webb-platinum-18k-yellow-gold-white-enamel-diamond-goat-brooch-rr8370,RR8370,David Webb,David Webb Platinum & 18K Yellow Gold White Enamel Diamond Goat Brooch,ACTIVE,Brooches,true,already-tagged-and-conditioned
bv-david-webb-platinum-18k-yellow-gold-diamond-and-black-enamel-tiger-bracelet-rr6979,RR6979,David Webb,David Webb Platinum & 18K Yellow Gold Diamond And Black Enamel Tiger Bracelet,ARCHIVED,Bracelets,false,status:ARCHIVED
bv-david-webb-platinum-18k-yellow-gold-black-striped-tiger-with-emerald-ruby-pearl-brooch-rr6970,RR6970,David Webb,David Webb Platinum & 18K Yellow Gold Black Striped Tiger With Emerald Ruby Pearl Brooch,ACTIVE,Brooches,true,already-tagged-and-conditioned
bv-david-webb-tiger-platinum-18k-yellow-gold-enamel-stripped-bracelet-rr6268,RR6268,David Webb,David Webb Tiger Platinum & 18K Yellow Gold Enamel Stripped Bracelet,ACTIVE,Bracelets,true,already-tagged-and-conditioned
bv-david-webb-platinum-18k-yellow-gold-white-enamel-bull-with-ruby-eyes-cuff-links-rr9411,RR9411,David Webb,David Webb Platinum & 18K Yellow Gold White Enamel Bull With Ruby Eyes Cuff Links,ACTIVE,Cufflinks,true,already-tagged-and-conditioned
bv-cartier-18k-yellow-gold-barbell-cuff-links-rr9408,RR9408,Cartier,Cartier 18K Yellow Gold Barbell Cuff Links,ACTIVE,Cufflinks,true,sku-already-ebay:cartier-18k-yellow-gold-barbell-cuff-links-rr9408
bv-david-webb-platinum-18k-yellow-gold-black-enamel-goat-diamond-brooch-rr8255,RR8255,David Webb,David Webb Platinum & 18K Yellow Gold Black Enamel Goat Diamond Brooch,ACTIVE,Brooches,true,already-tagged-and-conditioned
bv-david-webb-platinum-18k-yellow-gold-white-enamel-floral-motif-open-link-bracelet-rr9107,RR9107,David Webb,David Webb Platinum & 18K Yellow Gold White Enamel Floral Motif Open Link Bracelet,ACTIVE,Bracelets,true,already-tagged-and-conditioned
bv-david-webb-platinum-18k-yellow-gold-scrolled-hammered-brooch-rr9358,RR9358,David Webb,David Webb Platinum & 18K Yellow Gold Scrolled Hammered Brooch,ACTIVE,Brooches,true,already-tagged-and-conditioned
bv-david-webb-platinum-18k-yellow-gold-coral-onyx-and-diamond-ring-rr9357,RR9357,David Webb,"David Webb Platinum & 18K Yellow Gold Coral, Onyx And Diamond Ring",ACTIVE,Rings,true,already-tagged-and-conditioned
bv-david-webb-platinum-18k-yellow-gold-black-enamel-and-diamond-cocktail-ring-rr9383,RR9383,David Webb,David Webb Platinum & 18K Yellow Gold Black Enamel And Diamond Cocktail Ring,ACTIVE,Rings,true,already-tagged-and-conditioned
bv-david-webb-platinum-18k-yellow-gold-citrine-hammered-finish-cocktail-ring-rr9337,RR9337,David Webb,David Webb Platinum & 18K Yellow Gold Citrine Hammered Finish Cocktail Ring,ACTIVE,Rings,true,already-tagged-and-conditioned
bv-david-webb-platinum-18k-yellow-gold-turquoise-diamond-and-ruby-pendant-rr9351,RR9351,David Webb,"David Webb Platinum & 18K Yellow Gold Turquoise, Diamond And Ruby Pendant",ACTIVE,Pendants,true,already-tagged-and-conditioned
bv-van-cleef-arpels-alhambra-18k-yellow-gold-20-motif-circa-1985-white-coral-necklace-rr9346,RR9346,Van Cleef & Arpels,Van Cleef & Arpels Alhambra 18K Yellow Gold 20 Motif Circa 1985 White Coral Necklace,ACTIVE,Necklaces,true,already-tagged-and-conditioned
bv-david-webb-platinum-18k-yellow-gold-double-head-tiger-black-enamel-bracelet-rr9312,RR9312,David Webb,David Webb Platinum & 18K Yellow Gold Double Head Tiger Black Enamel Bracelet,ACTIVE,Bracelets,true,already-tagged-and-conditioned
bv-tiffany-co-18k-white-gold-diamond-petals-key-pendant-rr7975,RR7975,Tiffany & Co.,Tiffany & Co. 18K White Gold Diamond Petals Key Pendant,ACTIVE,Pendants,true,sku-already-ebay:tiffany-co-18k-white-gold-diamond-petals-key-pendant-rr7975
bv-david-webb-platinum-18k-yellow-gold-3-00cttw-round-cut-diamond-hammered-dome-earrings-rr9371,RR9371,David Webb,David Webb Platinum & 18K Yellow Gold 3.00cttw Round Cut Diamond Hammered Dome Earrings,ACTIVE,Earrings,true,already-tagged-and-conditioned
bv-david-webb-platinum-18k-yellow-gold-pearl-and-9-00cttw-diamond-ring-rr9269,RR9269,David Webb,David Webb Platinum & 18K Yellow Gold Pearl And 9.00cttw Diamond Ring,ACTIVE,Rings,true,already-tagged-and-conditioned
bv-cartier-platinum-ballerine-solitaire-0-51ct-round-diamond-ring-rr8987,RR8987,Cartier,Cartier Platinum Ballerine Solitaire 0.51ct Round Diamond Ring,ACTIVE,Rings,true,already-tagged-and-conditioned
bv-david-webb-platinum-18k-yellow-gold-multigem-emerald-ruby-and-diamond-brooch-rr9332,RR9332,David Webb,"David Webb Platinum & 18K Yellow Gold Multigem Emerald, Ruby And Diamond Brooch",ACTIVE,Brooches,true,already-tagged-and-conditioned
bv-tiffany-co-14k-yellow-gold-burma-sapphire-and-old-cut-diamond-navette-ring-rr9327,RR9327,Tiffany & Co.,Tiffany & Co. 14K Yellow Gold Burma Sapphire And Old Cut Diamond Navette Ring,ACTIVE,Rings,true,already-tagged-and-conditioned
bv-cartier-delices-de-goa-18k-yellow-gold-delices-de-goa-diamond-coral-and-amethyst-earrings-rr9237,RR9237,Cartier,"Cartier Delices De Goa 18K Yellow Gold Delices De Goa Diamond, Coral And Amethyst Earrings",ACTIVE,Earrings,true,already-tagged-and-conditioned
bv-david-webb-platinum-18k-yellow-gold-coral-diamond-and-black-enamel-earrings-rr9301,RR9301,David Webb,"David Webb Platinum & 18K Yellow Gold Coral, Diamond And Black Enamel Earrings",ACTIVE,Earrings,true,already-tagged-and-conditioned
bv-david-webb-18k-yellow-gold-cupid-black-enamel-diamond-studed-heart-clip-earrings-rr9297,RR9297,David Webb,David Webb 18K Yellow Gold Cupid Black Enamel Diamond Studed Heart Clip Earrings,ACTIVE,Earrings,true,already-tagged-and-conditioned
bv-cartier-trinity-18k-tri-color-trinity-round-dial-27mm-1990s-diamond-ladies-watch-rr9291,RR9291,Cartier,Pre-Owned Cartier Trinity 18K Tri Color Trinity Round Dial 27mm 1990's Diamond Women Watch,ARCHIVED,Watch,false,watch
bv-david-webb-platinum-18k-yellow-gold-virgo-male-figure-white-enamel-ring-rr9288,RR9288,David Webb,David Webb Platinum & 18K Yellow Gold Virgo Male Figure White Enamel Ring,ACTIVE,Rings,true,already-tagged-and-conditioned
bv-david-webb-platinum-18k-yellow-gold-satyr-diamond-face-brooch-rr9280,RR9280,David Webb,David Webb Platinum & 18K Yellow Gold Satyr Diamond Face Brooch,ACTIVE,Brooches,true,already-tagged-and-conditioned
bv-david-webb-platinum-18k-yellow-gold-cabochon-green-emerald-and-diamond-textured-ring-rr9268,RR9268,David Webb,David Webb Platinum & 18K Yellow Gold Cabochon Green Emerald And Diamond Textured Ring,ACTIVE,Rings,true,already-tagged-and-conditioned
bv-cartier-platinum-18k-yellow-gold-walking-pantheres-diamond-hoop-earrings-rr9256,RR9256,Cartier,Cartier Platinum & 18K Yellow Gold Walking Pantheres Diamond Hoop Earrings,ACTIVE,Earrings,true,already-tagged-and-conditioned
bv-david-webb-platinum-18k-yellow-gold-koi-fish-white-enamel-green-enamel-and-diamond-bracelet-rr8896,RR8896,David Webb,"David Webb Platinum & 18K Yellow Gold Koi Fish White Enamel, Green Enamel And Diamond Bracelet",ACTIVE,Bracelets,true,already-tagged-and-conditioned
bv-bvlgari-18k-yellow-gold-coral-and-diamond-earrings-rr8637,RR8637,Bvlgari,Bvlgari 18K Yellow Gold Coral And Diamond Earrings,ACTIVE,Earrings,true,already-tagged-and-conditioned
bv-chopard-18k-white-gold-chopardissimo-mirror-dial-40mm-dial-watch-rr9295,RR9295,Chopard,Pre-Owned Chopard 18K White Gold Chopardissimo Mirror Dial 40mm Dial Women Watch,ACTIVE,Watch,true,watch
bv-bvlgari-18k-yellow-gold-coral-black-enamel-and-diamond-brooch-rr9233,RR9233,Bvlgari,"Bvlgari 18K Yellow Gold Coral, Black Enamel And Diamond Brooch",ACTIVE,Brooches,true,already-tagged-and-conditioned
bv-bvlgari-18k-yellow-gold-coral-black-enamel-onyx-earrings-rr9230,RR9230,Bvlgari,"Bvlgari 18K Yellow Gold Coral, Black Enamel, Onyx Earrings",ACTIVE,Earrings,true,already-tagged-and-conditioned
bv-david-webb-platinum-18k-yellow-gold-mughal-carved-emerald-and-ruby-ring-rr9201,RR9201,David Webb,David Webb Platinum & 18K Yellow Gold Mughal Carved Emerald And Ruby Ring,ACTIVE,Rings,true,already-tagged-and-conditioned
bv-david-webb-18k-yellow-gold-cabochon-emerald-sapphire-ruby-and-diamond-brooch-rr9199,RR9199,David Webb,"David Webb 18K Yellow Gold Cabochon Emerald, Sapphire, Ruby And Diamond Brooch",ACTIVE,Brooches,true,already-tagged-and-conditioned
bv-david-webb-platinum-18k-white-gold-carved-ruby-and-diamond-bombe-cocktail-ring-rr9198,RR9198,David Webb,David Webb Platinum & 18K White Gold Carved Ruby And Diamond Bombe Cocktail Ring,ACTIVE,Rings,true,already-tagged-and-conditioned
bv-tiffany-co-schlumberger-platinum-18k-yellow-gold-white-enamel-diamond-bangle-bracelet-rr9183,RR9183,Tiffany & Co.,Tiffany & Co. Schlumberger White Enamel Diamond Bangle Bracelet,ACTIVE,Bracelets,true,already-tagged-and-conditioned
bv-cartier-18k-yellow-gold-panthere-on-a-black-onyx-necklace-rr9148,RR9148,Cartier,Cartier 18K Yellow Gold Panthere On A Black Onyx Necklace,ACTIVE,Necklaces,true,already-tagged-and-conditioned
bv-david-webb-platinum-18k-yellow-gold-large-turquoise-and-diamond-ring-rr9147,RR9147,David Webb,David Webb Platinum & 18K Yellow Gold Large Turquoise And Diamond Ring,ACTIVE,Rings,true,already-tagged-and-conditioned
bv-david-webb-platinum-18k-yellow-gold-open-link-collar-necklace-rr9146,RR9146,David Webb,David Webb Platinum & 18K Yellow Gold Open Link Collar Necklace,ACTIVE,Necklaces,true,already-tagged-and-conditioned
bv-david-webb-platinum-18k-yellow-gold-pearl-diamond-black-enamel-ring-rr9123,RR9123,David Webb,"David Webb Platinum & 18K Yellow Gold Pearl, Diamond, Black Enamel Ring",ACTIVE,Rings,true,title-vendor-already-ebay:bv-david-webb-platinum-18k-yellow-gold-pearl-diamond-black-enamel-ring-rr8156
bv-david-webb-platinum-18k-yellow-gold-ram-diamond-head-brooch-rr9115,RR9115,David Webb,David Webb Platinum & 18K Yellow Gold Ram Diamond Head Brooch,ACTIVE,Brooches,true,already-tagged-and-conditioned
bv-van-cleef-arpels-18k-white-gold-pearl-diamond-bombe-earrings-rr9088,RR9088,Van Cleef & Arpels,Van Cleef & Arpels 18K White Gold Pearl Diamond Bombe Earrings,ACTIVE,Earrings,true,already-tagged-and-conditioned
bv-david-webb-platinum-18k-yellow-gold-carved-coral-bombe-diamond-earrings-rr9087,RR9087,David Webb,David Webb Platinum & 18K Yellow Gold Carved Coral Bombe Diamond Earrings,ACTIVE,Earrings,true,already-tagged-and-conditioned
bv-david-webb-brooch-platinum-18k-yellow-gold-newport-opal-rock-crystal-earrings-rr9197,RR9197,David Webb,David Webb Platinum & 18K Yellow Gold Newport Opal Rock Crystal Earrings,ACTIVE,Earrings,true,already-tagged-and-conditioned
bv-hermes-5-leather-bracelets-rr9182,RR9182,Hermès,Hermès 5 Leather Bracelets,ACTIVE,Bracelets,true,sku-already-ebay:hermes-5-leather-bracelets-rr9182
bv-david-webb-platinum-18k-yellow-gold-oval-cut-yellow-sapphire-black-enamel-and-diamond-earrings-rr9073,RR9073,David Webb,"David Webb Platinum & 18K Yellow Gold Oval Cut Yellow Sapphire, Black Enamel And Diamond Earrings",ACTIVE,Earrings,true,already-tagged-and-conditioned
bv-david-webb-platinum-carved-coral-dolphin-clip-brooch-rr9071,RR9071,David Webb,David Webb Platinum Carved Coral Dolphin Clip Brooch,ACTIVE,Brooches,true,already-tagged-and-conditioned
bv-david-webb-platinum-cabochon-cut-green-emerald-and-diamond-ring-rr8649,RR8649,David Webb,David Webb Platinum Cabochon Cut Green Emerald And Diamond Ring,ACTIVE,Rings,true,already-tagged-and-conditioned
bv-van-cleef-arpels-18k-yellow-gold-32mm-charm-diamond-bezel-alligator-blue-strap-watch-rr9229,RR9229,Van Cleef & Arpels,Pre-Owned Van Cleef & Arpels 18K Yellow Gold 32mm Charm Diamond Bezel Alligator Blue Strap Women Watch,ACTIVE,Watch,true,watch
bv-david-webb-platinum-18k-yellow-gold-white-enamel-wave-clip-earrings-rr9139,RR9139,David Webb,David Webb Platinum & 18K Yellow Gold White Enamel Wave Clip Earrings,ACTIVE,Earrings,true,already-tagged-and-conditioned
bv-david-webb-platinum-18k-yellow-gold-monkey-on-a-pearl-and-emerald-eyes-brooch-rr9108,RR9108,David Webb,David Webb Platinum & 18K Yellow Gold Monkey On A Pearl And Emerald Eyes Brooch,ACTIVE,Brooches,true,already-tagged-and-conditioned
bv-david-webb-platinum-18k-yellow-gold-maltese-diamond-and-emerald-brooch-rr9065,RR9065,David Webb,David Webb Platinum & 18K Yellow Gold Maltese Diamond And Emerald Brooch,ACTIVE,Brooches,true,already-tagged-and-conditioned
bv-david-webb-platinum-18k-yellow-gold-diamond-octagon-cluster-cocktail-cream-enamel-ring-rr9058,RR9058,David Webb,David Webb Platinum & 18K Yellow Gold Diamond Octagon Cluster Cocktail Cream Enamel Ring,ACTIVE,Rings,true,already-tagged-and-conditioned
bv-tiffany-co-platinum-7-20cttw-diamond-double-clip-brooch-rr9053,RR9053,Tiffany & Co.,Tiffany & Co. Platinum 7.20cttw Diamond Double Clip Brooch,ACTIVE,Brooches,true,already-tagged-and-conditioned
bv-david-webb-platinum-18k-yellow-gold-black-enamel-diamonds-door-knocker-earrings-rr9054,RR9054,David Webb,"David Webb Platinum & 18K Yellow Gold Black Enamel, Diamonds, Door Knocker Earrings",ACTIVE,Earrings,true,already-tagged-and-conditioned
bv-david-webb-platinum-18k-yellow-gold-carved-azurmalachite-diamond-ruby-clip-earrings-rr9044,RR9044,David Webb,"David Webb Platinum & 18K Yellow Gold Carved Azurmalachite, Diamond, Ruby Clip Earrings",ACTIVE,Earrings,true,already-tagged-and-conditioned
bv-david-webb-platinum-18k-yellow-gold-dome-off-white-enamel-cream-criss-cross-cocktail-ring-rr9011,RR9011,David Webb,David Webb Platinum & 18K Yellow Gold Dome Off White Enamel Cream Criss Cross Cocktail Ring,ACTIVE,Rings,true,already-tagged-and-conditioned
bv-aletto-brothers-18k-white-gold-half-hoop-diamond-earrings-rr9007,RR9007,Aletto Brothers,Aletto Brothers 18K White Gold Half Hoop Diamond Earrings,ACTIVE,Earrings,true,already-tagged-and-conditioned
bv-david-webb-18k-yellow-gold-1970s-lion-pendant-brooch-rr9006,RR9006,David Webb,David Webb 18K Yellow Gold 1970's Lion Pendant Brooch,ACTIVE,Brooches,true,already-tagged-and-conditioned
bv-cartier-18k-white-gold-diamond-and-sapphire-dove-ring-rr9124,RR9124,Cartier,Cartier 18K White Gold Diamond And Sapphire Dove Ring,ACTIVE,Rings,true,already-tagged-and-conditioned
bv-david-webb-platinum-18k-yellow-gold-white-spotted-panthere-cuff-bangle-bracelet-rr9005,RR9005,David Webb,David Webb Platinum & 18K Yellow Gold White Spotted Panthere Cuff Bangle Bracelet,ACTIVE,Bracelets,true,already-tagged-and-conditioned
bv-david-webb-platinum-18k-yellow-gold-buckle-diamond-black-enamel-earrings-rr8989,RR8989,David Webb,David Webb Platinum & 18K Yellow Gold Buckle Diamond Black Enamel Earrings,ACTIVE,Earrings,true,already-tagged-and-conditioned
bv-david-webb-platinum-18k-yellow-gold-coral-button-doorknockers-earrings-rr8986,RR8986,David Webb,David Webb Platinum & 18K Yellow Gold Coral Button Doorknockers Earrings,ACTIVE,Earrings,true,already-tagged-and-conditioned
bv-cartier-18k-white-gold-panthere-maillon-ring-rr8985,RR8985,Cartier,Cartier 18K White Gold Panthere Maillon Ring,ACTIVE,Rings,true,sku-already-ebay:cartier-18k-white-gold-panthere-maillon-ring-rr8985
bv-david-webb-platinum-18k-white-gold-sapphire-diamond-pearl-earrings-rr8976,RR8976,David Webb,"David Webb Platinum & 18K White Gold Sapphire, Diamond, Pearl Earrings",ACTIVE,Earrings,true,already-tagged-and-conditioned
bv-david-webb-platinum-18k-yellow-gold-sagittarius-diamond-zodiac-pendant-pin-brooch-rr9105,RR9105,David Webb,David Webb Platinum & 18K Yellow Gold Sagittarius Diamond Zodiac Pendant Pin Brooch,ACTIVE,Brooches,true,already-tagged-and-conditioned
bv-david-webb-platinum-18k-yellow-gold-turquoise-emerald-and-diamond-clip-earrings-rr9080,RR9080,David Webb,David Webb Platinum & 18K Yellow Gold Turquoise Emerald And Diamond Clip Earrings,ACTIVE,Earrings,true,already-tagged-and-conditioned
bv-david-webb-platinum-18k-yellow-gold-aquamarine-and-diamond-hinged-cuff-bracelet-rr8948,RR8948,David Webb,David Webb Platinum & 18K Yellow Gold Aquamarine And Diamond Hinged Cuff Bracelet,ACTIVE,Bracelets,true,already-tagged-and-conditioned
bv-david-webb-platinum-18k-yellow-gold-hammered-cuff-bangle-bracelet-rr8270,RR8270,David Webb,David Webb Platinum & 18K Yellow Gold Hammered Cuff Bangle Bracelet,ACTIVE,Bracelets,true,already-tagged-and-conditioned
bv-david-webb-smooth-briolette-cut-green-emerald-cascading-clip-diamond-earrings-rr8259,RR8259,David Webb,David Webb Smooth Briolette Cut Green Emerald Cascading Clip Diamond Earrings,ACTIVE,Earrings,true,already-tagged-and-conditioned
bv-david-webb-platinum-18k-yellow-gold-diamond-pave-dome-cocktail-ring-rr8257,RR8257,David Webb,David Webb Platinum & 18K Yellow Gold Diamond Pave Dome Cocktail Ring,ACTIVE,Rings,true,already-tagged-and-conditioned
bv-david-webb-platinum-18k-yellow-gold-1960s-maltese-lapis-enamel-cross-style-brooch-rr8175,RR8175,David Webb,"David Webb Platinum & 18K Yellow Gold 1960's Maltese Lapis, Enamel Cross Style Brooch",ACTIVE,Brooches,true,already-tagged-and-conditioned
bv-david-webb-platinum-18k-yellow-gold-snowflake-syle-diamond-heraldic-brooch-rr7817,RR7817,David Webb,David Webb Platinum & 18K Yellow Gold Snowflake Syle Diamond Heraldic Brooch,ACTIVE,Brooches,true,already-tagged-and-conditioned
bv-david-webb-18k-yellow-gold-tiger-eye-high-polished-green-enamel-cocktail-ring-rr8936,RR8936,David Webb,David Webb Platinum & 18K Yellow Gold Tiger Eye High Polished Green Enamel Cocktail Ring,ACTIVE,Rings,true,already-tagged-and-conditioned
bv-david-webb-platinum-18k-yellow-gold-rock-crystal-lapis-floral-style-bracelet-rr9036,RR9036,David Webb,David Webb Platinum & 18K Yellow Gold Rock Crystal Lapis Floral Style Bracelet,ACTIVE,Bracelets,true,already-tagged-and-conditioned
bv-david-webb-platinum-18ky-carved-jade-hammered-gold-diamond-cuff-bracelet-rr9034,RR9034,David Webb,David Webb Platinum & 18ky Carved Jade Hammered Gold Diamond Cuff Bracelet,ACTIVE,Bracelets,true,already-tagged-and-conditioned
bv-david-webb-platinum-18k-yellow-gold-15-00cttw-bombe-diamond-leaf-motif-bracelet-rr9033,RR9033,David Webb,David Webb Platinum & 18K Yellow Gold 15.00cttw Bombe Diamond Leaf Motif Bracelet,ACTIVE,Bracelets,true,already-tagged-and-conditioned
bv-david-webb-platinum-18k-yellow-gold-black-enamel-belt-motif-cuff-bracelet-rr8925,RR8925,David Webb,David Webb Platinum & 18K Yellow Gold Black Enamel Belt Motif Cuff Bracelet,ACTIVE,Bracelets,true,already-tagged-and-conditioned
bv-david-webb-platinum-18k-yellow-gold-black-enamel-red-ruby-diamond-bull-bracelet-rr9035,RR9035,David Webb,David Webb Platinum & 18K Yellow Gold Black Enamel Red Ruby Diamond Bull Bracelet,ACTIVE,Bracelets,true,already-tagged-and-conditioned
bv-david-webb-platinum-18k-yellow-2,RR9032,David Webb,David Webb Platinum & 18K Yellow Gold Princess Lilian Black Enamel Diamond Cuff Bracelet,ACTIVE,Bracelets,true,already-tagged-and-conditioned
bv-david-webb-platinum-18k-yellow-gold-white-enamel-shield-diamond-clips-cuff-bracelet-rr9031,RR9031,David Webb,David Webb Platinum & 18K Yellow Gold White Enamel Shield Diamond Clips Cuff Bracelet,ACTIVE,Bracelets,true,already-tagged-and-conditioned
bv-hermes-18k-yellow-gold-chaine-dancre-dome-cocktail-ring-rr9027,RR9027,Hermès,Hermès 18K Yellow Gold Chaîne D'ancre Dome Cocktail Ring,ACTIVE,Rings,true,already-tagged-and-conditioned
bv-harry-winston-18k-white-gold-avenue-automatic-diamond-ladies-watch-rr9026,RR9026,Harry Winston,Pre-Owned Harry Winston 18K White Gold Avenue Automatic Diamond Women Watch,ACTIVE,Watch,true,watch
bv-david-webb-bombe-platinum-18k-yellow-gold-carved-coral-white-enamel-ring-rr9021,RR9021,David Webb,David Webb Bombe Platinum & 18K Yellow Gold Carved Coral White Enamel Ring,ACTIVE,Rings,true,already-tagged-and-conditioned
bv-david-webb-platinum-18k-yellow-gold-diamond-pearl-dome-style-clip-on-earrings-rr9019,RR9019,David Webb,"David Webb Platinum & 18K Yellow Gold Diamond, Pearl, Dome Style Clip On Earrings",ACTIVE,Earrings,true,already-tagged-and-conditioned
bv-david-webb-platinum-18k-yellow-gold-31-inches-textured-link-chain-necklace-rr9016,RR9016,David Webb,David Webb Platinum & 18K Yellow Gold 31 Inches Textured Link Chain Necklace,ACTIVE,Necklaces,true,already-tagged-and-conditioned
bv-david-webb-platinum-18k-yellow-gold-malachite-door-knockers-earrings-rr8922,RR8922,David Webb,David Webb Platinum & 18K Yellow Gold Malachite Door Knockers Earrings,ACTIVE,Earrings,true,already-tagged-and-conditioned
bv-david-webb-platinum-diamond-and-south-sea-pearl-cocktail-ring-rr8913,RR8913,David Webb,David Webb Platinum Diamond And South Sea Pearl Cocktail Ring,ACTIVE,Rings,true,already-tagged-and-conditioned
bv-cartier-18k-white-gold-diamant-leger-de-diamond-cluster-ring-rr8911,RR8911,Cartier,Cartier 18K White Gold Diamant Leger De Diamond Cluster Ring,ACTIVE,Rings,true,sku-already-ebay:cartier-18k-white-gold-diamant-leger-de-diamond-cluster-ring-rr8911
bv-david-webb-platinum-18k-yellow-gold-white-and-balck-enamel-tiger-diamond-bracelet-rr8877,RR8877,David Webb,David Webb Platinum & 18K Yellow Gold White And Balck Enamel Tiger Diamond Bracelet,ACTIVE,Bracelets,true,already-tagged-and-conditioned
bv-tiffany-co-18k-yellow-gold-asian-man-eating-noodles-brooch-rr8975,RR8975,Tiffany & Co.,Tiffany & Co. 18K Yellow Gold A Man Eating Noodles Brooch,ACTIVE,Brooches,true,already-tagged-and-conditioned
bv-david-webb-platinum-18k-yellow-gold-red-enamel-bombe-diamond-ring-rr8895,RR8895,David Webb,David Webb Platinum & 18K Yellow Gold Red Enamel Bombe Diamond Ring,ACTIVE,Rings,true,already-tagged-and-conditioned
bv-david-webb-platinum-18k-yellow-gold-bow-ribbon-red-enamel-brooch-rr8894,RR8894,David Webb,David Webb Platinum & 18K Yellow Gold Bow Ribbon Red Enamel Brooch,ACTIVE,Brooches,true,already-tagged-and-conditioned
bv-david-webb-platinum-18k-yellow-gold-1960s-green-emerald-sugarloaf-ring-rr8891,RR8891,David Webb,David Webb Platinum & 18K Yellow Gold 1960's Green Emerald Sugarloaf Ring,ACTIVE,Rings,true,already-tagged-and-conditioned
bv-david-webb-18k-yellow-gold-1970s-coral-dome-white-enamel-diamond-ring-rr8889,RR8889,David Webb,"David Webb 18K Yellow Gold 1970's Coral Dome, White Enamel Diamond Ring",ACTIVE,Rings,true,already-tagged-and-conditioned
bv-david-webb-platinum-18k-yellow-gold-6-00cttw-diamond-round-shaped-clip-on-earrings-rr8836,RR8836,David Webb,David Webb Platinum & 18K Yellow Gold 6.00cttw Diamond Round Shaped Clip On Earrings,ACTIVE,Earrings,true,already-tagged-and-conditioned
bv-david-webb-18k-yellow-gold-black-enamel-diamond-sapphire-emerald-ruby-earrings-rr8832,RR8832,David Webb,David Webb 18K Yellow Gold Black Enamel Diamond Sapphire Emerald Ruby Earrings,ACTIVE,Earrings,true,already-tagged-and-conditioned
bv-david-webb-platinum-18k-yellow-3,RR8623,David Webb,David Webb Platinum & 18K Yellow Gold Multicolor Cabochon Gemstone And Diamond Maltese Brooch,ACTIVE,Brooches,true,already-tagged-and-conditioned
bv-david-webb-platinum-18k-yellow-gold-white-enamel-lion-ruby-eyes-cuff-links-rr6868,RR6868,David Webb,David Webb Platinum & 18K Yellow Gold White Enamel Lion Ruby Eyes Cuff Links,ACTIVE,Cufflinks,true,already-tagged-and-conditioned
bv-david-webb-platinum-18k-yellow-gold-15-80cts-heraldic-diamond-pendant-brooch-rr7653,RR7653,David Webb,David Webb Platinum & 18K Yellow Gold 15.80cts Heraldic Diamond Pendant Brooch,ACTIVE,Brooches,true,already-tagged-and-conditioned
bv-david-webb-platinum-18k-yellow-gold-geometric-white-enamel-diamond-ring-rr8827,RR8827,David Webb,David Webb Platinum & 18K Yellow Gold Geometric White Enamel Diamond Ring,ACTIVE,Rings,true,already-tagged-and-conditioned
bv-david-webb-platinum-18k-yellow-gold-turquoise-diamond-emerald-oversized-ring-rr8890,RR8890,David Webb,David Webb Platinum & 18K Yellow Gold Turquoise Diamond Emerald Oversized Ring,ACTIVE,Rings,true,already-tagged-and-conditioned
bv-cartier-18k-yellow-gold-tri-color-twist-bangle-with-coral-tips-bracelet-rr8758,RR8758,Cartier,Cartier 18K Yellow Gold Tri-Color Twist Bangle With Coral Tips Bracelet,ARCHIVED,Bracelets,false,status:ARCHIVED
bv-cartier-18k-white-gold-cartier-inde-mysterieuse-diamond-ring-rr8753,RR8753,Cartier,Cartier 18K White Gold Cartier Inde Mystérieuse Diamond Ring,ACTIVE,Rings,true,sku-already-ebay:cartier-18k-white-gold-cartier-inde-mysterieuse-diamond-ring-rr8753
bv-angela-cummings-18k-yellow-gold-1987-concave-lima-bean-shaped-diamond-earrings-rr8727,RR8727,Angela Cummings,Angela Cummings 18K Yellow Gold 1987 Concave Lima Bean Shaped Diamond Earrings,ACTIVE,Earrings,true,already-tagged-and-conditioned
bv-david-webb-platinum-18k-yellow-gold-white-enamel-checkerboard-pattern-bombe-ring-rr8350,RR8350,David Webb,David Webb Platinum & 18K Yellow Gold White Enamel Checkerboard Pattern Bombe Ring,ARCHIVED,Rings,false,status:ARCHIVED
bv-van-cleef-arpels-18k-yellow-gold-perlee-diamond-ring-rr8345,RR8345,Van Cleef & Arpels,Van Cleef & Arpels 18K Yellow Gold Perlee Diamond Ring,ACTIVE,Rings,true,already-tagged-and-conditioned
bv-david-webb-platinum-18k-yellow-gold-hammered-finish-carved-lapis-and-diamond-frame-ring-rr8719,RR8719,David Webb,"David Webb Platinum & 18K Yellow Gold Hammered Finish, Carved Lapis And Diamond Frame Ring",ACTIVE,Rings,true,already-tagged-and-conditioned
bv-david-webb-platinum-18k-yellow-gold-oversized-lapis-and-diamond-ring-rr8341,RR8341,David Webb,David Webb Platinum & 18K Yellow Gold Oversized Lapis And Diamond Ring,ACTIVE,Rings,true,already-tagged-and-conditioned
bv-david-webb-18k-yellow-gold-1970s-ruby-diamond-and-emerald-cocktail-ring-rr8824,RR8824,David Webb,"David Webb 18K Yellow Gold 1970's Ruby, Diamond And Emerald Cocktail Ring",ACTIVE,Rings,true,already-tagged-and-conditioned
bv-david-webb-18k-yellow-gold-cabochon-emerald-diamond-ring-rr8696,RR8696,David Webb,David Webb 18K Yellow Gold Cabochon Emerald Diamond Ring,ACTIVE,Rings,true,already-tagged-and-conditioned
bv-marina-b-18k-yellow-gold-diamond-and-sapphire-drop-earrings-rr8717,RR8717,Marina B,Marina B . 18K Yellow Gold Diamond And Sapphire Drop Earrings,ACTIVE,Earrings,true,already-tagged-and-conditioned
bv-david-webb-18k-yellow-gold-light-bolt-link-curb-bracelet-rr8695,RR8695,David Webb,David Webb 18K Yellow Gold Lightning Bolt Link Curb Bracelet,ACTIVE,Bracelets,true,already-tagged-and-conditioned
bv-david-webb-platinum-18k-yellow-gold-jade-diamond-hammered-ring-rr8677,RR8677,David Webb,David Webb Platinum & 18K Yellow Gold Jade Diamond Hammered Ring,ACTIVE,Rings,true,already-tagged-and-conditioned
bv-david-webb-platinum-18k-yellow-gold-scalloped-diamond-bracelet-rr8668,RR8668,David Webb,David Webb Platinum & 18K Yellow Gold Scalloped Diamond Bracelet,ACTIVE,Bracelets,true,already-tagged-and-conditioned
bv-david-webb-platinum-18k-yellow-gold-white-jasper-earrings-rr8665,RR8665,David Webb,David Webb Platinum & 18K Yellow Gold White Jasper Earrings,ACTIVE,Earrings,true,already-tagged-and-conditioned
bv-david-webb-platinum-18k-coral-black-enamel-and-diamond-earrings-rr8663,RR8663,David Webb,"David Webb Platinum & 18K Coral, Black Enamel And Diamond Earrings",ACTIVE,Earrings,true,already-tagged-and-conditioned
bv-david-webb-platinum-18k-yellow-gold-white-enamel-dome-ring-rr8659,RR8659,David Webb,David Webb Platinum & 18K Yellow Gold White Enamel Dome Ring,ACTIVE,Rings,true,already-tagged-and-conditioned
bv-david-webb-platinum-18k-yellow-gold-summit-turquoise-and-diamond-ring-rr8654,RR8654,David Webb,David Webb Platinum & 18K Yellow Gold Summit Turquoise And Diamond Ring,ACTIVE,Rings,true,already-tagged-and-conditioned
bv-david-webb-platinum-18k-yellow-gold-geodesic-dome-diamond-ring-rr8653,RR8653,David Webb,David Webb Platinum & 18K Yellow Gold Geodesic Dome Diamond Ring,ACTIVE,Rings,true,already-tagged-and-conditioned
bv-david-webb-platinum-18k-yellow-gold-rock-crystal-black-enamel-diamond-ring-rr8652,RR8652,David Webb,David Webb Platinum & 18K Yellow Gold Rock Crystal Black Enamel Diamond Ring,ACTIVE,Rings,true,already-tagged-and-conditioned
bv-david-webb-platinum-18k-yellow-gold-black-enamel-swirl-design-pave-diamond-ring-rr8627,RR8627,David Webb,David Webb Platinum & 18K Yellow Gold Black Enamel Swirl Design Pave Diamond Ring,ACTIVE,Rings,true,already-tagged-and-conditioned
bv-david-webb-platinum-18k-yellow-gold-black-enamel-double-head-lion-bracelet-rr8322,RR8322,David Webb,David Webb Platinum & 18K Yellow Gold Black Enamel Double Head Lion Bracelet,ACTIVE,Bracelets,true,already-tagged-and-conditioned
bv-david-webb-platinum-18k-yellow-gold-double-head-lion-in-black-enamel-bracelet-rr8004,RR8004,David Webb,David Webb Platinum & 18K Yellow Gold Double Head Lion In Black Enamel Bracelet,ACTIVE,Bracelets,true,already-tagged-and-conditioned
bv-david-webb-platinum-18k-yellow-gold-21-carats-scroll-diamond-textured-bracelet-rr8616,RR8616,David Webb,David Webb Platinum & 18K Yellow Gold 21 Carats Scroll Diamond Textured Bracelet,ACTIVE,Bracelets,true,already-tagged-and-conditioned
bv-david-webb-platinum-old-cut-and-old-european-cluster-pearl-clip-on-earrings-rr8587,RR8587,David Webb,David Webb Platinum Old Cut And Old European Cluster Pearl Clip On Earrings,ACTIVE,Earrings,true,already-tagged-and-conditioned
bv-david-webb-platinum-18k-yellow-gold-sapphire-and-diamond-clip-on-earrings-rr8576,RR8576,David Webb,David Webb Platinum & 18K Yellow Gold Sapphire And Diamond Clip On Earrings,ACTIVE,Earrings,true,already-tagged-and-conditioned
bv-david-webb-18k-yellow-gold-carnelian-and-diamond-bombe-earrings-rr7028,RR7028,David Webb,David Webb 18K Yellow Gold Carnelian And Diamond Bombe Earrings,ACTIVE,Earrings,true,already-tagged-and-conditioned
bv-david-webb-platinum-18k-yellow-gold-azurmalachite-and-diamond-bombe-fluted-clip-earrings-rr8626,RR8626,David Webb,David Webb Platinum & 18K Yellow Gold Azurmalachite And Diamond Bombe Fluted Clip Earrings,ACTIVE,Earrings,true,already-tagged-and-conditioned
bv-david-webb-platinum-18k-yellow-gold-escargot-fluted-round-gold-link-bracelet-rr8567,RR8567,David Webb,David Webb Platinum & 18K Yellow Gold Escargot Fluted Round Gold Link Bracelet,ARCHIVED,Bracelets,false,status:ARCHIVED
bv-cartier-18k-yellow-gold-tank-francaise-25-ref-1821-ladies-diamond-watch-rr8601,RR8601,Cartier,"Pre-Owned Cartier 18K Yellow Gold Tank Francaise 25,, Ref 1821 Women Diamond Watch",ACTIVE,Watch,true,watch
bv-david-webb-18k-yellow-gold-diamond-cabochon-oval-cut-emerald-ruby-sapphire-hinged-bracelet-rr8557,RR8557,David Webb,"David Webb 18K Yellow Gold Diamond, Cabochon Oval Cut Emerald, Ruby Sapphire Hinged Bracelet",ACTIVE,Bracelets,true,already-tagged-and-conditioned
bv-david-webb-18k-yellow-gold-diamond-emerald-sapphire-and-green-earrings-rr8550,RR8550,David Webb,"David Webb 18K Yellow Gold Diamond, Emerald, Sapphire And Green Earrings",ACTIVE,Earrings,true,already-tagged-and-conditioned
bv-david-webb-platinum-18k-yellow-gold-notre-dame-rock-crystal-bracelet-rr8548,RR8548,David Webb,David Webb Platinum & 18K Yellow Gold Notre Dame Rock Crystal Bracelet,ACTIVE,Bracelets,true,already-tagged-and-conditioned
bv-david-webb-platinum-18k-yellow-gold-black-enamel-diamond-fluted-shrimp-style-clip-earrings-rr8547,RR8547,David Webb,David Webb Platinum & 18K Yellow Gold Black Enamel Diamond Fluted Shrimp Style Clip Earrings,ACTIVE,Earrings,true,already-tagged-and-conditioned
bv-david-webb-platinum-18k-yellow-gold-diamond-and-black-enamel-clip-on-earrings-rr8542,RR8542,David Webb,David Webb Platinum & 18K Yellow Gold Diamond And Black Enamel Clip On Earrings,ACTIVE,Earrings,true,already-tagged-and-conditioned
bv-david-webb-platinum-18k-yellow-gold-dappled-white-enamel-diamond-horse-bracelet-rr8524,RR8524,David Webb,David Webb Platinum & 18K Yellow Gold Dappled White Enamel Diamond Horse Bracelet,ACTIVE,Bracelets,true,already-tagged-and-conditioned
bv-david-webb-platinum-18k-yellow-gold-dinner-roll-necklace-rr8521,RR8521,David Webb,David Webb Platinum & 18K Yellow Gold Dinner Roll Necklace,ACTIVE,Necklaces,true,already-tagged-and-conditioned
bv-david-webb-platinum-18k-yellow-gold-amethyst-coral-and-rock-crystal-star-brooch-rr8517,RR8517,David Webb,"David Webb Platinum & 18K Yellow Gold Amethyst, Coral And Rock Crystal Star Brooch",ACTIVE,Brooches,true,already-tagged-and-conditioned
bv-david-webb-platinum-18k-yellow-gold-amethyst-and-cabochon-green-emeralds-earrings-rr8501,RR8501,David Webb,David Webb Platinum & 18K Yellow Gold Amethyst And Cabochon Green Emeralds Earrings,ACTIVE,Earrings,true,already-tagged-and-conditioned
bv-david-webb-18k-yellow-gold-carved-jade-pendant-and-a-brooch-rr8489,RR8489,David Webb,David Webb 18K Yellow Gold Carved Jade Pendant And A Brooch,ACTIVE,Brooches,true,already-tagged-and-conditioned
bv-david-webb-platinum-18k-yellow-gold-checkerboard-cut-rock-crystal-pendant-brooch-rr8488,RR8488,David Webb,"David Webb Platinum & 18K Yellow Gold Checkerboard Cut Rock Crystal Pendant, Brooch",ACTIVE,Brooches,true,already-tagged-and-conditioned
bv-david-webb-platinum-18k-yellow-gold-coral-diamonds-black-enamel-necklace-rr7770,RR7770,David Webb,"David Webb Platinum & 18K Yellow Gold Coral, Diamonds, Black Enamel Necklace",ACTIVE,Necklaces,true,already-tagged-and-conditioned
bv-david-webb-platinum-18k-yellow-gold-carved-smooth-purple-amethyst-green-enamel-and-diamond-ring-rr7709,RR7709,David Webb,"David Webb Platinum & 18K Yellow Gold Carved Smooth Purple Amethyst, Green Enamel And Diamond Ring",ACTIVE,Rings,true,already-tagged-and-conditioned
bv-buccellati-18k-yellow-gold-16-string-coral-pearl-diamond-clasp-necklace-rr6700,RR6700,Buccellati,"Buccellati 18K Yellow Gold 16 String Coral, Pearl Diamond Clasp Necklace",ACTIVE,Necklaces,true,already-tagged-and-conditioned
bv-david-webb-maltese-cr-18k-yellow-gold-large-diamond-and-green-enamel-pendant-rr3467,RR3467,David Webb,David Webb Maltese Cr 18K Yellow Gold Large Diamond And Green Enamel Pendant,ACTIVE,Pendants,true,already-tagged-and-conditioned
bv-david-webb-platinum-18k-yellow-gold-cabochon-amethyst-and-diamond-cocktail-ring-rr8486,RR8486,David Webb,David Webb Platinum & 18K Yellow Gold Cabochon Amethyst And Diamond Cocktail Ring,ACTIVE,Rings,true,already-tagged-and-conditioned
bv-hermes-18k-white-gold-4-carat-diamond-galop-horse-ring-rr8473,RR8473,Hermès,Hermès 18K White Gold 4 Carat Diamond Galop Horse Ring,ACTIVE,Rings,true,already-tagged-and-conditioned
bv-david-webb-18k-yellow-gold-champagne-round-diamond-cocktail-ring-rr8465,RR8465,David Webb,David Webb 18K Yellow Gold Champagne Round Diamond Cocktail Ring,ACTIVE,Rings,true,already-tagged-and-conditioned
bv-david-webb-platinum-18k-yellow-gold-cocktail-diamond-fluted-ring-rr8464,RR8464,David Webb,David Webb Platinum & 18K Yellow Gold Cocktail Diamond Fluted Ring,ACTIVE,Rings,true,already-tagged-and-conditioned
bv-david-webb-platinum-18k-yellow-gold-diamond-dome-round-clip-on-earrings-rr8463,RR8463,David Webb,David Webb Platinum & 18K Yellow Gold Diamond Dome Round Clip On Earrings,ACTIVE,Earrings,true,already-tagged-and-conditioned
bv-david-webb-platinum-18k-yellow-gold-coral-drop-day-to-night-dangling-earrings-rr8431,RR8431,David Webb,David Webb Platinum & 18K Yellow Gold Coral Drop Day To Night Dangling Earrings,ACTIVE,Earrings,true,already-tagged-and-conditioned
bv-david-webb-platinum-18k-yellow-gold-black-enamel-diamond-and-pearl-earrings-rr8250,RR8250,David Webb,"David Webb Platinum & 18K Yellow Gold Black Enamel, Diamond And Pearl Earrings",ACTIVE,Earrings,true,already-tagged-and-conditioned
bv-david-webb-platinum-36-carats-diamond-chandelier-earrings-rr8427,RR8427,David Webb,David Webb Platinum 36 Carats Diamond Chandelier Earrings,ACTIVE,Earrings,true,already-tagged-and-conditioned
bv-david-webb-girandole-carved-emerald-and-diamond-dangle-earrings-rr8426,RR8426,David Webb,David Webb Girandole Carved Emerald And Diamond Dangle Earrings,ACTIVE,Earrings,true,already-tagged-and-conditioned
bv-david-webb-platinum-18k-yellow-gold-enamel-diamonds-green-emeralds-leopard-bracelet-rr8425,RR8425,David Webb,"David Webb Platinum & 18K Yellow Gold Enamel, Diamonds Green Emeralds Leopard Bracelet",ACTIVE,Bracelets,true,already-tagged-and-conditioned
bv-david-webb-18k-yellow-gold-rickrack-turquoise-diamond-white-enamel-cuff-bracelet-rr8424,RR8424,David Webb,"David Webb 18K Yellow Gold Rickrack Turquoise, Diamond, White Enamel Cuff Bracelet",ACTIVE,Bracelets,true,already-tagged-and-conditioned
bv-cartier-18k-white-gold-clash-diamond-and-black-onyx-earrings-rr8248,RR8248,Cartier,Cartier 18K White Gold Clash Diamond And Black Onyx Earrings,ACTIVE,Earrings,true,already-tagged-and-conditioned
bv-david-webb-fluted-almonds-white-enamel-and-diamond-earrings-rr8246,RR8246,David Webb,David Webb Fluted Almonds White Enamel And Diamond Earrings,ACTIVE,Earrings,true,already-tagged-and-conditioned
bv-david-webb-platinum-18k-yellow-gold-checkmate-5-50-carat-diamond-ring-rr8233,RR8233,David Webb,David Webb Platinum & 18K Yellow Gold Checkmate 5.50 Carat Diamond Ring,ACTIVE,Rings,true,already-tagged-and-conditioned
bv-tiffany-co-18k-yellow-gold-cummings-positive-negative-earrings-rr8417,RR8417,Tiffany & Co.,Tiffany & Co. 18K Yellow Gold Cummings Positive & Negative Earrings,ACTIVE,Earrings,true,sku-already-ebay:tiffany-co-18k-yellow-gold-cummings-positive-negative-earrings-rr8417
bv-tiffany-co-schlumberger-platinum-18k-yellow-gold-butterfly-motif-bracelet-rr8405,RR8405,Tiffany & Co.,Tiffany & Co. Schlumberger Platinum & 18K Yellow Gold Butterfly Motif Bracelet,ACTIVE,Bracelets,true,already-tagged-and-conditioned
bv-cartier-18k-white-gold-diamond-panthere-with-tassels-on-a-signature-chain-necklace-rr8396,RR8396,Cartier,Cartier 18K White Gold Diamond Panthere With Tassels On A Signature Chain Necklace,ACTIVE,Necklaces,true,already-tagged-and-conditioned
bv-chopard-18k-white-gold-1970s,RR8379,Chopard,Pre-Owned Chopard 18K Yellow Gold 1970's Bark Finish Lapis Dial 1970's Wrist Women Watch,ACTIVE,Watch,true,watch
bv-david-webb-platinum-18k-yellow-gold-jade-teardrop-dangling-clip-on-earrings-rr8377,RR8377,David Webb,David Webb Platinum & 18K Yellow Gold Jade Teardrop Dangling Clip On Earrings,ACTIVE,Earrings,true,already-tagged-and-conditioned
bv-bvlgari-platinum-1960s-diamond-setting-for-a-brooch-rr6973,RR6973,Bvlgari,Bvlgari Platinum 1960's Diamond Setting For A Brooch,ACTIVE,Brooches,true,already-tagged-and-conditioned
bv-david-webb-18k-yellow-gold-zigzag-hammered-ring-rr8369,RR8369,David Webb,David Webb 18K Yellow Gold Zigzag Hammered Ring,ACTIVE,Rings,true,already-tagged-and-conditioned
bv-david-webb-platinum-18k-yellow-gold-green-enamel-diamond-and-ruby-frog-bracelet-rr8247,RR8247,David Webb,"David Webb Platinum & 18K Yellow Gold Green Enamel, Diamond And Ruby Frog Bracelet",ACTIVE,Bracelets,true,already-tagged-and-conditioned
bv-david-webb-platinum-18k-yellow-gold-diamond-tiger-and-black-enamel-brooch-rr8241,RR8241,David Webb,David Webb Platinum & 18K Yellow Gold Diamond Tiger And Black Enamel Brooch,ACTIVE,Brooches,true,already-tagged-and-conditioned
bv-david-webb-platinum-18k-yellow-gold-blue-enamel-bombe-diamond-ring-rr8364,RR8364,David Webb,David Webb Platinum & 18K Yellow Gold Blue Enamel Bombe Diamond Ring,ACTIVE,Rings,true,already-tagged-and-conditioned
bv-david-webb-black-enamel-and-diamond-square-shaped-earrings-rr8327,RR8327,David Webb,David Webb Black Enamel And Diamond Square Shaped Earrings,ACTIVE,Earrings,true,already-tagged-and-conditioned
bv-david-webb-platinum-18k-yellow-gold-black-enamel-diamond-hoop-earrings-rr7208,RR7208,David Webb,David Webb Platinum & 18K Yellow Gold Black Enamel Diamond Hoop Earrings,ACTIVE,Earrings,true,already-tagged-and-conditioned
bv-marina-b-18k-yellow-gold-hematite-large-cuff-bangle-bracelet-rr7206,RR7206,Marina B,Marina B . 18K Yellow Gold Hematite Large Cuff Bangle Bracelet,ACTIVE,Bracelets,true,already-tagged-and-conditioned
bv-david-webb-platinum-18k-yellow-gold-12-carat-diamond-crescent-brooch-rr7199,RR7199,David Webb,David Webb Platinum & 18K Yellow Gold 12 Carat Diamond Crescent Brooch,ACTIVE,Brooches,true,already-tagged-and-conditioned
bv-david-webb-platinum-18k-yellow-gold-blue-lapis-lazuli-and-white-enamel-brooch-rr8324,RR8324,David Webb,David Webb Platinum & 18K Yellow Gold Blue Lapis Lazuli And White Enamel Brooch,ACTIVE,Brooches,true,already-tagged-and-conditioned
bv-david-webb-white-enamel-and-malachite-maltese-cross-brooch-rr8323,RR8323,David Webb,David Webb White Enamel And Malachite Maltese Cross Brooch,ACTIVE,Brooches,true,already-tagged-and-conditioned
bv-david-webb-platinum-18k-yellow-gold-1970s-turquoise-and-diamond-foliage-brooch-rr8311,RR8311,David Webb,David Webb Platinum & 18K Yellow Gold 1970's Turquoise And Diamond Foliage Brooch,ACTIVE,Brooches,true,already-tagged-and-conditioned
bv-boucheron-18k-yellow-gold-diamond-mountings-for-pear-cut-centers-earrings-rr8304,RR8304,Boucheron,Boucheron 18K Yellow Gold Diamond Mountings For Pear Cut Centers Earrings,ACTIVE,Earrings,true,already-tagged-and-conditioned
bv-david-webb-platinum-18k-yellow-gold-carved-coral-jade-and-black-enamel-ring-rr8296,RR8296,David Webb,"David Webb Platinum & 18K Yellow Gold Carved Coral, Jade And Black Enamel Ring",ACTIVE,Rings,true,already-tagged-and-conditioned
bv-david-webb-18k-yellow-gold-7-carat-diamond-tear-drop-clip-on-earrings-rr8295,RR8295,David Webb,David Webb 18K Yellow Gold 7 Carat Diamond Tear Drop Clip On Earrings,ACTIVE,Earrings,true,already-tagged-and-conditioned
bv-cartier-platinum-5-85-carat-diamond-tulip-vintage-ring-rr8294,RR8294,Cartier,Cartier Platinum 5.85 Carat Diamond Tulip Vintage Ring,ARCHIVED,Rings,false,status:ARCHIVED
bv-cartier-18k-yellow-gold-double-panthere-tassel-long-strand-necklace-rr8080,RR8080,Cartier,Cartier 18K Yellow Gold Double Panthere Tassel Long Strand Necklace,ACTIVE,Necklaces,true,already-tagged-and-conditioned
bv-david-webb-platinum-18k-yellow-gold-white-enamel-diamond-horse-face-brooch-rr8277,RR8277,David Webb,David Webb Platinum & 18K Yellow Gold White Enamel Diamond Horse Face Brooch,ACTIVE,Brooches,true,already-tagged-and-conditioned
bv-david-webb-platinum-18k-white-gold-rock-crystal-diamonds-black-enamel-pearl-ring-rr8276,RR8276,David Webb,"David Webb Platinum & 18K White Gold Rock Crystal, Diamonds, Black Enamel, Pearl Ring",ACTIVE,Rings,true,already-tagged-and-conditioned
bv-van-cleef-arpels-18k-yellow-gold-perlee-clover-diamond-ring-rr8275,RR8275,Van Cleef & Arpels,Van Cleef & Arpels 18K Yellow Gold Perlee Clover Diamond Ring,ACTIVE,Rings,true,already-tagged-and-conditioned
bv-david-webb-platinum-18k-yellow-gold-green-emerald-and-diamond-flower-brooch-rr8212,RR8212,David Webb,David Webb Platinum & 18K Yellow Gold Green Emerald And Diamond Flower Brooch,ACTIVE,Brooches,true,already-tagged-and-conditioned
bv-david-webb-platinum-18k-yellow-gold-1970s-carved-jade-dragon-style-ring-rr8211,RR8211,David Webb,David Webb Platinum & 18K Yellow Gold 1970's Carved Jade Dragon Style Ring,ACTIVE,Rings,true,already-tagged-and-conditioned
bv-david-webb-platinum-18k-yellow-gold-fleur-de-lis-black-enamel-diamond-ring-rr8208,RR8208,David Webb,David Webb Platinum & 18K Yellow Gold Fleur De Lis Black Enamel Diamond Ring,ACTIVE,Rings,true,already-tagged-and-conditioned
bv-david-webb-platinum-18k-yellow-gold-1960s-round-diamond-openwork-bracelet-rr8193,RR8193,David Webb,David Webb Platinum & 18K Yellow Gold 1960's Round Diamond Openwork Bracelet,ACTIVE,Bracelets,true,already-tagged-and-conditioned
bv-david-webb-platinum-18k-yellow-gold-diamond-and-enamel-anchor-pendant-brooch-rr8155,RR8155,David Webb,David Webb Platinum & 18K Yellow Gold Diamond And Enamel Anchor Pendant Brooch,ACTIVE,Brooches,true,already-tagged-and-conditioned
bv-david-webb-platinum-18k-yellow-gold-cultured-pearl-coral-and-enamel-clip-earrings-rr8147,RR8147,David Webb,"David Webb Platinum & 18K Yellow Gold Cultured Pearl, Coral And Enamel Clip Earrings",ACTIVE,Earrings,true,already-tagged-and-conditioned
bv-david-webb-platinum-18k-yellow-gold-sitting-panthere-with-a-diamond-collar-brooch-rr8145,RR8145,David Webb,David Webb Platinum & 18K Yellow Gold Sitting Panthere With A Diamond Collar Brooch,ACTIVE,Brooches,true,already-tagged-and-conditioned
bv-david-webb-platinum-18k-yellow-gold-diamond-ruby-green-emerald-earrings-rr8170,RR8170,David Webb,"David Webb Platinum & 18K Yellow Gold Diamond, Ruby, Green Emerald Earrings",ACTIVE,Earrings,true,already-tagged-and-conditioned
bv-david-webb-18k-yellow-gold-hammered-doorknockers-large-oversized-earrings-rr8160,RR8160,David Webb,David Webb 18K Yellow Gold Hammered Doorknockers Large Oversized Earrings,ACTIVE,Earrings,true,already-tagged-and-conditioned
bv-david-webb-platinum-18k-yellow-gold-pearl-diamond-black-enamel-ring-rr8156,RR8156,David Webb,"David Webb Platinum & 18K Yellow Gold Pearl, Diamond, Black Enamel Ring",ACTIVE,Rings,true,title-vendor-already-ebay:bv-david-webb-platinum-18k-yellow-gold-pearl-diamond-black-enamel-ring-rr9123
bv-david-webb-platinum-18k-yellow-gold-carved-jade-cuff-bracelet-rr8140,RR8140,David Webb,David Webb Platinum & 18K Yellow Gold Carved Jade Cuff Bracelet,ACTIVE,Bracelets,true,already-tagged-and-conditioned
bv-david-webb-18k-yellow-gold-heraldic-green-emerald-ruby-and-diamond-brooch-rr8138,RR8138,David Webb,David Webb 18K Yellow Gold Heraldic Green Emerald Ruby And Diamond Brooch,ACTIVE,Brooches,true,already-tagged-and-conditioned
bv-david-webb-18k-yellow-gold-green-emerald-cabochon-ruby-and-diamond-bracelet-rr8137,RR8137,David Webb,"David Webb 18K Yellow Gold Green Emerald Cabochon, Ruby And Diamond Bracelet",ACTIVE,Bracelets,true,already-tagged-and-conditioned
bv-david-webb-platinum-18k-yellow-gold-large-hammered-flat-link-diamond-bracelet-rr8136,RR8136,David Webb,David Webb Platinum & 18K Yellow Gold Large Hammered Flat Link Diamond Bracelet,ACTIVE,Bracelets,true,already-tagged-and-conditioned
bv-david-webb-platinum-18k-yellow-gold-black-enamel-vintage-ring-rr8131,RR8131,David Webb,David Webb Platinum & 18K Yellow Gold Black Enamel Vintage Ring,ACTIVE,Rings,true,already-tagged-and-conditioned
bv-david-webb-18k-yellow-gold-black-enamel-vintage-door-knockers-earrings-rr8130,RR8130,David Webb,David Webb 18K Yellow Gold Black Enamel Vintage Door Knockers Earrings,ACTIVE,Earrings,true,already-tagged-and-conditioned
bv-david-webb-18k-yellow-gold-oval-amethyst-and-diamond-hammered-finish-ring-rr8125,RR8125,David Webb,David Webb 18K Yellow Gold Oval Amethyst And Diamond Hammered Finish Ring,ACTIVE,Rings,true,already-tagged-and-conditioned
bv-bvlgari-18k-yellow-gold-carnelian-doorknockers-1970s-earrings-rr8123,RR8123,Bvlgari,Bvlgari 18K Yellow Gold Carnelian Doorknockers 1970's Earrings,ACTIVE,Earrings,true,already-tagged-and-conditioned
bv-david-webb-platinum-18k-yellow-gold-repousse-finish-leopard-bracelet-rr8105,RR8105,David Webb,David Webb Platinum & 18K Yellow Gold Repousse Finish Leopard Bracelet,ACTIVE,Bracelets,true,already-tagged-and-conditioned
bv-david-webb-platinum-18k-yellow-gold-rock-crystal-large-maltese-cross-scroll-pendant-brooch-rr8104,RR8104,David Webb,David Webb Platinum & 18K Yellow Gold Rock Crystal Large Maltese Cross Scroll Pendant Brooch,ACTIVE,Brooches,true,already-tagged-and-conditioned
bv-buccellati-18k-yellow-gold-gemini-malachite-medallion-necklace-rr8095,RR8095,Buccellati,Buccellati 18K Yellow Gold Gemini Malachite Medallion Necklace,ACTIVE,Necklaces,true,already-tagged-and-conditioned
bv-david-webb-18k-yellow-gold-rock-crystal-hoop-earrings-rr8089,RR8089,David Webb,David Webb 18K Yellow Gold Rock Crystal Hoop Earrings,ACTIVE,Earrings,true,already-tagged-and-conditioned
bv-david-webb-platinum-18k-yellow-gold-black-enamel-gold-studded-clip-earrings-rr8085,RR8085,David Webb,David Webb Platinum & 18K Yellow Gold Black Enamel Gold Studded Clip Earrings,ACTIVE,Earrings,true,already-tagged-and-conditioned
bv-cartier-18k-white-gold-lakarda-wrap-panthere-ring-rr8082,RR8082,Cartier,Cartier 18K White Gold Lakarda Wrap Panthere Ring,ACTIVE,Rings,true,already-tagged-and-conditioned
bv-david-webb-platinum-18k-yellow-gold-fleur-de-lis-white-enamel-ring-rr8077,RR8077,David Webb,David Webb Platinum & 18K Yellow Gold Fleur De Lis White Enamel Ring,ACTIVE,Rings,true,already-tagged-and-conditioned
bv-david-webb-18k-yellow-gold-7-00-carat-pave-set-cushion-shaped-diamond-clip-earrings-rr8070,RR8070,David Webb,David Webb 18K Yellow Gold 7.00 Carat Pave Set Cushion Shaped Diamond Clip Earrings,ACTIVE,Earrings,true,already-tagged-and-conditioned
bv-david-webb-platinum-18k-yellow-gold-20-00-carat-diamond-flower-brooch-rr8069,RR8069,David Webb,David Webb Platinum & 18K Yellow Gold 20.00 Carat Diamond Flower Brooch,ACTIVE,Brooches,true,already-tagged-and-conditioned
bv-david-webb-platinum-21-00-carats-1960s-diamond-floral-brooch-rr8068,RR8068,David Webb,David Webb Platinum 21.00 Carats 1960's Diamond Floral Brooch,ACTIVE,Brooches,true,already-tagged-and-conditioned
bv-david-webb-18k-yellow-gold-hammered-wide-cuff-with-diamonds-bracelet-rr8067,RR8067,David Webb,David Webb 18K Yellow Gold Hammered Wide Cuff With Diamonds Bracelet,ACTIVE,Bracelets,true,already-tagged-and-conditioned
bv-david-webb-platinum-18k-yellow-gold-textured-nugget-diamond-slope-earrings-rr8055,RR8055,David Webb,David Webb Platinum & 18K Yellow Gold Textured Nugget Diamond Slope Earrings,ACTIVE,Earrings,true,already-tagged-and-conditioned
bv-david-webb-platinum-18k-yellow-gold-textured-nugget-style-1-62cts-bracelet-rr8054,RR8054,David Webb,David Webb Platinum & 18K Yellow Gold Textured Nugget Style 1.62cts Bracelet,ACTIVE,Bracelets,true,already-tagged-and-conditioned
bv-cartier-18k-white-gold-ceramic-black-lacquer-panthere-necklace-rr8051,RR8051,Cartier,"Cartier 18K White Gold Ceramic, Black Ceramic, Panthere Necklace",ACTIVE,Necklaces,true,already-tagged-and-conditioned
bv-david-webb-18k-yellow-gold-nugget-diamond-articulated-bracelet-rr8037,RR8037,David Webb,David Webb 18K Yellow Gold Nugget Diamond Articulated Bracelet,ACTIVE,Bracelets,true,already-tagged-and-conditioned
bv-david-webb-blue-lapis-diamonds-and-white-enamel-earrings-rr8036,RR8036,David Webb,"David Webb Blue Lapis, Diamonds And White Enamel Earrings",ACTIVE,Earrings,true,already-tagged-and-conditioned
bv-david-webb-18k-yellow-gold-power-architectural-bracelet-rr8033,RR8033,David Webb,David Webb 18K Yellow Gold Power Architectural Bracelet,ACTIVE,Bracelets,true,already-tagged-and-conditioned
bv-chopard-18k-white-gold-20-carat-micro-pave-diamond-link-bracelet-rr8023,RR8023,Chopard,Chopard 18K White Gold 20 Carat Micro Pave Diamond Link Bracelet,ACTIVE,Bracelets,true,already-tagged-and-conditioned
bv-bvlgari-18k-white-gold-parentesi-gemstone-and-diamond-chain-bracelet-rr8020,RR8020,Bvlgari,Bvlgari 18K White Gold Parentesi Gemstone And Diamond Chain Bracelet,ACTIVE,Bracelets,true,sku-already-ebay:bvlgari-18k-white-gold-parentesi-gemstone-and-diamond-chain-bracelet-rr8020
bv-david-webb-platinum-18k-yellow-gold-white-enamel-articulated-bracelet-rr7992,RR7992,David Webb,David Webb Platinum & 18K Yellow Gold White Enamel Articulated Bracelet,ACTIVE,Bracelets,true,already-tagged-and-conditioned
bv-bvlgari-18k-white-gold-mother-of-pearl-illusion-diamond-cocktail-ring-rr7989,RR7989,Bvlgari,Bvlgari 18K White Gold Mother Of Pearl Illusion Diamond Cocktail Ring,ACTIVE,Rings,true,sku-already-ebay:bvlgari-18k-white-gold-mother-of-pearl-illusion-diamond-cocktail-ring-rr7989
bv-david-webb-18k-yellow-gold-gold-beehive-shield-clip-earrings-rr7981,RR7981,David Webb,David Webb 18K Yellow Gold Gold Beehive Shield Clip Earrings,ACTIVE,Earrings,true,already-tagged-and-conditioned
bv-cartier-18k-white-gold-santos-100-unisex-white-gold-diamond-watch-rr7980,RR7980,Cartier,Pre-Owned Cartier 18K White Gold Santos 100 Unisex White Gold Diamond Unisex Watch,ACTIVE,Watch,true,watch
bv-david-webb-platinum-18k-yellow-gold-diamond-and-pearl-circular-openwork-brooch-rr7979,RR7979,David Webb,David Webb Platinum & 18K Yellow Gold Diamond And Pearl Circular Openwork Brooch,ACTIVE,Brooches,true,already-tagged-and-conditioned
bv-david-webb-18k-white-gold-ruby-emerald-and-sapphire-door-knockers-earrings-rr7953,RR7953,David Webb,"David Webb 18K White Gold Ruby, Emerald And Sapphire Door Knockers Earrings",ACTIVE,Earrings,true,already-tagged-and-conditioned
bv-david-webb-platinum-18k-yellow-gold-multi-color-gemstone-and-diamond-earrings-rr7187,RR7187,David Webb,David Webb Platinum & 18K Yellow Gold Multi Color Gemstone And Diamond Earrings,ACTIVE,Earrings,true,already-tagged-and-conditioned
bv-david-webb-platinum-18k-yellow-gold-white-enamel-high-dome-ring-rr7987,RR7987,David Webb,David Webb Platinum & 18K Yellow Gold White Enamel High Dome Ring,ACTIVE,Rings,true,already-tagged-and-conditioned
bv-van-cleef-arpels-18k-white-gold-romance-in-paris-charm-bracelet-rr7969,RR7969,Van Cleef & Arpels,Van Cleef & Arpels 18K White Gold Romance In Paris Charm Bracelet,ACTIVE,Bracelets,true,already-tagged-and-conditioned
bv-david-webb-18k-yellow-gold-rock-crystal-monkey-pendant-rr7963,RR7963,David Webb,David Webb 18K Yellow Gold Rock Crystal Monkey Pendant,ACTIVE,Pendants,true,already-tagged-and-conditioned
bv-chopard-18k-rose-gold-happy-diamonds-necklace-rr7954,RR7954,Chopard,Chopard 18K Rose Gold Happy Diamonds Necklace,ACTIVE,Necklaces,true,already-tagged-and-conditioned
bv-david-webb-18k-yellow-gold-white-enamel-gold-and-diamond-linked-collar-necklace-rr7951,RR7951,David Webb,David Webb 18K Yellow Gold White Enamel Gold And Diamond Linked Collar Necklace,ACTIVE,Necklaces,true,already-tagged-and-conditioned
bv-david-webb-platinum-18k-yellow-gold-white-enamel-diamond-metro-collection-earrings-rr7949,RR7949,David Webb,David Webb Platinum & 18K Yellow Gold White Enamel Diamond Metro Collection Earrings,ACTIVE,Earrings,true,already-tagged-and-conditioned
bv-david-webb-platinum-18k-yellow-gold-hammered-gold-and-black-enamel-clip-earrings-rr7915,RR7915,David Webb,David Webb Platinum & 18K Yellow Gold Hammered Gold And Black Enamel Clip Earrings,ACTIVE,Earrings,true,already-tagged-and-conditioned
bv-david-webb-18k-yellow-gold-1979-taurus-bull-hinged-wide-cuff-bracelet-rr7903,RR7903,David Webb,David Webb 18K Yellow Gold 1979 Taurus Bull Hinged Wide Cuff Bracelet,ACTIVE,Bracelets,true,already-tagged-and-conditioned
bv-david-webb-18k-yellow-gold-tiger-eye-star-pendant-rr7867,RR7867,David Webb,David Webb 18K Yellow Gold Tiger Eye Star Pendant,ACTIVE,Pendants,true,already-tagged-and-conditioned
bv-david-webb-18k-yellow-gold-lighting-bolt-modern-link-cubist-design-bracelet-rr7966,RR7966,David Webb,David Webb 18K Yellow Gold Lightning Bolt Modern Link Cubist Design Bracelet,ACTIVE,Bracelets,true,already-tagged-and-conditioned
bv-david-webb-18k-yellow-gold-white-enamel-and-8-00cttw-diamond-knot-brooch-rr7945,RR7945,David Webb,David Webb 18K Yellow Gold White Enamel And 8.00cttw Diamond Knot Brooch,ACTIVE,Brooches,true,already-tagged-and-conditioned
bv-david-webb-platinum-18k-yellow-gold-onyx-and-coral-drop-door-knocker-earrings-rr7927,RR7927,David Webb,David Webb Platinum & 18K Yellow Gold Onyx And Coral Drop Door Knocker Earrings,ACTIVE,Earrings,true,already-tagged-and-conditioned
bv-david-webb-platinum-18k-yellow-gold-cushion-cut-amethyst-and-diamond-clip-on-earrings-rr7917,RR7917,David Webb,David Webb Platinum & 18K Yellow Gold Cushion Cut Amethyst And Diamond Clip On Earrings,ACTIVE,Earrings,true,already-tagged-and-conditioned
bv-david-webb-platinum-18k-yellow-gold-hammered-link-twist-chain-necklace-rr7845,RR7845,David Webb,David Webb Platinum & 18K Yellow Gold Hammered Link Twist Chain Necklace,ACTIVE,Necklaces,true,already-tagged-and-conditioned
bv-david-webb-platinum-18k-white-gold-oval-and-round-cut-diamond-cluster-earrings-rr7837,RR7837,David Webb,David Webb Platinum & 18K White Gold Oval And Round Cut Diamond Cluster Earrings,ACTIVE,Earrings,true,already-tagged-and-conditioned
bv-david-webb-platinum-18k-yellow-gold-zodiac-aries-large-pendant-rr7836,RR7836,David Webb,David Webb Platinum & 18K Yellow Gold Zodiac Aries Large Pendant,ACTIVE,Pendants,true,already-tagged-and-conditioned
bv-david-webb-platinum-18k-yellow-gold-large-ancient-world-open-link-necklace-rr7834,RR7834,David Webb,David Webb Platinum & 18K Yellow Gold Large Ancient World Open Link Necklace,ACTIVE,Necklaces,true,already-tagged-and-conditioned
bv-david-webb-platinum-18k-yellow-gold-zodiac-aquarius-pendant-rr7870,RR7870,David Webb,David Webb Platinum & 18K Yellow Gold Zodiac Aquarius Pendant,ACTIVE,Pendants,true,already-tagged-and-conditioned
bv-cartier-juste-un-clou-18k-rose-gold-diamond-chain-35-inch-necklace-rr7858,RR7858,Cartier,Cartier Juste Un Clou 18K Rose Gold Diamond Chain 35 Inch Necklace,ACTIVE,Necklaces,true,already-tagged-and-conditioned
bv-david-webb-18k-yellow-gold-large-dome-oval-button-signature-hammered-earrings-rr7920,RR7920,David Webb,David Webb 18K Yellow Gold Large Dome Oval Button Signature Hammered Earrings,ACTIVE,Earrings,true,already-tagged-and-conditioned
bv-david-webb-platinum-18k-yellow-gold-large-oversized-jade-ruby-clip-on-earrings-rr7919,RR7919,David Webb,David Webb Platinum & 18K Yellow Gold Large Oversized Jade Ruby Clip On Earrings,ACTIVE,Earrings,true,already-tagged-and-conditioned
bv-david-webb-gold-black-enamel-diamond-signature-earrings-rr7201,RR7201,David Webb,David Webb Gold Black Enamel Diamond Signature Earrings,ACTIVE,Earrings,true,already-tagged-and-conditioned
bv-van-cleef-arpels-18k-yellow-gold-diamond-cover-open-link-watch-rr7666,RR7666,Van Cleef & Arpels,Pre-Owned Van Cleef & Arpels 18K Yellow Gold Diamond Cover Open Link Watch,ACTIVE,Watch,true,watch
bv-david-webb-platinum-18k-yellow-gold-paisley-diamond-earrings-rr7662,RR7662,David Webb,David Webb Platinum & 18K Yellow Gold Paisley Diamond Earrings,ACTIVE,Earrings,true,already-tagged-and-conditioned
bv-david-webb-18k-yellow-gold-hammered-finish-jumbo-shrimp-earrings-rr7661,RR7661,David Webb,David Webb 18K Yellow Gold Hammered Finish Jumbo Shrimp Earrings,ACTIVE,Earrings,true,already-tagged-and-conditioned
bv-david-webb-18k-yellow-gold-pink-coral-cluster-and-diamond-brooch-rr7652,RR7652,David Webb,David Webb 18K Yellow Gold Pink Coral Cluster And Diamond Brooch,ACTIVE,Brooches,true,already-tagged-and-conditioned
bv-david-webb-platinum-18k-yellow-gold-azurmalachite-earrings-rr7648,RR7648,David Webb,David Webb Platinum & 18K Yellow Gold Azurmalachite Earrings,ACTIVE,Earrings,true,already-tagged-and-conditioned
bv-david-webb-platinum-18k-yellow-gold-diamond-oval-clip-on-earrings-rr7743,RR7743,David Webb,David Webb Platinum & 18K Yellow Gold Diamond Oval Clip On Earrings,ACTIVE,Earrings,true,already-tagged-and-conditioned
bv-van-cleef-arpels-18k-white-gold-sweet-alhambra-diamond-size-47-ring-rr7766,RR7766,Van Cleef & Arpels,Van Cleef & Arpels 18K White Gold Sweet Alhambra Diamond Size 47 Ring,ARCHIVED,Rings,false,status:ARCHIVED
bv-van-cleef-arpels-18k-yellow-gold-pave-round-diamond-cluster-earrings-rr7748,RR7748,Van Cleef & Arpels,Van Cleef & Arpels 18K Yellow Gold Pave Round Diamond Cluster Earrings,ACTIVE,Earrings,true,already-tagged-and-conditioned
bv-cartier-18k-white-gold-legers-diamants-spotlight-necklace-rr7785,RR7785,Cartier,Cartier 18K White Gold L'egers Diamants Spotlight Necklace,ACTIVE,Necklaces,true,already-tagged-and-conditioned
bv-van-cleef-arpels-18k-yellow-gold-1960s-turquoise-pearl-drop-dangle-earrings-rr7713,RR7713,Van Cleef & Arpels,Van Cleef & Arpels 18K Yellow Gold 1960's Turquoise Pearl Drop Dangle Earrings,ACTIVE,Earrings,true,already-tagged-and-conditioned
bv-david-webb-18k-yellow-gold-black-enamel-and-diamond-tear-drop-earrings-rr7793,RR7793,David Webb,David Webb 18K Yellow Gold Black Enamel And Diamond Tear Drop Earrings,ACTIVE,Earrings,true,already-tagged-and-conditioned
bv-david-webb-platinum-18k-yellow-gold-faceted-coral-and-diamond-bracelet-rr7769,RR7769,David Webb,David Webb Platinum & 18K Yellow Gold Faceted Coral And Diamond Bracelet,ACTIVE,Bracelets,true,already-tagged-and-conditioned
bv-david-webb-18k-yellow-gold-black-enamel-diamond-and-coral-barrel-shaped-earrings-rr7768,RR7768,David Webb,"David Webb 18K Yellow Gold Black Enamel, Diamond And Coral Barrel Shaped Earrings",ACTIVE,Earrings,true,already-tagged-and-conditioned
bv-david-webb-platinum-18k-yellow-gold-white-enamel-and-diamond-ring-rr7757,RR7757,David Webb,David Webb Platinum & 18K Yellow Gold White Enamel And Diamond Ring,ACTIVE,Rings,true,title-vendor-already-ebay:bv-david-webb-platinum-18k-yellow-gold-white-enamel-and-diamond-ring-rr9482
bv-david-webb-yellow-gold-black-panther-mens-suit-set-cuff-links-rr7747,RR7747,David Webb,David Webb Yellow Gold Black Panther Mens Suit Set Cuff Links,ACTIVE,Cufflinks,true,already-tagged-and-conditioned
bv-david-webb-platinum-18k-yellow-gold-black-and-white-enamel-bangle-bracelet-rr7740,RR7740,David Webb,David Webb Platinum & 18K Yellow Gold Black And White Enamel Bangle Bracelet,ACTIVE,Bracelets,true,already-tagged-and-conditioned
bv-david-webb-cabochon-sapphire-emerald-and-ruby-bear-paw-earrings-rr7717,RR7717,David Webb,"David Webb Cabochon Sapphire, Emerald And Ruby Bear Paw Earrings",ACTIVE,Earrings,true,already-tagged-and-conditioned
bv-david-webb-platinum-18k-yellow-gold-diamond-sapphire-emerald-and-ruby-hoop-earrings-rr7779,RR7779,David Webb,"David Webb Platinum & 18K Yellow Gold Diamond, Sapphire, Emerald And Ruby Hoop Earrings",ACTIVE,Earrings,true,already-tagged-and-conditioned
bv-tiffany-co-18k-yellow-gold-light-pink-coral-textured-semi-flex-vintage-bracelet-rr7631,RR7631,Tiffany & Co.,Tiffany & Co. 18K Yellow Gold Light Pink Coral Textured Semi Flex Vintage Bracelet,ACTIVE,Bracelets,true,already-tagged-and-conditioned
bv-david-webb-platinum-18k-yellow-gold-warty-textured-diamond-sections-wide-bracelet-rr7611,RR7611,David Webb,David Webb Platinum & 18K Yellow Gold Warty Textured Diamond Sections Wide Bracelet,ACTIVE,Bracelets,true,already-tagged-and-conditioned
bv-david-webb-18k-yellow-gold-carvd-coral-diamond-pear-drop-clip-earrings-rr7594,RR7594,David Webb,David Webb 18K Yellow Gold Carvd Coral Diamond Pear Drop Clip Earrings,ACTIVE,Earrings,true,already-tagged-and-conditioned
bv-van-cleef-arpels-facade-18k-yellow-gold-vintage-watch-rr7571,RR7571,Van Cleef & Arpels,Pre-Owned Van Cleef & Arpels Façade 18K Yellow Gold Vintage Women Watch,ACTIVE,Watch,true,watch
bv-van-cleef-arpels-18k-white-gold-diamond-orchid-5-00cts-brooch-rr7561,RR7561,Van Cleef & Arpels,Van Cleef & Arpels 18K White Gold Diamond Orchid 5.00cts Brooch,ACTIVE,Brooches,true,already-tagged-and-conditioned
bv-cartier-18k-white-gold-diamond-panthere-tassel-pendant-on-a-cartier-chain-necklace-rr7559,RR7559,Cartier,Cartier 18K White Gold Diamond Panthere Tassel Pendant On A Cartier Chain Necklace,ACTIVE,Necklaces,true,already-tagged-and-conditioned
bv-cartier-18k-white-gold-high-polished-panthere-lakarda-ring-rr7558,RR7558,Cartier,Cartier 18K White Gold High Polished Panthere Lakarda Ring,ACTIVE,Rings,true,already-tagged-and-conditioned
bv-cartier-18k-white-gold-maillon-panthere-three-diamond-row-ring-rr7554,RR7554,Cartier,Cartier 18K White Gold Maillon Panthere Three Diamond Row Ring,ACTIVE,Rings,true,already-tagged-and-conditioned
bv-david-webb-18k-yellow-gold-convertable-chain-with-a-french-jade-necklace-rr7540,RR7540,David Webb,David Webb 18K Yellow Gold Chain With A French Jade Necklace,ACTIVE,Necklaces,true,already-tagged-and-conditioned
bv-david-webb-18k-yellow-gold-1970s-tiger-stripe-black-enamel-dome-ring-rr7520,RR7520,David Webb,David Webb 18K Yellow Gold 1970's Tiger Stripe Black Enamel Dome Ring,ACTIVE,Rings,true,already-tagged-and-conditioned
bv-chopard-18k-white-gold-good-fortune-diamond-round-pendant-rr7494,RR7494,Chopard,Chopard 18K White Gold Good Fortune Diamond Round Pendant,ACTIVE,Pendants,true,sku-already-ebay:chopard-18k-white-gold-good-fortune-diamond-round-pendant-rr7494
bv-david-webb-18k-yellow-gold-diamond-aquamarine-square-shaped-earrings-rr7478,RR7478,David Webb,David Webb 18K Yellow Gold Diamond & Aquamarine Square Shaped Earrings,ACTIVE,Earrings,true,already-tagged-and-conditioned
bv-david-webb-platinum-18k-yellow-gold-16-carats-diamond-dome-clip-earrings-rr7468,RR7468,David Webb,David Webb Platinum & 18K Yellow Gold 16 Carats Diamond Dome Clip Earrings,ACTIVE,Earrings,true,already-tagged-and-conditioned
bv-david-webb-platinum-18k-yellow-gold-black-enamel-and-diamond-ring-rr7429,RR7429,David Webb,David Webb Platinum & 18K Yellow Gold Black Enamel And Diamond Ring,ACTIVE,Rings,true,title-vendor-already-ebay:bv-david-webb-platinum-18k-yellow-gold-black-enamel-and-diamond-ring-rr6484
bv-david-webb-platinum-18k-yellow-gold-fluted-diamond-and-pearl-clip-on-earrings-rr7428,RR7428,David Webb,David Webb Platinum & 18K Yellow Gold Fluted Diamond And Pearl Clip-On Earrings,ACTIVE,Earrings,true,already-tagged-and-conditioned
bv-david-webb-platinum-18k-yellow-gold-textured-gold-and-diamond-earrings-rr7427,RR7427,David Webb,David Webb Platinum & 18K Yellow Gold Textured Gold And Diamond Earrings,ACTIVE,Earrings,true,already-tagged-and-conditioned
bv-david-webb-18k-yellow-gold-turquoise-beads-and-diamond-earrings-rr7097,RR7097,David Webb,David Webb 18K Yellow Gold Turquoise Beads And Diamond Earrings,ACTIVE,Earrings,true,already-tagged-and-conditioned
bv-david-webb-platinum-18k-yellow-gold-carved-amethyst-multi-strand-lavender-bead-necklace-rr7333,RR7333,David Webb,David Webb Platinum & 18K Yellow Gold Carved Amethyst Multi-Strand Lavender Bead Necklace,ACTIVE,Necklaces,true,already-tagged-and-conditioned
bv-cartier-18k-yellow-gold-nigeria-onyx-and-white-diamonds-ring-rr7331,RR7331,Cartier,Cartier 18K Yellow Gold Nigeria Onyx And White Diamonds Ring,ACTIVE,Rings,true,already-tagged-and-conditioned
bv-david-webb-platinum-18k-yellow-gold-1980s-color-gemstone-red-green-and-blue-diamond-earrings-rr7328,RR7328,David Webb,"David Webb Platinum & 18K Yellow Gold 1980's Color Gemstone Red, Green And Blue Diamond Earrings",ACTIVE,Earrings,true,already-tagged-and-conditioned
bv-chopard-18k-yellow-gold-pave-heart-shape-floating-diamond-ring-rr7462,RR7462,Chopard,Chopard 18K Yellow Gold Pave Heart Shape Floating Diamond Ring,ACTIVE,Rings,true,sku-already-ebay:chopard-18k-yellow-gold-pave-heart-shape-floating-diamond-ring-rr7462
bv-david-webb-platinum-18-92-cts-diamond-flower-brooch-rr7418,RR7418,David Webb,David Webb Platinum 18.92 CTS Diamond Flower Brooch,ACTIVE,Brooches,true,already-tagged-and-conditioned
bv-david-webb-platinum-18k-yellow-gold-carved-lapis-cuff-diamond-bracelet-rr7451,RR7451,David Webb,David Webb Platinum & 18K Yellow Gold Carved Lapis Cuff Diamond Bracelet,ACTIVE,Bracelets,true,already-tagged-and-conditioned
bv-cartier-18k-white-gold-la-dona-diamond-eu-51-ring-rr7431,RR7431,Cartier,Cartier 18K White Gold La Dona Diamond Eu 51 Ring,ACTIVE,Rings,true,already-tagged-and-conditioned
bv-david-webb-18k-yellow-gold-1970s-angel-skin-coral-twisted-rope-round-button-earrings-rr7389,RR7389,David Webb,David Webb 18K Yellow Gold 1970's Angel Skin Coral Twisted Rope Round Button Earrings,ACTIVE,Earrings,true,already-tagged-and-conditioned
bv-david-webb-18k-yellow-gold-coral-black-enamel-and-diamond-bombe-earrings-rr7350,RR7350,David Webb,"David Webb 18K Yellow Gold Coral, Black Enamel And Diamond Bombe Earrings",ACTIVE,Earrings,true,already-tagged-and-conditioned
bv-cartier-panthere-18k-yellow-gold-skeleton-ring-rr6728,RR6728,Cartier,Cartier Panthere 18K Yellow Gold Skeleton Ring,ACTIVE,Rings,true,already-tagged-and-conditioned
bv-bvlgari-platinum-40-carat-diamond-1960s-necklace-rr7317,RR7317,Bvlgari,Bvlgari Platinum 40 Carat Diamond 1960's Necklace,ACTIVE,Necklaces,true,already-tagged-and-conditioned
bv-david-webb-platinum-18k-yellow-gold-round-disks-with-diamond-blot-lightning-earrings-rr7314,RR7314,David Webb,David Webb Platinum & 18K Yellow Gold Round Disks With Diamond Blot Lightning Earrings,ACTIVE,Earrings,true,already-tagged-and-conditioned
bv-david-webb-18k-yellow-gold-nephrite-ruby-lion-ring-rr7309,RR7309,David Webb,"David Webb 18K Yellow Gold Nephrite, Ruby Lion Ring",ACTIVE,Rings,true,already-tagged-and-conditioned
bv-david-webb-platinum-18k-white-gold-rock-crystal-diamond-arch-ring-rr7260,RR7260,David Webb,David Webb Platinum & 18K White Gold Rock Crystal Diamond Arch Ring,ACTIVE,Rings,true,already-tagged-and-conditioned
bv-david-webb-platinum-18k-yellow-gold-oval-bombe-pave-diamond-earrings-rr7251,RR7251,David Webb,David Webb Platinum & 18K Yellow Gold Oval Bombe Pave Diamond Earrings,ACTIVE,Earrings,true,already-tagged-and-conditioned
bv-david-webb-yellow-gold-link-black-enamel-diamond-chain-necklace-rr7147,RR7147,David Webb,David Webb Yellow Gold Link Black Enamel Diamond Chain Necklace,ACTIVE,Necklaces,true,already-tagged-and-conditioned
bv-david-webb-platinum-18k-yellow-gold-rock-crystal-diamond-frog-brooch-rr7224,RR7224,David Webb,David Webb Platinum & 18K Yellow Gold Rock Crystal Diamond Frog Brooch,ACTIVE,Brooches,true,already-tagged-and-conditioned
bv-david-webb-platinum-18k-yellow-gold-rock-crystal-carved-clip-on-earrings-rr7223,RR7223,David Webb,David Webb Platinum & 18K Yellow Gold Rock Crystal Carved Clip On Earrings,ACTIVE,Earrings,true,already-tagged-and-conditioned
bv-david-webb-platinum-18k-yellow-gold-domed-rock-crystal-diamond-earrings-rr7221,RR7221,David Webb,David Webb Platinum & 18K Yellow Gold Domed Rock Crystal Diamond Earrings,ACTIVE,Earrings,true,already-tagged-and-conditioned
bv-david-webb-18k-yellow-gold-coral-and-diamond-1960s-bracelet-rr7119,RR7119,David Webb,David Webb 18K Yellow Gold Coral And Diamond 1960's Bracelet,ACTIVE,Bracelets,true,already-tagged-and-conditioned
bv-david-webb-platinum-18k-yellow-gold-black-enamel-pearl-and-diamond-ring-rr7114,RR7114,David Webb,"David Webb Platinum & 18K Yellow Gold Black Enamel, Pearl And Diamond Ring",ACTIVE,Rings,true,already-tagged-and-conditioned
bv-david-webb-18k-yellow-gold-white-enamel-onion-dome-earrings-rr7110,RR7110,David Webb,David Webb 18K Yellow Gold White Enamel Onion Dome Earrings,ACTIVE,Earrings,true,already-tagged-and-conditioned
bv-cartier-18k-yellow-gold-falcon-head-anoubois-ring-rr7106,RR7106,Cartier,Cartier 18K Yellow Gold Falcon Head Anoubois Ring,ACTIVE,Rings,true,already-tagged-and-conditioned
bv-david-webb-18k-yellow-gold-amethyst-multistrand-bracelet-rr6683,RR6683,David Webb,David Webb 18K Yellow Gold Amethyst Multistrand Bracelet,ACTIVE,Bracelets,true,already-tagged-and-conditioned
bv-david-webb-platinum-18k-yellow-gold-green-and-blue-checkerboard-enamel-clip-on-earrings-rr6760,RR6760,David Webb,David Webb Platinum & 18K Yellow Gold Green And Blue Checkerboard Enamel Clip-On Earrings,ACTIVE,Earrings,true,already-tagged-and-conditioned
bv-david-webb-platinum-18k-yellow-gold-emerald-ruby-and-diamond-clip-earrings-rr7066,RR7066,David Webb,"David Webb Platinum & 18K Yellow Gold Emerald, Ruby And Diamond Clip Earrings",ACTIVE,Earrings,true,already-tagged-and-conditioned
bv-david-webb-platinum-18k-yellow-gold-amethyst-teardrop-clip-earrings-rr7062,RR7062,David Webb,David Webb Platinum & 18K Yellow Gold Amethyst Teardrop Clip Earrings,ACTIVE,Earrings,true,already-tagged-and-conditioned
bv-david-webb-platinum-18k-yellow-gold-soft-cushion-shaped-pearl-and-diamond-earrings-rr7061,RR7061,David Webb,David Webb Platinum & 18K Yellow Gold Soft Cushion Shaped Pearl And Diamond Earrings,ACTIVE,Earrings,true,already-tagged-and-conditioned
bv-bvlgari-18k-yellow-gold-sq-22-2t-quadrato-tubogas-diamond-bezel-watch-rr7039,RR7039,Bvlgari,Pre-Owned Bvlgari 18K Yellow Gold Sq 22 2t Quadrato Tubogas Diamond Bezel Women Watch,ACTIVE,Watch,true,watch
bv-hermes-stainless-steel-kelly-pm-double-tour-gold-tone-blue-watch-rr2954,RR2954,Hermès,Pre-Owned Hermès Stainless Steel Kelly Pm Double Tour Gold Tone Blue Women Watch,ARCHIVED,Watch,false,watch
bv-hermes-stainless-steel-mother-of-pearl-dial-watch-rr2613,RR2613,Hermès,Pre-Owned Hermès Stainless Steel Mother Of Pearl Dial Women Watch,ARCHIVED,Watch,false,watch
bv-david-webb-platinum-18k-yellow-gold-black-enamel-seashell-earrings-rr7027,RR7027,David Webb,David Webb Platinum & 18K Yellow Gold Black Enamel Seashell Earrings,ACTIVE,Earrings,true,already-tagged-and-conditioned
bv-david-webb-platinum-18k-yellow-gold-hammered-teardrop-diamond-earrings-rr7023,RR7023,David Webb,"David Webb Platinum & 18K Yellow Gold Hammered Teardrop, Diamond Earrings",ACTIVE,Earrings,true,already-tagged-and-conditioned
bv-david-webb-18k-yellow-gold-hexagonal-shaped-azurmalachite-necklace-rr7022,RR7022,David Webb,David Webb 18K Yellow Gold Hexagonal-Shaped Azurmalachite Necklace,ACTIVE,Necklaces,true,already-tagged-and-conditioned
bv-david-webb-18k-yellow-gold-azurite-malachite-ruby-diamond-earrings-rr7021,RR7021,David Webb,"David Webb 18K Yellow Gold Azurite-Malachite, Ruby, Diamond Earrings",ACTIVE,Earrings,true,already-tagged-and-conditioned
bv-david-webb-18k-yellow-gold-hammered-braid-huggie-earrings-rr6759,RR6759,David Webb,David Webb 18K Yellow Gold Hammered Braid Huggie Earrings,ACTIVE,Earrings,true,already-tagged-and-conditioned
bv-david-webb-18k-white-gold-diamond-amethysts-ruby-and-pearl-brooch-rr6997,RR6997,David Webb,"David Webb 18K White Gold Diamond, Amethysts, Ruby And Pearl Brooch",ACTIVE,Brooches,true,already-tagged-and-conditioned
bv-david-webb-18k-yellow-gold-black-enamel-fluted-shrimp-earrings-rr6959,RR6959,David Webb,David Webb 18K Yellow Gold Black Enamel Fluted Shrimp Earrings,ACTIVE,Earrings,true,already-tagged-and-conditioned
bv-david-webb-platinum-green-emerald-and-diamond-flexible-bracelet-rr6951,RR6951,David Webb,David Webb Platinum Green Emerald And Diamond Flexible Bracelet,ACTIVE,Bracelets,true,already-tagged-and-conditioned
bv-david-webb-18k-yellow-gold-cabochon-emerald-diamond-flower-ring-rr6943,RR6943,David Webb,David Webb 18K Yellow Gold Green Emerald Diamond Flower Ring,ACTIVE,Rings,true,already-tagged-and-conditioned
bv-david-webb-vreeland-diamond-zebra-black-white-enamel-earrings-rr6928,RR6928,David Webb,David Webb Vreeland Diamond Zebra Black & White Enamel Earrings,ARCHIVED,Earrings,true,status:ARCHIVED
bv-david-webb-platinum-18k-yellow-gold-3-carat-diamond-and-black-enamel-earrings-rr6923,RR6923,David Webb,David Webb Platinum & 18K Yellow Gold 3 Carat Diamond And Black Enamel Earrings,ACTIVE,Earrings,true,already-tagged-and-conditioned
bv-david-webb-fluted-coral-black-enamel-diamond-clip-on-earrings-rr5726,RR5726,David Webb,"David Webb Fluted Coral, Black Enamel, Diamond Clip-On Earrings",ACTIVE,Earrings,true,already-tagged-and-conditioned
bv-david-webb-18k-yellow-gold-purple-amethyst-rhombus-ring-rr6918,RR6918,David Webb,David Webb 18K Yellow Gold Purple Amethyst Rhombus Ring,ACTIVE,Rings,true,already-tagged-and-conditioned
bv-david-webb-platinum-18k-yellow-gold-diamnd-and-ruby-bracelet-rr6907,RR6907,David Webb,David Webb Platinum & 18K Yellow Gold Diamnd And Ruby Bracelet,ACTIVE,Bracelets,true,already-tagged-and-conditioned
bv-david-webb-platinum-1970s-green-emerald-and-diamond-hanging-earrings-rr6906,RR6906,David Webb,David Webb Platinum 1970's Green Emerald And Diamond Hanging Earrings,ACTIVE,Earrings,true,already-tagged-and-conditioned
bv-david-webb-platinum-18k-yellow-gold-black-enamel-and-diamond-round-clip-earrings-rr6904,RR6904,David Webb,David Webb Platinum & 18K Yellow Gold Black Enamel And Diamond Round Clip Earrings,ACTIVE,Earrings,true,already-tagged-and-conditioned
bv-harry-winston-18k-yellow-gold-lapis-ruby-diamond-earrings-rr6888,RR6888,Harry Winston,"Harry Winston 18K Yellow Gold Lapis, Ruby, Diamond Earrings",ACTIVE,Earrings,true,already-tagged-and-conditioned
bv-david-webb-18k-yellow-gold-jade-diamond-black-enamel-statement-ring-rr6876,RR6876,David Webb,"David Webb 18K Yellow Gold Jade, Diamond, Black Enamel Statement Ring",ACTIVE,Rings,true,already-tagged-and-conditioned
bv-david-webb-coral-18k-yellow-gold-angel-skin-chimeral-diamond-bracelet-rr6295,RR6295,David Webb,David Webb Coral 18K Yellow Gold Angel Skin Chimeral & Diamond Bracelet,ACTIVE,Bracelets,true,already-tagged-and-conditioned
bv-david-webb-18k-yellow-gold-mabe-pearl-ring-rr6851,RR6851,David Webb,David Webb 18K Yellow Gold Mabe Pearl Ring,ACTIVE,Rings,true,already-tagged-and-conditioned
bv-david-webb-platinum-18k-yellow-gold-oval-citrine-and-diamond-ring-rr6811,RR6811,David Webb,David Webb Platinum & 18K Yellow Gold Oval Citrine And Diamond Ring,ACTIVE,Rings,true,already-tagged-and-conditioned
bv-tiffany-co-18k-yellow-gold-snowflake-with-lapis-rubies-and-diamonds-brooch-rr6804,RR6804,Tiffany & Co.,"Tiffany & Co. 18K Yellow Gold Snowflake With Lapis, Rubies And Diamonds Brooch",ACTIVE,Brooches,true,already-tagged-and-conditioned
bv-david-webb-18k-yellow-gold-1970s-multicolor-gemstone-brooch-rr6803-1,RR6803,David Webb,David Webb 18K Yellow Gold 1970's Multicolor Gemstone Brooch,ACTIVE,Brooches,true,already-tagged-and-conditioned
bv-david-webb-platinum-18k-yellow-gold-jumbo-shrimp-clip-on-earrings-rr6836,RR6836,David Webb,David Webb Platinum & 18K Yellow Gold Jumbo Shrimp Clip-On Earrings,ACTIVE,Earrings,true,already-tagged-and-conditioned
bv-david-webb-platinum-18k-yellow-gold-black-enamel-cushion-clip-on-earrings-rr6834,RR6834,David Webb,David Webb Platinum & 18K Yellow Gold Black Enamel Cushion Clip-On Earrings,ACTIVE,Earrings,true,already-tagged-and-conditioned
bv-david-webb-platinum-18k-yellow-gold-light-blue-turquoise-vintage-ring-rr6833,RR6833,David Webb,David Webb Platinum & 18K Yellow Gold Light Blue Turquoise Vintage Ring,ACTIVE,Rings,true,already-tagged-and-conditioned
bv-david-webb-18k-yellow-gold-interlocking-crecent-hammered-brooch-rr6831,RR6831,David Webb,David Webb 18K Yellow Gold Interlocking Crecent Hammered Brooch,ACTIVE,Brooches,true,already-tagged-and-conditioned
bv-david-webb-platinum-18k-yellow-gold-checkerboard-dome-ring-rr6830,RR6830,David Webb,David Webb Platinum & 18K Yellow Gold Checkerboard Dome Ring,ACTIVE,Rings,true,already-tagged-and-conditioned
bv-david-webb-platinum-18k-yellow-gold-turquoise-diamond-flower-brooch-rr6802,RR6802,David Webb,"David Webb Platinum & 18K Yellow Gold Turquoise, Diamond Flower Brooch",ACTIVE,Brooches,true,already-tagged-and-conditioned
bv-david-webb-platinum-18k-yellow-gold-black-enamel-diamond-earrings-rr6797,RR6797,David Webb,David Webb Platinum & 18K Yellow Gold Black Enamel Diamond Earrings,ACTIVE,Earrings,true,already-tagged-and-conditioned
bv-david-webb-18k-yellow-gold-cameo-sagittarius-brooch-rr6783,RR6783,David Webb,David Webb 18K Yellow Gold Cameo Sagittarius Brooch,ACTIVE,Brooches,true,already-tagged-and-conditioned
bv-david-webb-18k-yellow-gold-ornate-crossover-diamond-bracelet-rr6779,RR6779,David Webb,David Webb 18K Yellow Gold Ornate Crossover Diamond Bracelet,ACTIVE,Bracelets,true,already-tagged-and-conditioned
bv-david-webb-1960s-impressive-25-carat-diamond-cluster-brooch-rr6774,RR6774,David Webb,David Webb 1960's Impressive 25 Carat Diamond Cluster Brooch,ACTIVE,Brooches,true,already-tagged-and-conditioned
bv-cartier-nigeria-18k-yellow-gold-sapphire-and-diamond-ring-rr5975,RR5975,Cartier,Cartier Nigeria 18K Yellow Gold Sapphire And Diamond Ring,ACTIVE,Rings,true,already-tagged-and-conditioned
bv-david-webb-platinum-18k-yellow-gold-1960s-diamond-ruby-and-turquoise-bangle-bracelet-rr6730,RR6730,David Webb,"David Webb Platinum & 18K Yellow Gold 1960's Diamond, Ruby And Turquoise Bangle Bracelet",ACTIVE,Bracelets,true,already-tagged-and-conditioned
bv-david-webb-platinum-18k-yellow-gold-oval-coral-and-round-cut-diamond-earrings-rr6712,RR6712,David Webb,David Webb Platinum & 18K Yellow Gold Oval Coral And Round Cut Diamond Earrings,ACTIVE,Earrings,true,already-tagged-and-conditioned
bv-david-webb-platinum-18k-yellow-gold-diamond-and-green-emerald-earrings-rr6711,RR6711,David Webb,David Webb Platinum & 18K Yellow Gold Diamond And Green Emerald Earrings,ACTIVE,Earrings,true,already-tagged-and-conditioned
bv-david-webb-platinum-18k-yellow-gold-2-13-carat-emerald-cut-turban-diamond-ring-rr6710,RR6710,David Webb,David Webb Platinum & 18K Yellow Gold 2.13 Carat Emerald Cut Turban Diamond Ring,ACTIVE,Rings,true,already-tagged-and-conditioned
bv-david-webb-platinum-18k-yellow-gold-checkerboard-green-red-enamel-and-diamonds-earrings-rr6702,RR6702,David Webb,"David Webb Platinum & 18K Yellow Gold Checkerboard Green, Red Enamel And Diamonds Earrings",ACTIVE,Earrings,true,already-tagged-and-conditioned
bv-david-webb-18k-yellow-gold-large-yellow-enamel-pyramid-earrings-rr6695,RR6695,David Webb,David Webb 18K Yellow Gold Large Yellow Enamel Pyramid Earrings,ACTIVE,Earrings,true,already-tagged-and-conditioned
bv-david-webb-18k-white-gold-black-enamel-tiger-brooch-rr6688,RR6688,David Webb,David Webb 18K White Gold Black Enamel Tiger Brooch,ACTIVE,Brooches,true,already-tagged-and-conditioned
bv-david-webb-platinum-18k-yellow-gold-ruby-diamond-and-lacquer-pendant-necklace-rr6664,RR6664,David Webb,"David Webb Platinum & 18K Yellow Gold Ruby, Diamond And Lacquer Pendant Necklace",ACTIVE,Necklaces,true,already-tagged-and-conditioned
bv-cartier-18k-yellow-gold-carved-lion-bangle-bracelet-rr6645,RR6645,Cartier,Cartier 18K Yellow Gold Carved Lion Bangle Bracelet,ACTIVE,Bracelets,true,already-tagged-and-conditioned
bv-david-webb-18k-yellow-gold-rock-crystal-lion-brooch-pendant-rr6633,RR6633,David Webb,David Webb 18K Yellow Gold Rock Crystal Lion Brooch Pendant,ACTIVE,Brooches,true,already-tagged-and-conditioned
bv-david-webb-platinum-18k-yellow-gold-garnet-turquoise-diamond-necklace-rr6622,RR6622,David Webb,"David Webb Platinum & 18K Yellow Gold Garnet, Turquoise & Diamond Necklace",ACTIVE,Necklaces,true,already-tagged-and-conditioned
bv-david-webb-platinum-18k-yellow-gold-multi-strand-lapis-coral-necklace-rr6619,RR6619,David Webb,"David Webb Platinum & 18K Yellow Gold Multi-Strand Lapis, Coral Necklace",ACTIVE,Necklaces,true,already-tagged-and-conditioned
bv-david-webb-1970s-platinum-18k-yellow-gold-coral-and-diamond-earrings-rr6609,RR6609,David Webb,David Webb 1970's Platinum & 18K Yellow Gold Coral And Diamond Earrings,ACTIVE,Earrings,true,already-tagged-and-conditioned
bv-david-webb-ram-head-blue-enamel-green-emeralds-cuff-links-and-stud-dress-set-rr6597,RR6597,David Webb,"David Webb Ram Head Blue Enamel, Green Emeralds Cuff Links And Stud Dress Set",ACTIVE,Cufflinks,true,already-tagged-and-conditioned
bv-david-webb-platinum-radiant-cut-diamond-12-92-carat-eternity-band-rr6588,RR6588,David Webb,David Webb Platinum Radiant Cut Diamond 12.92 Carat Eternity Band,ACTIVE,Rings,true,already-tagged-and-conditioned
bv-david-webb-carnelian-and-diamond-platinum-18k-yellow-gold-clip-earrings-rr6526,RR6526,David Webb,David Webb Carnelian And Diamond Platinum & 18K Yellow Gold Clip Earrings,ACTIVE,Earrings,true,already-tagged-and-conditioned
bv-david-webb-kingdom-18k-yellow-gold-two-snakes-emeralds-diamonds-interlocking-ring-rr6515,RR6515,David Webb,"David Webb Kingdom 18K Yellow Gold Two Snakes, Emeralds, Diamonds, Interlocking Ring",ACTIVE,Rings,true,already-tagged-and-conditioned
bv-david-webb-platinum-18k-yellow-gold-raja-tears-green-emeralds-rubies-diamonds-bracelet-rr6496,RR6496,David Webb,"David Webb Platinum & 18K Yellow Gold Raja Tears Green Emeralds, Rubies, Diamonds Bracelet",ACTIVE,Bracelets,true,already-tagged-and-conditioned
bv-david-webb-18k-yellow-gold-coral-and-white-enamel-multi-strand-necklace-rr6493,RR6493,David Webb,David Webb 18K Yellow Gold Coral And White Enamel Multi-Strand Necklace,ACTIVE,Necklaces,true,already-tagged-and-conditioned
bv-david-webb-platinum-18k-yellow-gold-cabochon-amethyst-diamond-and-emerald-earrings-rr6489,RR6489,David Webb,"David Webb Platinum & 18K Yellow Gold Cabochon Amethyst, Diamond And Emerald Earrings",ACTIVE,Earrings,true,already-tagged-and-conditioned
bv-david-webb-platinum-18k-yellow-gold-blue-enamel-and-diamond-bracelet-rr6486,RR6486,David Webb,David Webb Platinum & 18K Yellow Gold Blue Enamel And Diamond Bracelet,ACTIVE,Bracelets,true,title-vendor-already-ebay:bv-david-webb-platinum-18k-yellow-gold-blue-enamel-and-diamond-bracelet-rr6485
bv-david-webb-platinum-18k-yellow-gold-blue-enamel-and-diamond-bracelet-rr6485,RR6485,David Webb,David Webb Platinum & 18K Yellow Gold Blue Enamel And Diamond Bracelet,ACTIVE,Bracelets,true,title-vendor-already-ebay:bv-david-webb-platinum-18k-yellow-gold-blue-enamel-and-diamond-bracelet-rr6486
bv-david-webb-platinum-18k-yellow-gold-black-enamel-and-diamond-ring-rr6484,RR6484,David Webb,David Webb Platinum & 18K Yellow Gold Black Enamel And Diamond Ring,ACTIVE,Rings,true,title-vendor-already-ebay:bv-david-webb-platinum-18k-yellow-gold-black-enamel-and-diamond-ring-rr7429
bv-david-webb-18k-yellow-gold-frog-with-azurite-malachite-diamonds-ruby-brooch-rr6469,RR6469,David Webb,"David Webb 18K Yellow Gold Frog With Azurite-Malachite, Diamonds, Ruby Brooch",ACTIVE,Brooches,true,already-tagged-and-conditioned
bv-david-webb-platinum-18k-yellow-gold-cabochon-amethyst-and-diamonds-earrings-rr6468,RR6468,David Webb,David Webb Platinum & 18K Yellow Gold Cabochon Amethyst And Diamonds Earrings,ACTIVE,Earrings,true,already-tagged-and-conditioned
bv-david-webb-18k-yellow-gold-black-enamel-gold-spotted-earrings-rr6466,RR6466,David Webb,David Webb 18K Yellow Gold Black Enamel Gold Spotted Earrings,ACTIVE,Earrings,true,already-tagged-and-conditioned
bv-david-webb-crescent-platinum-18k-yellow-gold-black-enamel-diamonds-earrings-rr6448,RR6448,David Webb,David Webb Crescent Platinum & 18K Yellow Gold Black Enamel & Diamonds Earrings,ACTIVE,Earrings,true,already-tagged-and-conditioned
bv-david-webb-platinum-18k-yellow-gold-diamonds-cabochon-emeralds-bracelet-rr6436,RR6436,David Webb,"David Webb Platinum & 18K Yellow Gold Diamonds, Cabochon Emeralds Bracelet",ACTIVE,Bracelets,true,already-tagged-and-conditioned
bv-david-webb-lion-head-platinum-18k-yellow-gold-12-one-line-black-enamel-head-motifs-bracelet-rr6413,RR6413,David Webb,David Webb Lion Head Platinum & 18K Yellow Gold 12 One Line Black Enamel Head Motifs Bracelet,ACTIVE,Bracelets,true,already-tagged-and-conditioned
bv-david-webb-snowflake-platinum-18k-yellow-gold-onyx-webb-earrings-rr6403,RR6403,David Webb,David Webb Snowflake Platinum & 18K Yellow Gold Onyx Webb Earrings,ACTIVE,Earrings,true,already-tagged-and-conditioned
bv-david-webb-tiger-platinum-18k-yellow-gold-diamond-and-chrysoprave-brooch-rr6351,RR6351,David Webb,David Webb Tiger Platinum & 18K Yellow Gold Diamond And Chrysoprase Brooch,ACTIVE,Brooches,true,already-tagged-and-conditioned
bv-david-webb-crossover-platinum-18k-yellow-gold-carved-emerald-and-diamond-bracelet-rr6328,RR6328,David Webb,David Webb Crossover Platinum & 18K Yellow Gold Carved Emerald And Diamond Bracelet,ACTIVE,Bracelets,true,already-tagged-and-conditioned
bv-david-webb-jade-platinum-18k-yellow-gold-black-enamel-diamonds-ruby-ring-rr6327,RR6327,David Webb,"David Webb Jade Platinum & 18K Yellow Gold Black Enamel, Diamonds, Ruby Ring",ACTIVE,Rings,true,already-tagged-and-conditioned
bv-david-webb-turquoise-platinum-18k-yellow-gold-large-bead-strand-necklace-rr6294,RR6294,David Webb,David Webb Turquoise Platinum & 18K Yellow Gold Large Bead Strand Necklace,ACTIVE,Necklaces,true,already-tagged-and-conditioned
bv-david-webb-platinum-18k-white-gold-day-and-night-50-carat-diamond-earrings-rr6293,RR6293,David Webb,David Webb Platinum & 18K White Gold Day And Night 50 Carat Diamond Earrings,ACTIVE,Earrings,true,already-tagged-and-conditioned
bv-cartier-maillon-18k-white-gold-1-45cts-diamond-ring-rr6245,RR6245,Cartier,Cartier Maillon 18K White Gold 1.45cts Diamond Ring,ACTIVE,Rings,true,already-tagged-and-conditioned
bv-cartier-18k-yellow-gold-panthere-head-with-chain-silk-bracelet-bracelet-rr6235,RR6235,Cartier,Cartier 18K Yellow Gold Panthere Head With Chain Silk Bracelet Bracelet,ACTIVE,Bracelets,true,already-tagged-and-conditioned
bv-david-webb-18k-yellow-gold-rock-crystal-and-diamond-round-clip-on-earrings-rr6218,RR6218,David Webb,David Webb 18K Yellow Gold Rock Crystal And Diamond Round Clip-On Earrings,ACTIVE,Earrings,true,already-tagged-and-conditioned
bv-david-webb-platinum-18k-yellow-gold-arabesque-black-enamel-diamond-cuff-bangle-bracelet-rr6200,RR6200,David Webb,David Webb Platinum & 18K Yellow Gold Arabesque Black Enamel Diamond Cuff Bangle Bracelet,ACTIVE,Bracelets,true,already-tagged-and-conditioned
bv-david-webb-hammered-f-18k-yellow-gold-star-sapphire-ring-rr6170,RR6170,David Webb,David Webb Hammered F 18K Yellow Gold Star Sapphire Ring,ACTIVE,Rings,true,already-tagged-and-conditioned
bv-david-webb-coral-18k-yellow-gold-hoop-style-clip-on-earrings-rr6168,RR6168,David Webb,David Webb Coral 18K Yellow Gold Hoop Style Clip-On Earrings,ACTIVE,Earrings,true,already-tagged-and-conditioned
bv-david-webb-citrine-18k-yellow-gold-hexagon-ring-rr6148,RR6148,David Webb,David Webb Citrine 18K Yellow Gold Hexagon Ring,ACTIVE,Rings,true,already-tagged-and-conditioned
bv-david-webb-white-coral-18k-yellow-gold-clip-on-round-earrings-rr6146,RR6146,David Webb,David Webb White Coral 18K Yellow Gold Clip-On Round Earrings,ACTIVE,Earrings,true,already-tagged-and-conditioned
bv-david-webb-white-enamel-platinum-18k-yellow-gold-clip-on-earrings-rr6059,RR6059,David Webb,David Webb White Enamel Platinum & 18K Yellow Gold Clip-On Earrings,ACTIVE,Earrings,true,already-tagged-and-conditioned
bv-david-webb-18k-yellow-gold-oval-white-enamel-earrings-rr6048,RR6048,David Webb,David Webb 18K Yellow Gold Oval White Enamel Earrings,ACTIVE,Earrings,true,already-tagged-and-conditioned
bv-david-webb-18k-yellow-gold-turquoise-and-diamond-oval-clip-on-earrings-rr6046,RR6046,David Webb,David Webb 18K Yellow Gold Turquoise And Diamond Oval Clip-On Earrings,ACTIVE,Earrings,true,already-tagged-and-conditioned
bv-david-webb-enamel-platinum-18k-yellow-gold-diamond-clip-on-earrings-rr6025,RR6025,David Webb,David Webb Black Enamel And Diamond Round Clip-On Earrings,ACTIVE,Earrings,true,already-tagged-and-conditioned
bv-david-webb-hinge-collar-platinum-18k-yellow-gold-2-50-carat-diamond-necklace-rr6024,RR6024,David Webb,David Webb Hinge Collar Platinum & 18K Yellow Gold 2.50 Carat Diamond Necklace,ACTIVE,Necklaces,true,already-tagged-and-conditioned
bv-david-webb-white-enamel-platinum-18k-yellow-gold-bombe-gold-checkerboard-clip-on-earrings-rr6004,RR6004,David Webb,David Webb White Enamel Platinum & 18K Yellow Gold Bombe Gold Checkerboard Clip-On Earrings,ACTIVE,Earrings,true,already-tagged-and-conditioned
bv-david-webb-1970s-platinum-18k-yellow-gold-round-cabochon-coral-clip-on-earrings-rr5944,RR5944,David Webb,David Webb 1970's Platinum & 18K Yellow Gold Round Cabochon Coral Clip-On Earrings,ACTIVE,Earrings,true,already-tagged-and-conditioned
bv-david-webb-1980s-platinum-18k-yellow-gold-black-enamel-diamond-earrings-rr5832,RR5832,David Webb,David Webb 1980's Platinum & 18K Yellow Gold Black Enamel Diamond Earrings,ACTIVE,Earrings,true,already-tagged-and-conditioned
bv-david-webb-kingdom-platinum-18k-yellow-gold-diamond-tiger-chrysoprase-brooch-rr5824,RR5824,David Webb,David Webb Kingdom Platinum & 18K Yellow Gold Diamond Tiger Chrysoprase Brooch,ACTIVE,Brooches,true,already-tagged-and-conditioned
van-cleef-1940s-rr5823,RR5823,Van Cleef & Arpels,Pre-Owned Van Cleef & Arpels 1940's 18K Yellow Gold Vintage Retro Diamond Wrist Women Watch,ARCHIVED,Watch,false,watch
bv-david-webb-azurmalachite-platinum-18k-yellow-gold-diamond-earrings-rr5803,RR5803,David Webb,David Webb Azurmalachite Platinum & 18K Yellow Gold & Diamond Earrings,ARCHIVED,Earrings,false,status:ARCHIVED
bv-david-webb-coral-platinum-18k-yellow-gold-black-enamel-and-diamond-earrings-rr5652,RR5652,David Webb,David Webb Coral Platinum & 18K Yellow Gold Black Enamel And Diamond Earrings,ACTIVE,Earrings,true,already-tagged-and-conditioned
bv-david-webb-platinum-coral-and-diamond-drop-convertable-earrings-rr5647,RR5647,David Webb,David Webb Platinum Coral And Diamond Drop Convertable Earrings,ACTIVE,Earrings,true,already-tagged-and-conditioned
bv-david-webb-multicolor-platinum-18k-yellow-gold-emeralds-ruby-sapphire-diamonds-earrings-rr5615,RR5615,David Webb,"David Webb Multicolor Platinum & 18K Yellow Gold Emeralds, Ruby, Sapphire, Diamonds Earrings",ACTIVE,Earrings,true,already-tagged-and-conditioned
bv-david-webb-1970s-platinum-18k-yellow-gold-2-75-carat-large-lapis-lazuli-earrings-rr5563,RR5563,David Webb,David Webb 1970's Platinum & 18K Yellow Gold 2.75 Carat Large Lapis Lazuli Earrings,ACTIVE,Earrings,true,already-tagged-and-conditioned
bv-david-webb-platinum-pearl-diamond-ruby-earrings-rr5463,RR5463,David Webb,"David Webb Platinum Pearl, Diamond & Ruby Earrings",ACTIVE,Earrings,true,already-tagged-and-conditioned
bv-david-webb-kingdom-platinum-18k-yellow-gold-white-enamel-aries-ram-bracelet-rr5411,RR5411,David Webb,David Webb Kingdom Platinum & 18K Yellow Gold White Enamel Aries Ram Bracelet,ACTIVE,Bracelets,true,already-tagged-and-conditioned
bv-david-webb-platinum-18k-yellow-gold-green-enamel-shrimp-clip-on-earrings-rr5392,RR5392,David Webb,David Webb Platinum & 18K Yellow Gold Green Enamel Shrimp Clip-On Earrings,ACTIVE,Earrings,true,already-tagged-and-conditioned
bv-david-webb-platinum-18k-yellow-gold-oval-shaped-blue-turquoise-diamond-clip-on-earrings-rr5385,RR5385,David Webb,David Webb Platinum & 18K Yellow Gold Oval Shaped Blue Turquoise Diamond Clip-On Earrings,ACTIVE,Earrings,true,already-tagged-and-conditioned
bv-david-webb-platinum-18k-yellow-gold-black-enamel-diamond-bombe-shrimp-earrings-rr5369,RR5369,David Webb,David Webb Platinum & 18K Yellow Gold Black Enamel Diamond Bombe Shrimp Earrings,ACTIVE,Earrings,true,already-tagged-and-conditioned
bv-david-webb-18k-yellow-gold-white-enamel-bombe-ring-rr5368,RR5368,David Webb,David Webb 18K Yellow Gold White Enamel Bombe Ring,ACTIVE,Rings,true,already-tagged-and-conditioned
bv-david-webb-platinum-18k-white-gold-white-pearl-diamond-bracelet-rr5356,RR5356,David Webb,David Webb Platinum & 18K White Gold White Pearl & Diamond Bracelet,ACTIVE,Bracelets,true,already-tagged-and-conditioned
bv-david-webb-platinum-18k-yellow-gold-domed-coral-diamond-earrings-rr5339,RR5339,David Webb,David Webb Platinum & 18K Yellow Gold Domed Coral Diamond Earrings,ACTIVE,Earrings,true,already-tagged-and-conditioned
bv-van-cleef-arpels-platinum-12-50-cttw-diamond-brooch-rr5327,RR5327,Van Cleef & Arpels,Van Cleef & Arpels Platinum 12.50 CTTW Diamond Brooch,ACTIVE,Brooches,true,already-tagged-and-conditioned
bv-david-webb-platinum-18k-yellow-gold-black-enamel-large-square-cushion-shape-clip-on-earrings-rr5323,RR5323,David Webb,David Webb Platinum & 18K Yellow Gold Black Enamel Large Square Cushion Shape Clip-On Earrings,ACTIVE,Earrings,true,already-tagged-and-conditioned
bv-david-webb-platinum-18k-yellow-gold-black-enamel-clip-on-earrings-rr5320,RR5320,David Webb,David Webb Platinum & 18K Yellow Gold Black Enamel Clip-On Earrings,ACTIVE,Earrings,true,already-tagged-and-conditioned
bv-cartier-1950s-platinum-foliate-design-with-center-cushion-cut-diamond-1-35-e-vs2-gia-brooch-rr5302,RR5302,Cartier,Cartier 1950's Platinum Foliate Design With Center Cushion Cut Diamond 1.35 E/vs2 GIA Brooch,ACTIVE,Brooches,true,already-tagged-and-conditioned
bv-david-webb-elephant-platinum-18k-yellow-gold-rock-crystal-elephant-brooch-rr5253,RR5253,David Webb,David Webb Elephant Platinum & 18K Yellow Gold Rock Crystal Elephant Brooch,ACTIVE,Brooches,true,already-tagged-and-conditioned
bv-david-webb-kingdom-platinum-18k-yellow-gold-white-enamel-panther-with-diamond-collar-brooch-rr5219,RR5219,David Webb,David Webb Kingdom Platinum & 18K Yellow Gold White Enamel Panther With Diamond Collar Brooch,ACTIVE,Brooches,true,already-tagged-and-conditioned
bv-david-webb-kingdom-platinum-18k-yellow-gold-green-enamel-frog-brooch-rr5151,RR5151,David Webb,David Webb Kingdom Platinum & 18K Yellow Gold Green Enamel Frog Brooch,ACTIVE,Brooches,true,already-tagged-and-conditioned
bv-david-webb-platinum-18k-yellow-gold-carved-coral-bangle-bracelet-rr5117,RR5117,David Webb,David Webb Platinum & 18K Yellow Gold Carved Coral Bangle Bracelet,ACTIVE,Bracelets,true,already-tagged-and-conditioned
bv-david-webb-platinum-18k-yellow-gold-green-emeralds-diamonds-brooch-rr5103,RR5103,David Webb,"David Webb Platinum & 18K Yellow Gold Green Emeralds & Diamonds, Brooch",ACTIVE,Brooches,true,already-tagged-and-conditioned
bv-cartier-panthere-18k-yellow-gold-french-diamond-pearl-cat-brooch-rr5051,RR5051,Cartier,Cartier Panthere 18K Yellow Gold French Diamond & Pearl Cat Brooch,ACTIVE,Brooches,true,already-tagged-and-conditioned
bv-david-webb-platinum-18k-yellow-gold-hammered-quartz-clip-on-earrings-rr5008,RR5008,David Webb,David Webb Platinum & 18K Yellow Gold Hammered Quartz Clip-On Earrings,ACTIVE,Earrings,true,already-tagged-and-conditioned
bv-cartier-trinity-18k-yellow-gold-diamond-spotted-lacquer-slip-on-bracelet-rr4973,RR4973,Cartier,Cartier Trinity 18K Yellow Gold Diamond Spotted Lacquer Slip On Bracelet,ACTIVE,Bracelets,true,already-tagged-and-conditioned
bv-david-webb-platinum-18k-yellow-gold-black-and-white-bombe-diamond-enamel-ring-rr4809,RR4809,David Webb,David Webb Platinum & 18K Yellow Gold Black And White Bombe Diamond Enamel Ring,ARCHIVED,Rings,false,status:ARCHIVED
bv-van-cleef-arpels-circa-1950s-platinum-18k-yellow-gold-snowflake-diamond-bracelet-rr4686,RR4686,Van Cleef & Arpels,Van Cleef & Arpels Circa 1950's Platinum & 18K Yellow Gold Snowflake Diamond Bracelet,ACTIVE,Bracelets,true,already-tagged-and-conditioned
bv-cartier-maillon-18k-yellow-gold-2-60cts-diamond-ring-rr4582,RR4582,Cartier,Cartier Maillon 18K Yellow Gold 2.60cts Diamond Ring,ACTIVE,Rings,true,already-tagged-and-conditioned
bv-van-cleef-arpels-circa-1970s-18k-yellow-gold-42-00cts-ganse-diamond-necklace-rr4452,RR4452,Van Cleef & Arpels,"Van Cleef & Arpels Circa 1970's 18K Yellow Gold 42.00cts ""ganse"" Diamond Necklace",ACTIVE,Necklaces,true,already-tagged-and-conditioned
bv-david-webb-circa-1970s-platinum-18k-yellow-gold-ruby-emerald-sapphire-earrings-rr4391,RR4391,David Webb,"David Webb Circa 1970's Platinum & 18K Yellow Gold Ruby, Emerald, Sapphire Earrings",ACTIVE,Earrings,true,already-tagged-and-conditioned
bv-david-webb-kingdom-18k-yellow-gold-green-enamel-frog-pendant-rr4261,RR4261,David Webb,David Webb Kingdom 18K Yellow Gold Green Enamel Frog Pendant,ACTIVE,Pendants,true,already-tagged-and-conditioned
bv-cartier-panthere-18k-yellow-gold-lacquer-head-pendant-rr4230,RR4230,Cartier,Cartier Panthere 18K Yellow Gold Lacquer Head Pendant,ACTIVE,Pendants,true,already-tagged-and-conditioned
bv-david-webb-flower-platinum-18k-yellow-gold-12-50-carats-enteremblant-diamond-brooch-rr4198,RR4198,David Webb,David Webb Flower Platinum & 18K Yellow Gold 12.50 Carats Enteremblant Diamond Brooch,ACTIVE,Brooches,true,already-tagged-and-conditioned
bv-cartier-panthere-18k-yellow-gold-hinged-cuff-bracelet-rr4151,RR4151,Cartier,Cartier Panthere 18K Yellow Gold Hinged Cuff Bracelet,ACTIVE,Bracelets,true,already-tagged-and-conditioned
bv-cartier-art-deco-18k-yellow-gold-lipstick-gold-black-enamel-jewelry-rr4065,RR4065,Cartier,Cartier Art Deco 18K Yellow Gold Lipstick - Gold & Black Enamel Jewelry,ACTIVE,Jewelry,true,sku-already-ebay:cartier-art-deco-18k-yellow-gold-lipstick-gold-black-enamel-jewelry-rr4065
bv-david-webb-panthere-platinum-18k-white-gold-19-27-cttw-diamond-brooch-rr4040,RR4040,David Webb,David Webb Panthere Platinum & 18K White Gold 19.27 CTTW Diamond Brooch,ACTIVE,Brooches,true,already-tagged-and-conditioned
bv-cartier-tremblant-18k-white-gold-diamond-sapphire-and-ruby-clip-on-earrings-rr4022,RR4022,Cartier,"Cartier Tremblant 18K White Gold Diamond, Sapphire And Ruby Clip-On Earrings",ACTIVE,Earrings,true,already-tagged-and-conditioned
bv-david-webb-platinum-18k-white-gold-40-00-carat-old-cut-diamond-brooch-rr3990,RR3990,David Webb,David Webb Platinum & 18K White Gold 40.00 Carat Old Cut Diamond Brooch,ACTIVE,Brooches,true,already-tagged-and-conditioned
bv-cartier-trinity-18k-two-tone-celestial-tri-color-diamond-bangle-bracelet-rr3979,RR3979,Cartier,Cartier Trinity 18K Two Tone Celestial Tri Color Diamond Bangle Bracelet,ACTIVE,Bracelets,true,already-tagged-and-conditioned
bv-van-cleef-arpels-french-18k-yellow-gold-1965-coral-rose-brooch-rr3974,RR3974,Van Cleef & Arpels,Van Cleef & Arpels French 18K Yellow Gold 1965 Coral Rose Brooch,ACTIVE,Brooches,true,already-tagged-and-conditioned
bv-david-webb-platinum-18k-yellow-gold-5-50-carat-diamond-oval-citrine-ring-rr3936,RR3936,David Webb,"David Webb Platinum & 18K Yellow Gold 5.50 Carat Diamond, Oval Citrine Ring",ACTIVE,Rings,true,already-tagged-and-conditioned
bv-david-webb-circa-1960s-platinum-moonstonesapphire-and-diamonds-brooch-rr3935,RR3935,David Webb,"David Webb Circa 1960's Platinum Moonstone,sapphire And Diamonds Brooch",ACTIVE,Brooches,true,already-tagged-and-conditioned
bv-david-webb-bombe-platinum-56-84-carats-hanging-door-knocker-earrings-rr3917,RR3917,David Webb,David Webb Bombe Platinum 56.84 Carats Hanging Door Knocker Earrings,ACTIVE,Earrings,true,already-tagged-and-conditioned
bv-david-webb-18k-yellow-gold-diamond-emerald-bead-clip-on-earrings-rr3902,RR3902,David Webb,David Webb 18K Yellow Gold Diamond & Emerald Bead Clip-On Earrings,ACTIVE,Earrings,true,already-tagged-and-conditioned
bv-david-webb-18k-yellow-gold-ruby-and-diamond-fan-earrings-rr3831,RR3831,David Webb,David Webb 18K Yellow Gold Ruby And Diamond Fan Earrings,ACTIVE,Earrings,true,already-tagged-and-conditioned
bv-david-webb-platinum-18k-yellow-gold-large-fluted-coral-white-enamel-diamond-ring-rr3806,RR3806,David Webb,"David Webb Platinum & 18K Yellow Gold Large Fluted Coral, White Enamel, Diamond Ring",ACTIVE,Rings,true,already-tagged-and-conditioned
bv-david-webb-platinum-18k-yellow-gold-20-00-carats-diamond-double-clip-convertable-brooch-rr3367,RR3367,David Webb,David Webb Platinum & 18K Yellow Gold 20.00 Carats Diamond Double Clip Convertable Brooch,ACTIVE,Brooches,true,already-tagged-and-conditioned
bv-boucheron-18k-yellow-gold-green-emerald-vintage-round-slip-on-bangle-bracelet-rr4564,RR4564,Boucheron,Boucheron 18K Yellow Gold Green Emerald Vintage Round Slip-On Bangle Bracelet,ACTIVE,Bracelets,true,already-tagged-and-conditioned
bv-angela-cummings-18k-white-gold-black-jade-gold-studded-earrings-rr6402,RR6402,Angela Cummings,"Angela Cummings 18K White Gold Black Jade, Gold Studded Earrings",ACTIVE,Earrings,true,already-tagged-and-conditioned
bv-aletto-brothers-18k-yellow-gold-diamonds-lapis-agate-jewelry-set-rr3793,RR3793,Aletto Brothers,"Aletto Brothers 18K Yellow Gold Diamonds, Lapis, Agate Jewelry Set",ACTIVE,Jewelry,true,already-tagged-and-conditioned
bv-bvlgari-tubogas-18k-yellow-gold-square-shape-black-diamond-dial-f078-flex-ladies-watch-rr5576,RR5576,Bvlgari,Pre-Owned Bvlgari Quadrato Tubogas Gold Diamond Dial F078 Flex Women Watch,ACTIVE,Watch,true,watch
bv-chanel-18k-yellow-gold-multicolor-gemstone-and-diamond-collar-necklace-rr3868,RR3868,Chanel,Chanel 18K Yellow Gold Multicolor Gemstone And Diamond Collar Necklace,ACTIVE,Necklaces,true,already-tagged-and-conditioned
bv-chopard-18k-white-gold-classique-femme-secret-compartment-diamond-watch-rr4616,RR4616,Chopard,Pre-Owned Chopard 18K White Gold Classique Femme Secret Compartment Diamond Women Watch,ACTIVE,Watch,true,watch
bv-tiffany-co-schlumberger-platinum-18k-yellow-gold-blue-enamel-cuff-links-rr5796,RR5796,Tiffany & Co.,Tiffany & Co. Schlumberger Platinum & 18K Yellow Gold Blue Enamel Cuff Links,ACTIVE,Cufflinks,true,sku-already-ebay:tiffany-co-schlumberger-platinum-18k-yellow-gold-blue-enamel-cuff-links-rr5796
bv-tiffany-co-schlumberger-18k-yellow-gold-blue-enamel-heart-motif-earrings-rr5591,RR5591,Tiffany & Co.,Tiffany & Co. Schlumberger 18K Yellow Gold Blue Enamel Heart Motif Earrings,ACTIVE,Earrings,true,sku-already-ebay:tiffany-co-schlumberger-18k-yellow-gold-blue-enamel-heart-motif-earrings-rr5591
bv-tiffany-co-circa-1990-18k-yellow-gold-yellow-sapphire-amethyst-tsavorite-diamond-earrings-brooch-jewelry-set-rr4697,RR4697,Tiffany & Co.,Tiffany & Co. Circa 1990 18K Yellow Gold Yellow Sapphire Amethyst Tsavorite & Diamond Earrings & Brooch Jewelry Set,ACTIVE,Jewelry,true,already-tagged-and-conditioned
bv-graff-18k-white-gold-medallion-shape-diamond-pave-earrings-rr4443,RR4443,Graff,Graff 18K White Gold Medallion Shape Diamond Pave Earrings,ACTIVE,Earrings,true,already-tagged-and-conditioned
bv-tiffany-co-18k-yellow-gold-cultured-pearl-coral-and-chrysoprase-clip-on-earrings-rr4386,RR4386,Tiffany & Co.,Tiffany & Co. 18K Yellow Gold Cultured Pearl Coral And Chrysoprase Clip-On Earrings,ACTIVE,Earrings,true,already-tagged-and-conditioned
bv-chanel-18k-yellow-gold-premier-diamond-black-dial-watch-rr4018,RR4018,Chanel,Pre-Owned Chanel 18K Yellow Gold Premier Diamond Black Dial Women Watch,ACTIVE,Watch,true,watch
bv-graff-18k-white-gold-multicolor-sapphire-diamond-chandelier-earrings-rr3598,RR3598,Graff,Graff 18K White Gold Multicolor Sapphire & Diamond Chandelier Earrings,ACTIVE,Earrings,true,already-tagged-and-conditioned
bv-chopard-18k-white-gold-diamond-pendant-rr1295,RR1295,Chopard,Chopard 18K White Gold Diamond Pendant,ACTIVE,Pendants,true,already-tagged-and-conditioned
bv-tiffany-co-charm-platinum-7-charm-diamond-bracelet-j10625,J10625,Tiffany & Co.,Tiffany & Co. Charm Platinum 7 Charm Diamond Bracelet,ACTIVE,Bracelets,true,already-tagged-and-conditioned
bv-tiffany-co-schlumberger-18k-yellow-gold-paillonne-blue-enamel-cones-bangle-bracelet-j10615,J10615,Tiffany & Co.,Tiffany & Co. Schlumberger 18K Yellow Gold Paillonne Blue Enamel Cones Bangle Bracelet,ACTIVE,Bracelets,true,already-tagged-and-conditioned
bv-tiffany-co-18k-yellow-gold-circa-1970s-30-inch-bamboo-finish-necklace-j10574,J10574,Tiffany & Co.,Tiffany & Co. 18K Yellow Gold Circa 1970's 30 Inch Bamboo Finish Necklace,ACTIVE,Necklaces,true,already-tagged-and-conditioned
bv-tiffany-co-18k-yellow-gold-toucan-enamel-bird-brooch-j10573,J10573,Tiffany & Co.,Tiffany & Co. 18K Yellow Gold Toucan Enamel Bird Brooch,ACTIVE,Brooches,true,already-tagged-and-conditioned
bv-tiffany-co-18k-yellow-gold-zodiac-libra-1970s-44-5mm-diamond-medallion-pendant-j10572,J10572,Tiffany & Co.,Tiffany & Co. 18K Yellow Gold Zodiac Libra 1970's 44.5mm Diamond Medallion Pendant,ACTIVE,Pendants,true,already-tagged-and-conditioned
bv-chopard-happy-diamonds-18k-yellow-gold-happy-diamonds-heart-ring-j10552,J10552,Chopard,Chopard Happy Diamonds 18K Yellow Gold Happy Diamonds Heart Ring,ACTIVE,Rings,true,already-tagged-and-conditioned
bv-chopard-18k-white-gold-sapphire-mens-cuff-links-j10551,J10551,Chopard,Chopard 18K White Gold Sapphire Mens Cuff Links,ACTIVE,Cufflinks,true,already-tagged-and-conditioned
bv-van-cleef-arpels-1940s-18k-yellow-gold-vintage-retro-diamond-wrist-watch-rr5823,RR5823,Van Cleef & Arpels,Pre-Owned Van Cleef & Arpels 1940's 18K Yellow Gold Vintage Retro Diamond Wrist Women Watch,ACTIVE,Watch,true,watch
bv-van-cleef-arpels-alhambra-18k-yellow-gold-blue-agate-20-motif-necklace-j10636,J10636,Van Cleef & Arpels,Van Cleef & Arpels Alhambra 18K Yellow Gold Blue Agate 20 Motif Necklace,ACTIVE,Necklaces,true,already-tagged-and-conditioned
bv-van-cleef-arpels-frivole-18k-yellow-gold-9-flowers-diamond-motifs-necklace-j10581,J10581,Van Cleef & Arpels,Van Cleef & Arpels Frivole 18K Yellow Gold 9 Flowers Diamond Motifs Necklace,ACTIVE,Necklaces,true,already-tagged-and-conditioned
bv-van-cleef-arpels-frivole-18k-yellow-gold-diamond-flower-in-between-the-finger-ring-j10580,J10580,Van Cleef & Arpels,Van Cleef & Arpels Frivole 18K Yellow Gold Diamond Flower In Between The Finger Ring,ACTIVE,Rings,true,already-tagged-and-conditioned
bv-van-cleef-arpels-18k-yellow-gold-coral-diamond-philippine-ring-j10576,J10576,Van Cleef & Arpels,Van Cleef & Arpels 18K Yellow Gold Coral Diamond Philippine Ring,ACTIVE,Rings,true,already-tagged-and-conditioned
bv-van-cleef-arpels-onyx-18k-yellow-gold-diamond-philippine-ring-j10575,J10575,Van Cleef & Arpels,Van Cleef & Arpels Onyx 18K Yellow Gold Diamond Philippine Ring,ACTIVE,Rings,true,already-tagged-and-conditioned
bv-boucheron-18k-yellow-gold-old-european-cut-13-00cttw-diamond-necklace-j10585,J10585,Boucheron,Boucheron 18K Yellow Gold Old European Cut 13.00cttw Diamond Necklace,ACTIVE,Necklaces,true,already-tagged-and-conditioned
bv-cartier-18k-white-gold-10-diamond-love-with-screw-driver-sz19-bracelet-rr7549,RR7549,Cartier,Cartier 18K White Gold 10 Diamond Love With Screw Driver Sz19 Bracelet,ACTIVE,Bracelets,true,already-tagged-and-conditioned
bv-david-webb-platinum-18k-yellow-gold-cabochon-cut-turquoise-flower-clip-on-earrings-rr9020,RR9020,David Webb,David Webb Platinum & 18K Yellow Gold Cabochon Cut Turquoise Flower Clip-On Earrings,ACTIVE,Earrings,true,already-tagged-and-conditioned
